records_path	original_path	bytes
tmp-records/align-compare/A/measurements.json	/home/user/yolo-web/tmp/align-compare/A/measurements.json	4931
tmp-records/align-compare/A/w1280_1-top_full.png	/home/user/yolo-web/tmp/align-compare/A/w1280_1-top_full.png	288617
tmp-records/align-compare/A/w1280_1-top_lower.png	/home/user/yolo-web/tmp/align-compare/A/w1280_1-top_lower.png	71781
tmp-records/align-compare/A/w1280_1-top_upper.png	/home/user/yolo-web/tmp/align-compare/A/w1280_1-top_upper.png	94185
tmp-records/align-compare/A/w1280_2-age_full.png	/home/user/yolo-web/tmp/align-compare/A/w1280_2-age_full.png	165606
tmp-records/align-compare/A/w1280_2-age_share-related.png	/home/user/yolo-web/tmp/align-compare/A/w1280_2-age_share-related.png	37788
tmp-records/align-compare/A/w1280_2-age_upper.png	/home/user/yolo-web/tmp/align-compare/A/w1280_2-age_upper.png	26962
tmp-records/align-compare/A/w1280_3-password_disabled.png	/home/user/yolo-web/tmp/align-compare/A/w1280_3-password_disabled.png	41942
tmp-records/align-compare/A/w1280_3-password_full.png	/home/user/yolo-web/tmp/align-compare/A/w1280_3-password_full.png	168440
tmp-records/align-compare/A/w1280_4-blog2_full.png	/home/user/yolo-web/tmp/align-compare/A/w1280_4-blog2_full.png	592924
tmp-records/align-compare/A/w1280_4-blog2_pagination.png	/home/user/yolo-web/tmp/align-compare/A/w1280_4-blog2_pagination.png	30274
tmp-records/align-compare/A/w1280_4-blog2_upper.png	/home/user/yolo-web/tmp/align-compare/A/w1280_4-blog2_upper.png	130719
tmp-records/align-compare/A/w1280_5-age_focus-button.png	/home/user/yolo-web/tmp/align-compare/A/w1280_5-age_focus-button.png	73274
tmp-records/align-compare/A/w1280_5-age_focus-nav.png	/home/user/yolo-web/tmp/align-compare/A/w1280_5-age_focus-nav.png	17343
tmp-records/align-compare/A/w1280_5-blog2_focus-nav.png	/home/user/yolo-web/tmp/align-compare/A/w1280_5-blog2_focus-nav.png	34223
tmp-records/align-compare/A/w1280_5-blog2_focus-pagination.png	/home/user/yolo-web/tmp/align-compare/A/w1280_5-blog2_focus-pagination.png	122662
tmp-records/align-compare/A/w320_1-top_full.png	/home/user/yolo-web/tmp/align-compare/A/w320_1-top_full.png	264653
tmp-records/align-compare/A/w320_1-top_lower.png	/home/user/yolo-web/tmp/align-compare/A/w320_1-top_lower.png	49121
tmp-records/align-compare/A/w320_1-top_upper.png	/home/user/yolo-web/tmp/align-compare/A/w320_1-top_upper.png	54990
tmp-records/align-compare/A/w320_2-age_full.png	/home/user/yolo-web/tmp/align-compare/A/w320_2-age_full.png	147271
tmp-records/align-compare/A/w320_2-age_share-related.png	/home/user/yolo-web/tmp/align-compare/A/w320_2-age_share-related.png	35554
tmp-records/align-compare/A/w320_2-age_upper.png	/home/user/yolo-web/tmp/align-compare/A/w320_2-age_upper.png	23590
tmp-records/align-compare/A/w320_3-password_disabled.png	/home/user/yolo-web/tmp/align-compare/A/w320_3-password_disabled.png	37799
tmp-records/align-compare/A/w320_3-password_full.png	/home/user/yolo-web/tmp/align-compare/A/w320_3-password_full.png	157260
tmp-records/align-compare/A/w320_4-blog2_full.png	/home/user/yolo-web/tmp/align-compare/A/w320_4-blog2_full.png	417342
tmp-records/align-compare/A/w320_4-blog2_pagination.png	/home/user/yolo-web/tmp/align-compare/A/w320_4-blog2_pagination.png	16165
tmp-records/align-compare/A/w320_4-blog2_upper.png	/home/user/yolo-web/tmp/align-compare/A/w320_4-blog2_upper.png	46021
tmp-records/align-compare/A/w320_5-age_focus-button.png	/home/user/yolo-web/tmp/align-compare/A/w320_5-age_focus-button.png	55371
tmp-records/align-compare/A/w320_5-age_focus-nav.png	/home/user/yolo-web/tmp/align-compare/A/w320_5-age_focus-nav.png	13438
tmp-records/align-compare/A/w320_5-blog2_focus-nav.png	/home/user/yolo-web/tmp/align-compare/A/w320_5-blog2_focus-nav.png	13570
tmp-records/align-compare/A/w320_5-blog2_focus-pagination.png	/home/user/yolo-web/tmp/align-compare/A/w320_5-blog2_focus-pagination.png	52191
tmp-records/cycle-316/r2-_blog_redos-defense-web-worker-terminate-1280-16-dark-focus.png	/home/user/yolo-web/tmp/cycle-316/r2-_blog_redos-defense-web-worker-terminate-1280-16-dark-focus.png	13175
tmp-records/cycle-316/r2-_blog_redos-defense-web-worker-terminate-1280-16-dark-hover.png	/home/user/yolo-web/tmp/cycle-316/r2-_blog_redos-defense-web-worker-terminate-1280-16-dark-hover.png	13133
tmp-records/cycle-316/r2-_blog_redos-defense-web-worker-terminate-1280-16-dark.png	/home/user/yolo-web/tmp/cycle-316/r2-_blog_redos-defense-web-worker-terminate-1280-16-dark.png	13133
tmp-records/cycle-316/r2-_blog_redos-defense-web-worker-terminate-1280-16-light-focus.png	/home/user/yolo-web/tmp/cycle-316/r2-_blog_redos-defense-web-worker-terminate-1280-16-light-focus.png	12807
tmp-records/cycle-316/r2-_blog_redos-defense-web-worker-terminate-1280-16-light-hover.png	/home/user/yolo-web/tmp/cycle-316/r2-_blog_redos-defense-web-worker-terminate-1280-16-light-hover.png	12766
tmp-records/cycle-316/r2-_blog_redos-defense-web-worker-terminate-1280-16-light.png	/home/user/yolo-web/tmp/cycle-316/r2-_blog_redos-defense-web-worker-terminate-1280-16-light.png	12766
tmp-records/cycle-316/r2-_blog_redos-defense-web-worker-terminate-320-32-dark-focus.png	/home/user/yolo-web/tmp/cycle-316/r2-_blog_redos-defense-web-worker-terminate-320-32-dark-focus.png	27333
tmp-records/cycle-316/r2-_blog_redos-defense-web-worker-terminate-320-32-dark-hover.png	/home/user/yolo-web/tmp/cycle-316/r2-_blog_redos-defense-web-worker-terminate-320-32-dark-hover.png	27210
tmp-records/cycle-316/r2-_blog_redos-defense-web-worker-terminate-320-32-dark.png	/home/user/yolo-web/tmp/cycle-316/r2-_blog_redos-defense-web-worker-terminate-320-32-dark.png	27210
tmp-records/cycle-316/r2-_blog_redos-defense-web-worker-terminate-320-32-light-focus.png	/home/user/yolo-web/tmp/cycle-316/r2-_blog_redos-defense-web-worker-terminate-320-32-light-focus.png	26540
tmp-records/cycle-316/r2-_blog_redos-defense-web-worker-terminate-320-32-light-hover.png	/home/user/yolo-web/tmp/cycle-316/r2-_blog_redos-defense-web-worker-terminate-320-32-light-hover.png	26463
tmp-records/cycle-316/r2-_blog_redos-defense-web-worker-terminate-320-32-light.png	/home/user/yolo-web/tmp/cycle-316/r2-_blog_redos-defense-web-worker-terminate-320-32-light.png	26463
tmp-records/cycle-316/r2-_dictionary_colors_toki-320-32-dark-focus.png	/home/user/yolo-web/tmp/cycle-316/r2-_dictionary_colors_toki-320-32-dark-focus.png	8488
tmp-records/cycle-316/r2-_dictionary_colors_toki-320-32-dark-hover.png	/home/user/yolo-web/tmp/cycle-316/r2-_dictionary_colors_toki-320-32-dark-hover.png	8474
tmp-records/cycle-316/r2-_dictionary_colors_toki-320-32-dark.png	/home/user/yolo-web/tmp/cycle-316/r2-_dictionary_colors_toki-320-32-dark.png	8474
tmp-records/cycle-316/r2-_dictionary_colors_toki-320-32-light-focus.png	/home/user/yolo-web/tmp/cycle-316/r2-_dictionary_colors_toki-320-32-light-focus.png	8375
tmp-records/cycle-316/r2-_dictionary_colors_toki-320-32-light-hover.png	/home/user/yolo-web/tmp/cycle-316/r2-_dictionary_colors_toki-320-32-light-hover.png	8346
tmp-records/cycle-316/r2-_dictionary_colors_toki-320-32-light.png	/home/user/yolo-web/tmp/cycle-316/r2-_dictionary_colors_toki-320-32-light.png	8346
tmp-records/cycle-316/r2-_play_animal-personality_result_nihon-zaru-375-32-dark-focus.png	/home/user/yolo-web/tmp/cycle-316/r2-_play_animal-personality_result_nihon-zaru-375-32-dark-focus.png	16113
tmp-records/cycle-316/r2-_play_animal-personality_result_nihon-zaru-375-32-dark-hover.png	/home/user/yolo-web/tmp/cycle-316/r2-_play_animal-personality_result_nihon-zaru-375-32-dark-hover.png	16141
tmp-records/cycle-316/r2-_play_animal-personality_result_nihon-zaru-375-32-dark.png	/home/user/yolo-web/tmp/cycle-316/r2-_play_animal-personality_result_nihon-zaru-375-32-dark.png	16078
tmp-records/cycle-316/r2-_play_animal-personality_result_nihon-zaru-375-32-light-focus.png	/home/user/yolo-web/tmp/cycle-316/r2-_play_animal-personality_result_nihon-zaru-375-32-light-focus.png	15685
tmp-records/cycle-316/r2-_play_animal-personality_result_nihon-zaru-375-32-light-hover.png	/home/user/yolo-web/tmp/cycle-316/r2-_play_animal-personality_result_nihon-zaru-375-32-light-hover.png	15702
tmp-records/cycle-316/r2-_play_animal-personality_result_nihon-zaru-375-32-light.png	/home/user/yolo-web/tmp/cycle-316/r2-_play_animal-personality_result_nihon-zaru-375-32-light.png	15648
tmp-records/cycle-316/r2-_play_impossible-advice_result_conversationsamurai-1280-32-dark-focus.png	/home/user/yolo-web/tmp/cycle-316/r2-_play_impossible-advice_result_conversationsamurai-1280-32-dark-focus.png	13585
tmp-records/cycle-316/r2-_play_impossible-advice_result_conversationsamurai-1280-32-dark-hover.png	/home/user/yolo-web/tmp/cycle-316/r2-_play_impossible-advice_result_conversationsamurai-1280-32-dark-hover.png	13599
tmp-records/cycle-316/r2-_play_impossible-advice_result_conversationsamurai-1280-32-dark.png	/home/user/yolo-web/tmp/cycle-316/r2-_play_impossible-advice_result_conversationsamurai-1280-32-dark.png	13544
tmp-records/cycle-316/r2-_play_impossible-advice_result_conversationsamurai-1280-32-light-focus.png	/home/user/yolo-web/tmp/cycle-316/r2-_play_impossible-advice_result_conversationsamurai-1280-32-light-focus.png	13317
tmp-records/cycle-316/r2-_play_impossible-advice_result_conversationsamurai-1280-32-light-hover.png	/home/user/yolo-web/tmp/cycle-316/r2-_play_impossible-advice_result_conversationsamurai-1280-32-light-hover.png	13327
tmp-records/cycle-316/r2-_play_impossible-advice_result_conversationsamurai-1280-32-light.png	/home/user/yolo-web/tmp/cycle-316/r2-_play_impossible-advice_result_conversationsamurai-1280-32-light.png	13276
tmp-records/cycle-316/r2-_play_science-thinking_result_einstein-320-16-dark-focus.png	/home/user/yolo-web/tmp/cycle-316/r2-_play_science-thinking_result_einstein-320-16-dark-focus.png	10083
tmp-records/cycle-316/r2-_play_science-thinking_result_einstein-320-16-dark-hover.png	/home/user/yolo-web/tmp/cycle-316/r2-_play_science-thinking_result_einstein-320-16-dark-hover.png	10100
tmp-records/cycle-316/r2-_play_science-thinking_result_einstein-320-16-dark.png	/home/user/yolo-web/tmp/cycle-316/r2-_play_science-thinking_result_einstein-320-16-dark.png	10022
tmp-records/cycle-316/r2-_play_science-thinking_result_einstein-320-16-light-focus.png	/home/user/yolo-web/tmp/cycle-316/r2-_play_science-thinking_result_einstein-320-16-light-focus.png	9721
tmp-records/cycle-316/r2-_play_science-thinking_result_einstein-320-16-light-hover.png	/home/user/yolo-web/tmp/cycle-316/r2-_play_science-thinking_result_einstein-320-16-light-hover.png	9757
tmp-records/cycle-316/r2-_play_science-thinking_result_einstein-320-16-light.png	/home/user/yolo-web/tmp/cycle-316/r2-_play_science-thinking_result_einstein-320-16-light.png	9684
tmp-records/cycle-316/r2-_play_science-thinking_result_einstein-320-32-dark-focus.png	/home/user/yolo-web/tmp/cycle-316/r2-_play_science-thinking_result_einstein-320-32-dark-focus.png	22232
tmp-records/cycle-316/r2-_play_science-thinking_result_einstein-320-32-dark-hover.png	/home/user/yolo-web/tmp/cycle-316/r2-_play_science-thinking_result_einstein-320-32-dark-hover.png	22266
tmp-records/cycle-316/r2-_play_science-thinking_result_einstein-320-32-dark.png	/home/user/yolo-web/tmp/cycle-316/r2-_play_science-thinking_result_einstein-320-32-dark.png	22181
tmp-records/cycle-316/r2-_play_science-thinking_result_einstein-320-32-light-focus.png	/home/user/yolo-web/tmp/cycle-316/r2-_play_science-thinking_result_einstein-320-32-light-focus.png	21580
tmp-records/cycle-316/r2-_play_science-thinking_result_einstein-320-32-light-hover.png	/home/user/yolo-web/tmp/cycle-316/r2-_play_science-thinking_result_einstein-320-32-light-hover.png	21607
tmp-records/cycle-316/r2-_play_science-thinking_result_einstein-320-32-light.png	/home/user/yolo-web/tmp/cycle-316/r2-_play_science-thinking_result_einstein-320-32-light.png	21508
tmp-records/cycle-316/r2-_play_science-thinking_result_einstein-375-16-dark-focus.png	/home/user/yolo-web/tmp/cycle-316/r2-_play_science-thinking_result_einstein-375-16-dark-focus.png	9799
tmp-records/cycle-316/r2-_play_science-thinking_result_einstein-375-16-dark-hover.png	/home/user/yolo-web/tmp/cycle-316/r2-_play_science-thinking_result_einstein-375-16-dark-hover.png	9825
tmp-records/cycle-316/r2-_play_science-thinking_result_einstein-375-16-dark.png	/home/user/yolo-web/tmp/cycle-316/r2-_play_science-thinking_result_einstein-375-16-dark.png	9775
tmp-records/cycle-316/r2-_play_science-thinking_result_einstein-375-16-light-focus.png	/home/user/yolo-web/tmp/cycle-316/r2-_play_science-thinking_result_einstein-375-16-light-focus.png	9447
tmp-records/cycle-316/r2-_play_science-thinking_result_einstein-375-16-light-hover.png	/home/user/yolo-web/tmp/cycle-316/r2-_play_science-thinking_result_einstein-375-16-light-hover.png	9471
tmp-records/cycle-316/r2-_play_science-thinking_result_einstein-375-16-light.png	/home/user/yolo-web/tmp/cycle-316/r2-_play_science-thinking_result_einstein-375-16-light.png	9418
tmp-records/cycle-316/r2-_play_traditional-color_result_ai-320-32-dark-focus.png	/home/user/yolo-web/tmp/cycle-316/r2-_play_traditional-color_result_ai-320-32-dark-focus.png	16342
tmp-records/cycle-316/r2-_play_traditional-color_result_ai-320-32-dark-hover.png	/home/user/yolo-web/tmp/cycle-316/r2-_play_traditional-color_result_ai-320-32-dark-hover.png	16406
tmp-records/cycle-316/r2-_play_traditional-color_result_ai-320-32-dark.png	/home/user/yolo-web/tmp/cycle-316/r2-_play_traditional-color_result_ai-320-32-dark.png	16307
tmp-records/cycle-316/r2-_play_traditional-color_result_ai-320-32-light-focus.png	/home/user/yolo-web/tmp/cycle-316/r2-_play_traditional-color_result_ai-320-32-light-focus.png	15920
tmp-records/cycle-316/r2-_play_traditional-color_result_ai-320-32-light-hover.png	/home/user/yolo-web/tmp/cycle-316/r2-_play_traditional-color_result_ai-320-32-light-hover.png	15981
tmp-records/cycle-316/r2-_play_traditional-color_result_ai-320-32-light.png	/home/user/yolo-web/tmp/cycle-316/r2-_play_traditional-color_result_ai-320-32-light.png	15874
tmp-records/cycle-316/r2-_tools_traditional-color-palette-320-32-dark-focus.png	/home/user/yolo-web/tmp/cycle-316/r2-_tools_traditional-color-palette-320-32-dark-focus.png	8375
tmp-records/cycle-316/r2-_tools_traditional-color-palette-320-32-dark-hover.png	/home/user/yolo-web/tmp/cycle-316/r2-_tools_traditional-color-palette-320-32-dark-hover.png	8347
tmp-records/cycle-316/r2-_tools_traditional-color-palette-320-32-dark.png	/home/user/yolo-web/tmp/cycle-316/r2-_tools_traditional-color-palette-320-32-dark.png	8347
tmp-records/cycle-316/r2-_tools_traditional-color-palette-320-32-light-focus.png	/home/user/yolo-web/tmp/cycle-316/r2-_tools_traditional-color-palette-320-32-light-focus.png	8171
tmp-records/cycle-316/r2-_tools_traditional-color-palette-320-32-light-hover.png	/home/user/yolo-web/tmp/cycle-316/r2-_tools_traditional-color-palette-320-32-light-hover.png	8135
tmp-records/cycle-316/r2-_tools_traditional-color-palette-320-32-light.png	/home/user/yolo-web/tmp/cycle-316/r2-_tools_traditional-color-palette-320-32-light.png	8135
tmp-records/cycle-316/r2-after.pid	/home/user/yolo-web/tmp/cycle-316/r2-after.pid	6
tmp-records/cycle-316/r2-base-build.log	/home/user/yolo-web/tmp/cycle-316/r2-base-build.log	18527
tmp-records/cycle-316/r2-base-server.log	/home/user/yolo-web/tmp/cycle-316/r2-base-server.log	390
tmp-records/cycle-316/r2-base-server.pid	/home/user/yolo-web/tmp/cycle-316/r2-base-server.pid	5
tmp-records/cycle-316/r2-before.pid	/home/user/yolo-web/tmp/cycle-316/r2-before.pid	6
tmp-records/cycle-316/r2-build.log	/home/user/yolo-web/tmp/cycle-316/r2-build.log	18517
tmp-records/cycle-316/r2-cron-375-16-base.png	/home/user/yolo-web/tmp/cycle-316/r2-cron-375-16-base.png	31624
tmp-records/cycle-316/r2-cron-375-16-new.png	/home/user/yolo-web/tmp/cycle-316/r2-cron-375-16-new.png	35903
tmp-records/cycle-316/r2-server.log	/home/user/yolo-web/tmp/cycle-316/r2-server.log	695
tmp-records/cycle-316/r2-server.pid	/home/user/yolo-web/tmp/cycle-316/r2-server.pid	6
tmp-records/cycle-316/r2-urls.txt	/home/user/yolo-web/tmp/cycle-316/r2-urls.txt	18697
tmp-records/cycle-316/r3/announce.mjs	/home/user/yolo-web/tmp/cycle-316/r3/announce.mjs	3398
tmp-records/cycle-316/r3/blog-index-dark-1280.png	/home/user/yolo-web/tmp/cycle-316/r3/blog-index-dark-1280.png	130680
tmp-records/cycle-316/r3/blog-index-dark-320.png	/home/user/yolo-web/tmp/cycle-316/r3/blog-index-dark-320.png	45345
tmp-records/cycle-316/r3/blog-index-dark-375.png	/home/user/yolo-web/tmp/cycle-316/r3/blog-index-dark-375.png	58076
tmp-records/cycle-316/r3/blog-index-light-1280.png	/home/user/yolo-web/tmp/cycle-316/r3/blog-index-light-1280.png	126446
tmp-records/cycle-316/r3/blog-index-light-320.png	/home/user/yolo-web/tmp/cycle-316/r3/blog-index-light-320.png	43493
tmp-records/cycle-316/r3/blog-index-light-375.png	/home/user/yolo-web/tmp/cycle-316/r3/blog-index-light-375.png	55650
tmp-records/cycle-316/r3/collate.ts	/home/user/yolo-web/tmp/cycle-316/r3/collate.ts	2723
tmp-records/cycle-316/r3/cron-dark-1280.png	/home/user/yolo-web/tmp/cycle-316/r3/cron-dark-1280.png	95653
tmp-records/cycle-316/r3/cron-dark-320.png	/home/user/yolo-web/tmp/cycle-316/r3/cron-dark-320.png	58897
tmp-records/cycle-316/r3/cron-dark-375.png	/home/user/yolo-web/tmp/cycle-316/r3/cron-dark-375.png	71397
tmp-records/cycle-316/r3/cron-light-1280.png	/home/user/yolo-web/tmp/cycle-316/r3/cron-light-1280.png	93635
tmp-records/cycle-316/r3/cron-light-320.png	/home/user/yolo-web/tmp/cycle-316/r3/cron-light-320.png	57936
tmp-records/cycle-316/r3/cron-light-375.png	/home/user/yolo-web/tmp/cycle-316/r3/cron-light-375.png	69987
tmp-records/cycle-316/r3/date-dark-1280.png	/home/user/yolo-web/tmp/cycle-316/r3/date-dark-1280.png	80102
tmp-records/cycle-316/r3/date-dark-320.png	/home/user/yolo-web/tmp/cycle-316/r3/date-dark-320.png	36481
tmp-records/cycle-316/r3/date-dark-375.png	/home/user/yolo-web/tmp/cycle-316/r3/date-dark-375.png	45858
tmp-records/cycle-316/r3/date-light-1280.png	/home/user/yolo-web/tmp/cycle-316/r3/date-light-1280.png	78867
tmp-records/cycle-316/r3/date-light-320.png	/home/user/yolo-web/tmp/cycle-316/r3/date-light-320.png	35796
tmp-records/cycle-316/r3/date-light-375.png	/home/user/yolo-web/tmp/cycle-316/r3/date-light-375.png	44991
tmp-records/cycle-316/r3/kanji-200pct-1280.png	/home/user/yolo-web/tmp/cycle-316/r3/kanji-200pct-1280.png	109904
tmp-records/cycle-316/r3/kanji-200pct-320.png	/home/user/yolo-web/tmp/cycle-316/r3/kanji-200pct-320.png	54142
tmp-records/cycle-316/r3/kanji-200pct-375.png	/home/user/yolo-web/tmp/cycle-316/r3/kanji-200pct-375.png	61154
tmp-records/cycle-316/r3/kanji-index-dark-1280.png	/home/user/yolo-web/tmp/cycle-316/r3/kanji-index-dark-1280.png	58610
tmp-records/cycle-316/r3/kanji-index-dark-320.png	/home/user/yolo-web/tmp/cycle-316/r3/kanji-index-dark-320.png	42592
tmp-records/cycle-316/r3/kanji-index-dark-375.png	/home/user/yolo-web/tmp/cycle-316/r3/kanji-index-dark-375.png	49232
tmp-records/cycle-316/r3/kanji-index-light-1280.png	/home/user/yolo-web/tmp/cycle-316/r3/kanji-index-light-1280.png	57071
tmp-records/cycle-316/r3/kanji-index-light-320.png	/home/user/yolo-web/tmp/cycle-316/r3/kanji-index-light-320.png	41199
tmp-records/cycle-316/r3/kanji-index-light-375.png	/home/user/yolo-web/tmp/cycle-316/r3/kanji-index-light-375.png	47628
tmp-records/cycle-316/r3/kind.mjs	/home/user/yolo-web/tmp/cycle-316/r3/kind.mjs	1150
tmp-records/cycle-316/r3/others.mjs	/home/user/yolo-web/tmp/cycle-316/r3/others.mjs	2657
tmp-records/cycle-316/r3/ring-dark-1280.png	/home/user/yolo-web/tmp/cycle-316/r3/ring-dark-1280.png	10608
tmp-records/cycle-316/r3/ring-dark-320.png	/home/user/yolo-web/tmp/cycle-316/r3/ring-dark-320.png	11558
tmp-records/cycle-316/r3/ring-dark-375.png	/home/user/yolo-web/tmp/cycle-316/r3/ring-dark-375.png	11700
tmp-records/cycle-316/r3/ring-light-1280.png	/home/user/yolo-web/tmp/cycle-316/r3/ring-light-1280.png	10272
tmp-records/cycle-316/r3/ring-light-320.png	/home/user/yolo-web/tmp/cycle-316/r3/ring-light-320.png	11217
tmp-records/cycle-316/r3/ring-light-375.png	/home/user/yolo-web/tmp/cycle-316/r3/ring-light-375.png	11369
tmp-records/cycle-316/r3/server.log	/home/user/yolo-web/tmp/cycle-316/r3/server.log	390
tmp-records/cycle-316/r3/shots.mjs	/home/user/yolo-web/tmp/cycle-316/r3/shots.mjs	2690
tmp-records/cycle-316/r3/story-linkindex-dark-1280.png	/home/user/yolo-web/tmp/cycle-316/r3/story-linkindex-dark-1280.png	41681
tmp-records/cycle-316/r3/story-linkindex-dark-320.png	/home/user/yolo-web/tmp/cycle-316/r3/story-linkindex-dark-320.png	36741
tmp-records/cycle-316/r3/story-linkindex-dark-375.png	/home/user/yolo-web/tmp/cycle-316/r3/story-linkindex-dark-375.png	36676
tmp-records/cycle-316/r3/story-linkindex-light-1280.png	/home/user/yolo-web/tmp/cycle-316/r3/story-linkindex-light-1280.png	40907
tmp-records/cycle-316/r3/story-linkindex-light-320.png	/home/user/yolo-web/tmp/cycle-316/r3/story-linkindex-light-320.png	35937
tmp-records/cycle-316/r3/story-linkindex-light-375.png	/home/user/yolo-web/tmp/cycle-316/r3/story-linkindex-light-375.png	35852
tmp-records/cycle-316/r3/yoji-index-dark-1280.png	/home/user/yolo-web/tmp/cycle-316/r3/yoji-index-dark-1280.png	101647
tmp-records/cycle-316/r3/yoji-index-dark-320.png	/home/user/yolo-web/tmp/cycle-316/r3/yoji-index-dark-320.png	51205
tmp-records/cycle-316/r3/yoji-index-dark-375.png	/home/user/yolo-web/tmp/cycle-316/r3/yoji-index-dark-375.png	73805
tmp-records/cycle-316/r3/yoji-index-light-1280.png	/home/user/yolo-web/tmp/cycle-316/r3/yoji-index-light-1280.png	98080
tmp-records/cycle-316/r3/yoji-index-light-320.png	/home/user/yolo-web/tmp/cycle-316/r3/yoji-index-light-320.png	49345
tmp-records/cycle-316/r3/yoji-index-light-375.png	/home/user/yolo-web/tmp/cycle-316/r3/yoji-index-light-375.png	71088
tmp-records/cycle-316/r3/zoom.mjs	/home/user/yolo-web/tmp/cycle-316/r3/zoom.mjs	1737
tmp-records/cycle-316/review-cleanup/all.sh	/home/user/yolo-web/tmp/cycle-316/review-cleanup/all.sh	333
tmp-records/cycle-316/review-cleanup/build.sh	/home/user/yolo-web/tmp/cycle-316/review-cleanup/build.sh	806
tmp-records/cycle-316/review-cleanup/cmp.js	/home/user/yolo-web/tmp/cycle-316/review-cleanup/cmp.js	1153
tmp-records/cycle-316/review-cleanup/cmp2.js	/home/user/yolo-web/tmp/cycle-316/review-cleanup/cmp2.js	1155
tmp-records/cycle-316/review-cleanup/copy-after.jsonl	/home/user/yolo-web/tmp/cycle-316/review-cleanup/copy-after.jsonl	633
tmp-records/cycle-316/review-cleanup/copy-before.jsonl	/home/user/yolo-web/tmp/cycle-316/review-cleanup/copy-before.jsonl	633
tmp-records/cycle-316/review-cleanup/copybtn.mjs	/home/user/yolo-web/tmp/cycle-316/review-cleanup/copybtn.mjs	1970
tmp-records/cycle-316/review-cleanup/play.mjs	/home/user/yolo-web/tmp/cycle-316/review-cleanup/play.mjs	6238
tmp-records/cycle-316/review-cleanup/res-after-natural.jsonl	/home/user/yolo-web/tmp/cycle-316/review-cleanup/res-after-natural.jsonl	22368
tmp-records/cycle-316/review-cleanup/res-after-top.jsonl	/home/user/yolo-web/tmp/cycle-316/review-cleanup/res-after-top.jsonl	23462
tmp-records/cycle-316/review-cleanup/res-before-natural.jsonl	/home/user/yolo-web/tmp/cycle-316/review-cleanup/res-before-natural.jsonl	22360
tmp-records/cycle-316/review-cleanup/res-before-top.jsonl	/home/user/yolo-web/tmp/cycle-316/review-cleanup/res-before-top.jsonl	23454
tmp-records/cycle-316/review-cleanup/res2-after-natural.jsonl	/home/user/yolo-web/tmp/cycle-316/review-cleanup/res2-after-natural.jsonl	11132
tmp-records/cycle-316/review-cleanup/res2-after-top.jsonl	/home/user/yolo-web/tmp/cycle-316/review-cleanup/res2-after-top.jsonl	13086
tmp-records/cycle-316/review-cleanup/res2-before-natural.jsonl	/home/user/yolo-web/tmp/cycle-316/review-cleanup/res2-before-natural.jsonl	11124
tmp-records/cycle-316/review-cleanup/res2-before-top.jsonl	/home/user/yolo-web/tmp/cycle-316/review-cleanup/res2-before-top.jsonl	13078
tmp-records/cycle-316/review-cleanup/serve.sh	/home/user/yolo-web/tmp/cycle-316/review-cleanup/serve.sh	668
tmp-records/cycle-316/review-headings-2/an.js	/home/user/yolo-web/tmp/cycle-316/review-headings-2/an.js	1759
tmp-records/cycle-316/review-headings-2/an16.txt	/home/user/yolo-web/tmp/cycle-316/review-headings-2/an16.txt	5749
tmp-records/cycle-316/review-headings-2/an32.txt	/home/user/yolo-web/tmp/cycle-316/review-headings-2/an32.txt	24379
tmp-records/cycle-316/review-headings-2/ap-1280.txt	/home/user/yolo-web/tmp/cycle-316/review-headings-2/ap-1280.txt	15501
tmp-records/cycle-316/review-headings-2/ap-320.txt	/home/user/yolo-web/tmp/cycle-316/review-headings-2/ap-320.txt	18354
tmp-records/cycle-316/review-headings-2/ap-375.txt	/home/user/yolo-web/tmp/cycle-316/review-headings-2/ap-375.txt	16520
tmp-records/cycle-316/review-headings-2/ap.js	/home/user/yolo-web/tmp/cycle-316/review-headings-2/ap.js	1579
tmp-records/cycle-316/review-headings-2/ax-after.json	/home/user/yolo-web/tmp/cycle-316/review-headings-2/ax-after.json	209230
tmp-records/cycle-316/review-headings-2/ax-before.json	/home/user/yolo-web/tmp/cycle-316/review-headings-2/ax-before.json	207246
tmp-records/cycle-316/review-headings-2/ax.js	/home/user/yolo-web/tmp/cycle-316/review-headings-2/ax.js	1147
tmp-records/cycle-316/review-headings-2/axt.js	/home/user/yolo-web/tmp/cycle-316/review-headings-2/axt.js	680
tmp-records/cycle-316/review-headings-2/base.json	/home/user/yolo-web/tmp/cycle-316/review-headings-2/base.json	34836
tmp-records/cycle-316/review-headings-2/build-after.log	/home/user/yolo-web/tmp/cycle-316/review-headings-2/build-after.log	18011
tmp-records/cycle-316/review-headings-2/build-before.log	/home/user/yolo-web/tmp/cycle-316/review-headings-2/build-before.log	17985
tmp-records/cycle-316/review-headings-2/c32.js	/home/user/yolo-web/tmp/cycle-316/review-headings-2/c32.js	1033
tmp-records/cycle-316/review-headings-2/cnt.js	/home/user/yolo-web/tmp/cycle-316/review-headings-2/cnt.js	1414
tmp-records/cycle-316/review-headings-2/copy.js	/home/user/yolo-web/tmp/cycle-316/review-headings-2/copy.js	934
tmp-records/cycle-316/review-headings-2/dash.js	/home/user/yolo-web/tmp/cycle-316/review-headings-2/dash.js	713
tmp-records/cycle-316/review-headings-2/data-after-16.json	/home/user/yolo-web/tmp/cycle-316/review-headings-2/data-after-16.json	1447545
tmp-records/cycle-316/review-headings-2/data-after-32.json	/home/user/yolo-web/tmp/cycle-316/review-headings-2/data-after-32.json	1457443
tmp-records/cycle-316/review-headings-2/data-before-16.json	/home/user/yolo-web/tmp/cycle-316/review-headings-2/data-before-16.json	1435309
tmp-records/cycle-316/review-headings-2/data-before-32.json	/home/user/yolo-web/tmp/cycle-316/review-headings-2/data-before-32.json	1444552
tmp-records/cycle-316/review-headings-2/data-chromium-16-blog.json	/home/user/yolo-web/tmp/cycle-316/review-headings-2/data-chromium-16-blog.json	819944
tmp-records/cycle-316/review-headings-2/dsum.js	/home/user/yolo-web/tmp/cycle-316/review-headings-2/dsum.js	725
tmp-records/cycle-316/review-headings-2/inc.js	/home/user/yolo-web/tmp/cycle-316/review-headings-2/inc.js	1005
tmp-records/cycle-316/review-headings-2/list.js	/home/user/yolo-web/tmp/cycle-316/review-headings-2/list.js	997
tmp-records/cycle-316/review-headings-2/measure-raw.js	/home/user/yolo-web/tmp/cycle-316/review-headings-2/measure-raw.js	4054
tmp-records/cycle-316/review-headings-2/measure.js	/home/user/yolo-web/tmp/cycle-316/review-headings-2/measure.js	4104
tmp-records/cycle-316/review-headings-2/one.js	/home/user/yolo-web/tmp/cycle-316/review-headings-2/one.js	569
tmp-records/cycle-316/review-headings-2/pb.ts	/home/user/yolo-web/tmp/cycle-316/review-headings-2/pb.ts	21299
tmp-records/cycle-316/review-headings-2/probe.ts	/home/user/yolo-web/tmp/cycle-316/review-headings-2/probe.ts	251
tmp-records/cycle-316/review-headings-2/rv/data-after-16.json	/home/user/yolo-web/tmp/cycle-316/review-headings-2/rv/data-after-16.json	1447133
tmp-records/cycle-316/review-headings-2/rv/data-after-32.json	/home/user/yolo-web/tmp/cycle-316/review-headings-2/rv/data-after-32.json	1457000
tmp-records/cycle-316/review-headings-2/shot-after-1280-dark-mode-toggle.png	/home/user/yolo-web/tmp/cycle-316/review-headings-2/shot-after-1280-dark-mode-toggle.png	33201
tmp-records/cycle-316/review-headings-2/shot-after-1280-json-formatter-guide.png	/home/user/yolo-web/tmp/cycle-316/review-headings-2/shot-after-1280-json-formatter-guide.png	24094
tmp-records/cycle-316/review-headings-2/shot-after-1280-tools-expansion-10-to-30.png	/home/user/yolo-web/tmp/cycle-316/review-headings-2/shot-after-1280-tools-expansion-10-to-30.png	44266
tmp-records/cycle-316/review-headings-2/shot-after-320-cron-cheatsheet.png	/home/user/yolo-web/tmp/cycle-316/review-headings-2/shot-after-320-cron-cheatsheet.png	15292
tmp-records/cycle-316/review-headings-2/shot-after-375-ai-agent-concept-rethink-3.png	/home/user/yolo-web/tmp/cycle-316/review-headings-2/shot-after-375-ai-agent-concept-rethink-3.png	984
tmp-records/cycle-316/review-headings-2/shot-after-375-choosing-html-tags-by-meaning.png	/home/user/yolo-web/tmp/cycle-316/review-headings-2/shot-after-375-choosing-html-tags-by-meaning.png	18628
tmp-records/cycle-316/review-headings-2/shot-before-1280-dark-mode-toggle.png	/home/user/yolo-web/tmp/cycle-316/review-headings-2/shot-before-1280-dark-mode-toggle.png	33447
tmp-records/cycle-316/review-headings-2/shot-before-1280-grid-column-and-dom-order.png	/home/user/yolo-web/tmp/cycle-316/review-headings-2/shot-before-1280-grid-column-and-dom-order.png	42810
tmp-records/cycle-316/review-headings-2/shot-before-1280-tools-expansion-10-to-30.png	/home/user/yolo-web/tmp/cycle-316/review-headings-2/shot-before-1280-tools-expansion-10-to-30.png	44254
tmp-records/cycle-316/review-headings-2/shot-before-320-cron-cheatsheet.png	/home/user/yolo-web/tmp/cycle-316/review-headings-2/shot-before-320-cron-cheatsheet.png	15346
tmp-records/cycle-316/review-headings-2/shot-before-320-workflow-skill-based-autonomous-operation.png	/home/user/yolo-web/tmp/cycle-316/review-headings-2/shot-before-320-workflow-skill-based-autonomous-operation.png	23625
tmp-records/cycle-316/review-headings-2/shot-before-375-ai-agent-concept-rethink-3-workflow-limits.png	/home/user/yolo-web/tmp/cycle-316/review-headings-2/shot-before-375-ai-agent-concept-rethink-3-workflow-limits.png	25735
tmp-records/cycle-316/review-headings-2/shot-before-375-choosing-html-tags-by-meaning.png	/home/user/yolo-web/tmp/cycle-316/review-headings-2/shot-before-375-choosing-html-tags-by-meaning.png	18329
tmp-records/cycle-316/review-headings-2/shots.js	/home/user/yolo-web/tmp/cycle-316/review-headings-2/shots.js	1109
tmp-records/cycle-316/review-headings-2/simanalyze.js	/home/user/yolo-web/tmp/cycle-316/review-headings-2/simanalyze.js	2235
tmp-records/cycle-316/review-headings-2/start-after.log	/home/user/yolo-web/tmp/cycle-316/review-headings-2/start-after.log	392
tmp-records/cycle-316/review-headings-2/start-before.log	/home/user/yolo-web/tmp/cycle-316/review-headings-2/start-before.log	392
tmp-records/cycle-316/review-headings-2/urls.json	/home/user/yolo-web/tmp/cycle-316/review-headings-2/urls.json	13035
tmp-records/cycle-316/review-headings/analyze.ts	/home/user/yolo-web/tmp/cycle-316/review-headings/analyze.ts	4746
tmp-records/cycle-316/review-headings/base.json	/home/user/yolo-web/tmp/cycle-316/review-headings/base.json	34836
tmp-records/cycle-316/review-headings/build-after.log	/home/user/yolo-web/tmp/cycle-316/review-headings/build-after.log	8488
tmp-records/cycle-316/review-headings/build-before.log	/home/user/yolo-web/tmp/cycle-316/review-headings/build-before.log	8438
tmp-records/cycle-316/review-headings/cmp-worse-16.txt	/home/user/yolo-web/tmp/cycle-316/review-headings/cmp-worse-16.txt	781
tmp-records/cycle-316/review-headings/cmp-worse-32.txt	/home/user/yolo-web/tmp/cycle-316/review-headings/cmp-worse-32.txt	14178
tmp-records/cycle-316/review-headings/cmp.js	/home/user/yolo-web/tmp/cycle-316/review-headings/cmp.js	1519
tmp-records/cycle-316/review-headings/data-after-16.json	/home/user/yolo-web/tmp/cycle-316/review-headings/data-after-16.json	1447151
tmp-records/cycle-316/review-headings/data-after-16.review.json	/home/user/yolo-web/tmp/cycle-316/review-headings/data-after-16.review.json	1447655
tmp-records/cycle-316/review-headings/data-after-32.json	/home/user/yolo-web/tmp/cycle-316/review-headings/data-after-32.json	1457027
tmp-records/cycle-316/review-headings/data-after-32.review.json	/home/user/yolo-web/tmp/cycle-316/review-headings/data-after-32.review.json	1457599
tmp-records/cycle-316/review-headings/data-before-16.json	/home/user/yolo-web/tmp/cycle-316/review-headings/data-before-16.json	1435331
tmp-records/cycle-316/review-headings/data-before-32-misc.json	/home/user/yolo-web/tmp/cycle-316/review-headings/data-before-32-misc.json	15446
tmp-records/cycle-316/review-headings/data-before-32.json	/home/user/yolo-web/tmp/cycle-316/review-headings/data-before-32.json	1444567
tmp-records/cycle-316/review-headings/extra-wbr.txt	/home/user/yolo-web/tmp/cycle-316/review-headings/extra-wbr.txt	45425
tmp-records/cycle-316/review-headings/measure.js	/home/user/yolo-web/tmp/cycle-316/review-headings/measure.js	4104
tmp-records/cycle-316/review-headings/mkbase.ts	/home/user/yolo-web/tmp/cycle-316/review-headings/mkbase.ts	489
tmp-records/cycle-316/review-headings/paths.txt	/home/user/yolo-web/tmp/cycle-316/review-headings/paths.txt	18697
tmp-records/cycle-316/review-headings/pb-copy.ts	/home/user/yolo-web/tmp/cycle-316/review-headings/pb-copy.ts	22200
tmp-records/cycle-316/review-headings/perf.ts	/home/user/yolo-web/tmp/cycle-316/review-headings/perf.ts	1307
tmp-records/cycle-316/review-headings/probe.ts	/home/user/yolo-web/tmp/cycle-316/review-headings/probe.ts	436
tmp-records/cycle-316/review-headings/r2-onechar-320-32.txt	/home/user/yolo-web/tmp/cycle-316/review-headings/r2-onechar-320-32.txt	11796
tmp-records/cycle-316/review-headings/r2.js	/home/user/yolo-web/tmp/cycle-316/review-headings/r2.js	2697
tmp-records/cycle-316/review-headings/regress.txt	/home/user/yolo-web/tmp/cycle-316/review-headings/regress.txt	45474
tmp-records/cycle-316/review-headings/shot-1280-game-dictionary-layout-unification.png	/home/user/yolo-web/tmp/cycle-316/review-headings/shot-1280-game-dictionary-layout-unification.png	43261
tmp-records/cycle-316/review-headings/shot-1280-json-formatter-guide.png	/home/user/yolo-web/tmp/cycle-316/review-headings/shot-1280-json-formatter-guide.png	24481
tmp-records/cycle-316/review-headings/shot-1280-stop-piling-rules-give-ai-its-wish.png	/home/user/yolo-web/tmp/cycle-316/review-headings/shot-1280-stop-piling-rules-give-ai-its-wish.png	40380
tmp-records/cycle-316/review-headings/shot-1280-tools-expansion-10-to-30.png	/home/user/yolo-web/tmp/cycle-316/review-headings/shot-1280-tools-expansion-10-to-30.png	46020
tmp-records/cycle-316/review-headings/shot-320-cron-cheatsheet.png	/home/user/yolo-web/tmp/cycle-316/review-headings/shot-320-cron-cheatsheet.png	15346
tmp-records/cycle-316/review-headings/shot-375-ai-agent-verification-step-skip.png	/home/user/yolo-web/tmp/cycle-316/review-headings/shot-375-ai-agent-verification-step-skip.png	13667
tmp-records/cycle-316/review-headings/shots.js	/home/user/yolo-web/tmp/cycle-316/review-headings/shots.js	901
tmp-records/cycle-316/review-headings/sim-ap.js	/home/user/yolo-web/tmp/cycle-316/review-headings/sim-ap.js	2761
tmp-records/cycle-316/review-headings/sim-ap.json	/home/user/yolo-web/tmp/cycle-316/review-headings/sim-ap.json	118550
tmp-records/cycle-316/review-headings/sim-worse.txt	/home/user/yolo-web/tmp/cycle-316/review-headings/sim-worse.txt	45391
tmp-records/cycle-316/review-headings/sim.js	/home/user/yolo-web/tmp/cycle-316/review-headings/sim.js	2836
tmp-records/cycle-316/review-headings/sim.json	/home/user/yolo-web/tmp/cycle-316/review-headings/sim.json	439932
tmp-records/cycle-316/review-headings/simanalyze.js	/home/user/yolo-web/tmp/cycle-316/review-headings/simanalyze.js	2235
tmp-records/cycle-316/review-headings/sitemap.txt	/home/user/yolo-web/tmp/cycle-316/review-headings/sitemap.txt	28438
tmp-records/cycle-316/review-headings/start-after.log	/home/user/yolo-web/tmp/cycle-316/review-headings/start-after.log	616
tmp-records/cycle-316/review-headings/start-before.log	/home/user/yolo-web/tmp/cycle-316/review-headings/start-before.log	694
tmp-records/cycle-316/review-headings/summary-r2.txt	/home/user/yolo-web/tmp/cycle-316/review-headings/summary-r2.txt	5188
tmp-records/cycle-316/review-headings/summary.txt	/home/user/yolo-web/tmp/cycle-316/review-headings/summary.txt	5147
tmp-records/cycle-316/review-headings/urls.json	/home/user/yolo-web/tmp/cycle-316/review-headings/urls.json	13035
tmp-records/cycle-316/review-slider-2/score.ts	/home/user/yolo-web/tmp/cycle-316/review-slider-2/score.ts	1847
tmp-records/cycle-316/review-slider-3/e.html	/home/user/yolo-web/tmp/cycle-316/review-slider-3/e.html	695
tmp-records/cycle-316/review-slider-impl/build-before.log	/home/user/yolo-web/tmp/cycle-316/review-slider-impl/build-before.log	1733
tmp-records/cycle-316/review-slider-impl/build.log	/home/user/yolo-web/tmp/cycle-316/review-slider-impl/build.log	1751
tmp-records/cycle-316/review-slider-impl/build2.log	/home/user/yolo-web/tmp/cycle-316/review-slider-impl/build2.log	1545
tmp-records/cycle-316/review-slider-impl/cls.cjs	/home/user/yolo-web/tmp/cycle-316/review-slider-impl/cls.cjs	1390
tmp-records/cycle-316/review-slider-impl/game.cjs	/home/user/yolo-web/tmp/cycle-316/review-slider-impl/game.cjs	3458
tmp-records/cycle-316/review-slider-impl/glyph.cjs	/home/user/yolo-web/tmp/cycle-316/review-slider-impl/glyph.cjs	1077
tmp-records/cycle-316/review-slider-impl/interact.cjs	/home/user/yolo-web/tmp/cycle-316/review-slider-impl/interact.cjs	6085
tmp-records/cycle-316/review-slider-impl/layout.cjs	/home/user/yolo-web/tmp/cycle-316/review-slider-impl/layout.cjs	1662
tmp-records/cycle-316/review-slider-impl/lib.cjs	/home/user/yolo-web/tmp/cycle-316/review-slider-impl/lib.cjs	3826
tmp-records/cycle-316/review-slider-impl/pct.cjs	/home/user/yolo-web/tmp/cycle-316/review-slider-impl/pct.cjs	1341
tmp-records/cycle-316/review-slider-impl/probe.cjs	/home/user/yolo-web/tmp/cycle-316/review-slider-impl/probe.cjs	970
tmp-records/cycle-316/review-slider-impl/server-before.log	/home/user/yolo-web/tmp/cycle-316/review-slider-impl/server-before.log	390
tmp-records/cycle-316/review-slider-impl/server.log	/home/user/yolo-web/tmp/cycle-316/review-slider-impl/server.log	391
tmp-records/cycle-316/review-slider-impl/server2.log	/home/user/yolo-web/tmp/cycle-316/review-slider-impl/server2.log	390
tmp-records/cycle-316/review-slider-impl/shots.cjs	/home/user/yolo-web/tmp/cycle-316/review-slider-impl/shots.cjs	885
tmp-records/cycle-316/review-slider-impl/shots/after-ir-1280-16-dark.png	/home/user/yolo-web/tmp/cycle-316/review-slider-impl/shots/after-ir-1280-16-dark.png	83728
tmp-records/cycle-316/review-slider-impl/shots/after-ir-1280-16-light.png	/home/user/yolo-web/tmp/cycle-316/review-slider-impl/shots/after-ir-1280-16-light.png	82284
tmp-records/cycle-316/review-slider-impl/shots/after-ir-1280-32-dark.png	/home/user/yolo-web/tmp/cycle-316/review-slider-impl/shots/after-ir-1280-32-dark.png	106077
tmp-records/cycle-316/review-slider-impl/shots/after-ir-1280-32-light.png	/home/user/yolo-web/tmp/cycle-316/review-slider-impl/shots/after-ir-1280-32-light.png	104727
tmp-records/cycle-316/review-slider-impl/shots/after-ir-320-16-dark.png	/home/user/yolo-web/tmp/cycle-316/review-slider-impl/shots/after-ir-320-16-dark.png	41462
tmp-records/cycle-316/review-slider-impl/shots/after-ir-320-16-light.png	/home/user/yolo-web/tmp/cycle-316/review-slider-impl/shots/after-ir-320-16-light.png	40786
tmp-records/cycle-316/review-slider-impl/shots/after-ir-320-32-dark.png	/home/user/yolo-web/tmp/cycle-316/review-slider-impl/shots/after-ir-320-32-dark.png	25529
tmp-records/cycle-316/review-slider-impl/shots/after-ir-320-32-light.png	/home/user/yolo-web/tmp/cycle-316/review-slider-impl/shots/after-ir-320-32-light.png	25306
tmp-records/cycle-316/review-slider-impl/shots/after-ir-375-16-dark.png	/home/user/yolo-web/tmp/cycle-316/review-slider-impl/shots/after-ir-375-16-dark.png	52282
tmp-records/cycle-316/review-slider-impl/shots/after-ir-375-16-light.png	/home/user/yolo-web/tmp/cycle-316/review-slider-impl/shots/after-ir-375-16-light.png	51560
tmp-records/cycle-316/review-slider-impl/shots/after-ir-375-32-dark.png	/home/user/yolo-web/tmp/cycle-316/review-slider-impl/shots/after-ir-375-32-dark.png	31825
tmp-records/cycle-316/review-slider-impl/shots/after-ir-375-32-light.png	/home/user/yolo-web/tmp/cycle-316/review-slider-impl/shots/after-ir-375-32-light.png	31509
tmp-records/cycle-316/review-slider-impl/shots/after-pg-1280-16-dark.png	/home/user/yolo-web/tmp/cycle-316/review-slider-impl/shots/after-pg-1280-16-dark.png	51510
tmp-records/cycle-316/review-slider-impl/shots/after-pg-1280-16-light.png	/home/user/yolo-web/tmp/cycle-316/review-slider-impl/shots/after-pg-1280-16-light.png	49546
tmp-records/cycle-316/review-slider-impl/shots/after-pg-1280-32-dark.png	/home/user/yolo-web/tmp/cycle-316/review-slider-impl/shots/after-pg-1280-32-dark.png	56870
tmp-records/cycle-316/review-slider-impl/shots/after-pg-1280-32-light.png	/home/user/yolo-web/tmp/cycle-316/review-slider-impl/shots/after-pg-1280-32-light.png	55644
tmp-records/cycle-316/review-slider-impl/shots/after-pg-320-16-dark.png	/home/user/yolo-web/tmp/cycle-316/review-slider-impl/shots/after-pg-320-16-dark.png	30279
tmp-records/cycle-316/review-slider-impl/shots/after-pg-320-16-light.png	/home/user/yolo-web/tmp/cycle-316/review-slider-impl/shots/after-pg-320-16-light.png	29639
tmp-records/cycle-316/review-slider-impl/shots/after-pg-320-32-dark.png	/home/user/yolo-web/tmp/cycle-316/review-slider-impl/shots/after-pg-320-32-dark.png	31071
tmp-records/cycle-316/review-slider-impl/shots/after-pg-320-32-light.png	/home/user/yolo-web/tmp/cycle-316/review-slider-impl/shots/after-pg-320-32-light.png	30157
tmp-records/cycle-316/review-slider-impl/shots/after-pg-375-16-dark.png	/home/user/yolo-web/tmp/cycle-316/review-slider-impl/shots/after-pg-375-16-dark.png	30748
tmp-records/cycle-316/review-slider-impl/shots/after-pg-375-16-light.png	/home/user/yolo-web/tmp/cycle-316/review-slider-impl/shots/after-pg-375-16-light.png	30321
tmp-records/cycle-316/review-slider-impl/shots/after-pg-375-32-dark.png	/home/user/yolo-web/tmp/cycle-316/review-slider-impl/shots/after-pg-375-32-dark.png	37247
tmp-records/cycle-316/review-slider-impl/shots/after-pg-375-32-light.png	/home/user/yolo-web/tmp/cycle-316/review-slider-impl/shots/after-pg-375-32-light.png	36227
tmp-records/cycle-316/review-slider-impl/shots/before-ir-1280-16-dark.png	/home/user/yolo-web/tmp/cycle-316/review-slider-impl/shots/before-ir-1280-16-dark.png	89297
tmp-records/cycle-316/review-slider-impl/shots/before-ir-1280-16-light.png	/home/user/yolo-web/tmp/cycle-316/review-slider-impl/shots/before-ir-1280-16-light.png	87661
tmp-records/cycle-316/review-slider-impl/shots/before-ir-1280-32-dark.png	/home/user/yolo-web/tmp/cycle-316/review-slider-impl/shots/before-ir-1280-32-dark.png	105685
tmp-records/cycle-316/review-slider-impl/shots/before-ir-1280-32-light.png	/home/user/yolo-web/tmp/cycle-316/review-slider-impl/shots/before-ir-1280-32-light.png	104330
tmp-records/cycle-316/review-slider-impl/shots/before-ir-320-16-dark.png	/home/user/yolo-web/tmp/cycle-316/review-slider-impl/shots/before-ir-320-16-dark.png	44786
tmp-records/cycle-316/review-slider-impl/shots/before-ir-320-16-light.png	/home/user/yolo-web/tmp/cycle-316/review-slider-impl/shots/before-ir-320-16-light.png	44080
tmp-records/cycle-316/review-slider-impl/shots/before-ir-320-32-dark.png	/home/user/yolo-web/tmp/cycle-316/review-slider-impl/shots/before-ir-320-32-dark.png	26280
tmp-records/cycle-316/review-slider-impl/shots/before-ir-320-32-light.png	/home/user/yolo-web/tmp/cycle-316/review-slider-impl/shots/before-ir-320-32-light.png	25966
tmp-records/cycle-316/review-slider-impl/shots/before-ir-375-16-dark.png	/home/user/yolo-web/tmp/cycle-316/review-slider-impl/shots/before-ir-375-16-dark.png	52763
tmp-records/cycle-316/review-slider-impl/shots/before-ir-375-16-light.png	/home/user/yolo-web/tmp/cycle-316/review-slider-impl/shots/before-ir-375-16-light.png	52022
tmp-records/cycle-316/review-slider-impl/shots/before-ir-375-32-dark.png	/home/user/yolo-web/tmp/cycle-316/review-slider-impl/shots/before-ir-375-32-dark.png	33900
tmp-records/cycle-316/review-slider-impl/shots/before-ir-375-32-light.png	/home/user/yolo-web/tmp/cycle-316/review-slider-impl/shots/before-ir-375-32-light.png	33523
tmp-records/cycle-316/review-slider-impl/shots/before-pg-1280-16-dark.png	/home/user/yolo-web/tmp/cycle-316/review-slider-impl/shots/before-pg-1280-16-dark.png	61130
tmp-records/cycle-316/review-slider-impl/shots/before-pg-1280-16-light.png	/home/user/yolo-web/tmp/cycle-316/review-slider-impl/shots/before-pg-1280-16-light.png	59640
tmp-records/cycle-316/review-slider-impl/shots/before-pg-1280-32-dark.png	/home/user/yolo-web/tmp/cycle-316/review-slider-impl/shots/before-pg-1280-32-dark.png	57311
tmp-records/cycle-316/review-slider-impl/shots/before-pg-1280-32-light.png	/home/user/yolo-web/tmp/cycle-316/review-slider-impl/shots/before-pg-1280-32-light.png	56108
tmp-records/cycle-316/review-slider-impl/shots/before-pg-320-16-dark.png	/home/user/yolo-web/tmp/cycle-316/review-slider-impl/shots/before-pg-320-16-dark.png	30917
tmp-records/cycle-316/review-slider-impl/shots/before-pg-320-16-light.png	/home/user/yolo-web/tmp/cycle-316/review-slider-impl/shots/before-pg-320-16-light.png	30031
tmp-records/cycle-316/review-slider-impl/shots/before-pg-320-32-dark.png	/home/user/yolo-web/tmp/cycle-316/review-slider-impl/shots/before-pg-320-32-dark.png	31822
tmp-records/cycle-316/review-slider-impl/shots/before-pg-320-32-light.png	/home/user/yolo-web/tmp/cycle-316/review-slider-impl/shots/before-pg-320-32-light.png	30838
tmp-records/cycle-316/review-slider-impl/shots/before-pg-375-16-dark.png	/home/user/yolo-web/tmp/cycle-316/review-slider-impl/shots/before-pg-375-16-dark.png	30918
tmp-records/cycle-316/review-slider-impl/shots/before-pg-375-16-light.png	/home/user/yolo-web/tmp/cycle-316/review-slider-impl/shots/before-pg-375-16-light.png	30286
tmp-records/cycle-316/review-slider-impl/shots/before-pg-375-32-dark.png	/home/user/yolo-web/tmp/cycle-316/review-slider-impl/shots/before-pg-375-32-dark.png	37720
tmp-records/cycle-316/review-slider-impl/shots/before-pg-375-32-light.png	/home/user/yolo-web/tmp/cycle-316/review-slider-impl/shots/before-pg-375-32-light.png	36665
tmp-records/cycle-316/review-slider-impl/shots/disabled-focus-375.png	/home/user/yolo-web/tmp/cycle-316/review-slider-impl/shots/disabled-focus-375.png	1369
tmp-records/cycle-316/review-slider-impl/shots/focus-hue0-375.png	/home/user/yolo-web/tmp/cycle-316/review-slider-impl/shots/focus-hue0-375.png	2154
tmp-records/cycle-316/review-slider-impl/shots/focus-hue360-375.png	/home/user/yolo-web/tmp/cycle-316/review-slider-impl/shots/focus-hue360-375.png	2526
tmp-records/cycle-316/review-slider-impl/shots/hover-hue-1280.png	/home/user/yolo-web/tmp/cycle-316/review-slider-impl/shots/hover-hue-1280.png	3477
tmp-records/cycle-316/review-slider-impl/shots/hover-inc-1280.png	/home/user/yolo-web/tmp/cycle-316/review-slider-impl/shots/hover-inc-1280.png	1211
tmp-records/cycle-316/review-slider-impl/shots/irodori-1280-16-dark.png	/home/user/yolo-web/tmp/cycle-316/review-slider-impl/shots/irodori-1280-16-dark.png	49834
tmp-records/cycle-316/review-slider-impl/shots/irodori-1280-16-light.png	/home/user/yolo-web/tmp/cycle-316/review-slider-impl/shots/irodori-1280-16-light.png	49124
tmp-records/cycle-316/review-slider-impl/shots/irodori-1280-32-dark.png	/home/user/yolo-web/tmp/cycle-316/review-slider-impl/shots/irodori-1280-32-dark.png	74091
tmp-records/cycle-316/review-slider-impl/shots/irodori-1280-32-light.png	/home/user/yolo-web/tmp/cycle-316/review-slider-impl/shots/irodori-1280-32-light.png	73425
tmp-records/cycle-316/review-slider-impl/shots/irodori-320-16-dark.png	/home/user/yolo-web/tmp/cycle-316/review-slider-impl/shots/irodori-320-16-dark.png	29399
tmp-records/cycle-316/review-slider-impl/shots/irodori-320-16-light.png	/home/user/yolo-web/tmp/cycle-316/review-slider-impl/shots/irodori-320-16-light.png	28488
tmp-records/cycle-316/review-slider-impl/shots/irodori-320-32-dark.png	/home/user/yolo-web/tmp/cycle-316/review-slider-impl/shots/irodori-320-32-dark.png	32832
tmp-records/cycle-316/review-slider-impl/shots/irodori-320-32-light.png	/home/user/yolo-web/tmp/cycle-316/review-slider-impl/shots/irodori-320-32-light.png	32151
tmp-records/cycle-316/review-slider-impl/shots/irodori-375-16-dark.png	/home/user/yolo-web/tmp/cycle-316/review-slider-impl/shots/irodori-375-16-dark.png	31091
tmp-records/cycle-316/review-slider-impl/shots/irodori-375-16-light.png	/home/user/yolo-web/tmp/cycle-316/review-slider-impl/shots/irodori-375-16-light.png	30211
tmp-records/cycle-316/review-slider-impl/shots/irodori-375-32-dark.png	/home/user/yolo-web/tmp/cycle-316/review-slider-impl/shots/irodori-375-32-dark.png	39736
tmp-records/cycle-316/review-slider-impl/shots/irodori-375-32-light.png	/home/user/yolo-web/tmp/cycle-316/review-slider-impl/shots/irodori-375-32-light.png	38994
tmp-records/cycle-316/review-slider-impl/shots/result-1280-16.png	/home/user/yolo-web/tmp/cycle-316/review-slider-impl/shots/result-1280-16.png	48629
tmp-records/cycle-316/review-slider-impl/shots/result-320-16.png	/home/user/yolo-web/tmp/cycle-316/review-slider-impl/shots/result-320-16.png	29195
tmp-records/cycle-316/review-slider-impl/shots/result-375-32.png	/home/user/yolo-web/tmp/cycle-316/review-slider-impl/shots/result-375-32.png	32476
tmp-records/cycle-316/review-slider-impl/shots/sl-1280-16-dark.png	/home/user/yolo-web/tmp/cycle-316/review-slider-impl/shots/sl-1280-16-dark.png	8507
tmp-records/cycle-316/review-slider-impl/shots/sl-1280-16-light.png	/home/user/yolo-web/tmp/cycle-316/review-slider-impl/shots/sl-1280-16-light.png	6139
tmp-records/cycle-316/review-slider-impl/shots/sl-1280-32-dark.png	/home/user/yolo-web/tmp/cycle-316/review-slider-impl/shots/sl-1280-32-dark.png	11859
tmp-records/cycle-316/review-slider-impl/shots/sl-1280-32-light.png	/home/user/yolo-web/tmp/cycle-316/review-slider-impl/shots/sl-1280-32-light.png	11594
tmp-records/cycle-316/review-slider-impl/shots/sl-320-16-dark.png	/home/user/yolo-web/tmp/cycle-316/review-slider-impl/shots/sl-320-16-dark.png	5947
tmp-records/cycle-316/review-slider-impl/shots/sl-320-16-light.png	/home/user/yolo-web/tmp/cycle-316/review-slider-impl/shots/sl-320-16-light.png	5120
tmp-records/cycle-316/review-slider-impl/shots/sl-320-32-dark.png	/home/user/yolo-web/tmp/cycle-316/review-slider-impl/shots/sl-320-32-dark.png	12530
tmp-records/cycle-316/review-slider-impl/shots/sl-320-32-light.png	/home/user/yolo-web/tmp/cycle-316/review-slider-impl/shots/sl-320-32-light.png	10591
tmp-records/cycle-316/review-slider-impl/shots/sl-375-16-dark.png	/home/user/yolo-web/tmp/cycle-316/review-slider-impl/shots/sl-375-16-dark.png	6418
tmp-records/cycle-316/review-slider-impl/shots/sl-375-16-light.png	/home/user/yolo-web/tmp/cycle-316/review-slider-impl/shots/sl-375-16-light.png	5270
tmp-records/cycle-316/review-slider-impl/shots/sl-375-32-dark.png	/home/user/yolo-web/tmp/cycle-316/review-slider-impl/shots/sl-375-32-dark.png	13037
tmp-records/cycle-316/review-slider-impl/shots/sl-375-32-light.png	/home/user/yolo-web/tmp/cycle-316/review-slider-impl/shots/sl-375-32-light.png	12684
tmp-records/cycle-316/review-slider-impl/test.png	/home/user/yolo-web/tmp/cycle-316/review-slider-impl/test.png	29195
tmp-records/cycle-316/review-slider-impl/threshold.cjs	/home/user/yolo-web/tmp/cycle-316/review-slider-impl/threshold.cjs	1788
tmp-records/cycle-316/review-slider-impl/tools-after.json	/home/user/yolo-web/tmp/cycle-316/review-slider-impl/tools-after.json	5180
tmp-records/cycle-316/review-slider-impl/tools-before.json	/home/user/yolo-web/tmp/cycle-316/review-slider-impl/tools-before.json	5158
tmp-records/cycle-316/review-slider-impl/tools.cjs	/home/user/yolo-web/tmp/cycle-316/review-slider-impl/tools.cjs	2994
tmp-records/cycle-316/review-slider-impl/trackpos.cjs	/home/user/yolo-web/tmp/cycle-316/review-slider-impl/trackpos.cjs	4077
tmp-records/cycle-316/review-slider/a-320.png	/home/user/yolo-web/tmp/cycle-316/review-slider/a-320.png	23277
tmp-records/cycle-316/review-slider/a.html	/home/user/yolo-web/tmp/cycle-316/review-slider/a.html	3683
tmp-records/cycle-316/review-slider/b-320.png	/home/user/yolo-web/tmp/cycle-316/review-slider/b-320.png	26176
tmp-records/cycle-316/review-slider/b.html	/home/user/yolo-web/tmp/cycle-316/review-slider/b.html	3643
tmp-records/cycle-316/review-slider/c-320.png	/home/user/yolo-web/tmp/cycle-316/review-slider/c-320.png	4808
tmp-records/cycle-316/review-slider/c.html	/home/user/yolo-web/tmp/cycle-316/review-slider/c.html	3627
tmp-records/cycle-316/review-slider/de.ts	/home/user/yolo-web/tmp/cycle-316/review-slider/de.ts	435
tmp-records/cycle-316/review-slider/de2.ts	/home/user/yolo-web/tmp/cycle-316/review-slider/de2.ts	768
tmp-records/cycle-316/review-slider/focus-dark.png	/home/user/yolo-web/tmp/cycle-316/review-slider/focus-dark.png	6775
tmp-records/cycle-316/review-slider/focus-light.png	/home/user/yolo-web/tmp/cycle-316/review-slider/focus-light.png	6582
tmp-records/cycle-316/review-slider/hover-dark.png	/home/user/yolo-web/tmp/cycle-316/review-slider/hover-dark.png	6707
tmp-records/cycle-316/review-slider/l-dark-0.png	/home/user/yolo-web/tmp/cycle-316/review-slider/l-dark-0.png	1053
tmp-records/cycle-316/review-slider/l-dark-100.png	/home/user/yolo-web/tmp/cycle-316/review-slider/l-dark-100.png	1097
tmp-records/cycle-316/review-slider/l-light-0.png	/home/user/yolo-web/tmp/cycle-316/review-slider/l-light-0.png	1052
tmp-records/cycle-316/review-slider/l-light-100.png	/home/user/yolo-web/tmp/cycle-316/review-slider/l-light-100.png	1096
tmp-records/cycle-316/review-slider/proto.html	/home/user/yolo-web/tmp/cycle-316/review-slider/proto.html	3652
tmp-records/cycle-316/review-slider/run1.cjs	/home/user/yolo-web/tmp/cycle-316/review-slider/run1.cjs	936
tmp-records/cycle-316/review-slider/run2.cjs	/home/user/yolo-web/tmp/cycle-316/review-slider/run2.cjs	2170
tmp-records/cycle-316/review-slider/run3.cjs	/home/user/yolo-web/tmp/cycle-316/review-slider/run3.cjs	3140
tmp-records/cycle-316/review-slider/run4.cjs	/home/user/yolo-web/tmp/cycle-316/review-slider/run4.cjs	945
tmp-records/cycle-316/review-slider/run5.cjs	/home/user/yolo-web/tmp/cycle-316/review-slider/run5.cjs	419
tmp-records/cycle-316/review-slider/run6.cjs	/home/user/yolo-web/tmp/cycle-316/review-slider/run6.cjs	503
tmp-records/cycle-316/review-slider/run7.cjs	/home/user/yolo-web/tmp/cycle-316/review-slider/run7.cjs	901
tmp-records/cycle-316/review-slider/zoom-focus-dark.png	/home/user/yolo-web/tmp/cycle-316/review-slider/zoom-focus-dark.png	4782
tmp-records/cycle-316/review-slider/zoom-focus-light.png	/home/user/yolo-web/tmp/cycle-316/review-slider/zoom-focus-light.png	4789
tmp-records/cycle-316/review-t3-2-fix/build.log	/home/user/yolo-web/tmp/cycle-316/review-t3-2-fix/build.log	17592
tmp-records/cycle-316/review-t3-2-fix/color-1280-dark.png	/home/user/yolo-web/tmp/cycle-316/review-t3-2-fix/color-1280-dark.png	151117
tmp-records/cycle-316/review-t3-2-fix/color-1280-light.png	/home/user/yolo-web/tmp/cycle-316/review-t3-2-fix/color-1280-light.png	146645
tmp-records/cycle-316/review-t3-2-fix/color-320-dark.png	/home/user/yolo-web/tmp/cycle-316/review-t3-2-fix/color-320-dark.png	135414
tmp-records/cycle-316/review-t3-2-fix/color-320-light.png	/home/user/yolo-web/tmp/cycle-316/review-t3-2-fix/color-320-light.png	131075
tmp-records/cycle-316/review-t3-2-fix/color-375-dark.png	/home/user/yolo-web/tmp/cycle-316/review-t3-2-fix/color-375-dark.png	136250
tmp-records/cycle-316/review-t3-2-fix/color-375-light.png	/home/user/yolo-web/tmp/cycle-316/review-t3-2-fix/color-375-light.png	132063
tmp-records/cycle-316/review-t3-2-fix/cpres-1280-dark.png	/home/user/yolo-web/tmp/cycle-316/review-t3-2-fix/cpres-1280-dark.png	598677
tmp-records/cycle-316/review-t3-2-fix/cpres-1280-light.png	/home/user/yolo-web/tmp/cycle-316/review-t3-2-fix/cpres-1280-light.png	579271
tmp-records/cycle-316/review-t3-2-fix/cpres-320-dark.png	/home/user/yolo-web/tmp/cycle-316/review-t3-2-fix/cpres-320-dark.png	534739
tmp-records/cycle-316/review-t3-2-fix/cpres-320-light.png	/home/user/yolo-web/tmp/cycle-316/review-t3-2-fix/cpres-320-light.png	515618
tmp-records/cycle-316/review-t3-2-fix/cpres-375-dark.png	/home/user/yolo-web/tmp/cycle-316/review-t3-2-fix/cpres-375-dark.png	536268
tmp-records/cycle-316/review-t3-2-fix/cpres-375-light.png	/home/user/yolo-web/tmp/cycle-316/review-t3-2-fix/cpres-375-light.png	517405
tmp-records/cycle-316/review-t3-2-fix/crop-color-1280-dark.png	/home/user/yolo-web/tmp/cycle-316/review-t3-2-fix/crop-color-1280-dark.png	74072
tmp-records/cycle-316/review-t3-2-fix/crop-color-1280-light.png	/home/user/yolo-web/tmp/cycle-316/review-t3-2-fix/crop-color-1280-light.png	71783
tmp-records/cycle-316/review-t3-2-fix/crop-color-320-dark.png	/home/user/yolo-web/tmp/cycle-316/review-t3-2-fix/crop-color-320-dark.png	51758
tmp-records/cycle-316/review-t3-2-fix/crop-color-320-light.png	/home/user/yolo-web/tmp/cycle-316/review-t3-2-fix/crop-color-320-light.png	50120
tmp-records/cycle-316/review-t3-2-fix/crop-color-375-dark.png	/home/user/yolo-web/tmp/cycle-316/review-t3-2-fix/crop-color-375-dark.png	55000
tmp-records/cycle-316/review-t3-2-fix/crop-color-375-light.png	/home/user/yolo-web/tmp/cycle-316/review-t3-2-fix/crop-color-375-light.png	53457
tmp-records/cycle-316/review-t3-2-fix/crop-cpres-1280-dark.png	/home/user/yolo-web/tmp/cycle-316/review-t3-2-fix/crop-cpres-1280-dark.png	141592
tmp-records/cycle-316/review-t3-2-fix/crop-cpres-1280-light.png	/home/user/yolo-web/tmp/cycle-316/review-t3-2-fix/crop-cpres-1280-light.png	136925
tmp-records/cycle-316/review-t3-2-fix/crop-cpres-320-dark.png	/home/user/yolo-web/tmp/cycle-316/review-t3-2-fix/crop-cpres-320-dark.png	99339
tmp-records/cycle-316/review-t3-2-fix/crop-cpres-320-light.png	/home/user/yolo-web/tmp/cycle-316/review-t3-2-fix/crop-cpres-320-light.png	95561
tmp-records/cycle-316/review-t3-2-fix/crop-cpres-375-dark.png	/home/user/yolo-web/tmp/cycle-316/review-t3-2-fix/crop-cpres-375-dark.png	110358
tmp-records/cycle-316/review-t3-2-fix/crop-cpres-375-light.png	/home/user/yolo-web/tmp/cycle-316/review-t3-2-fix/crop-cpres-375-light.png	106214
tmp-records/cycle-316/review-t3-2-fix/crop-game-1280-dark.png	/home/user/yolo-web/tmp/cycle-316/review-t3-2-fix/crop-game-1280-dark.png	122531
tmp-records/cycle-316/review-t3-2-fix/crop-game-1280-light.png	/home/user/yolo-web/tmp/cycle-316/review-t3-2-fix/crop-game-1280-light.png	119033
tmp-records/cycle-316/review-t3-2-fix/crop-game-320-dark.png	/home/user/yolo-web/tmp/cycle-316/review-t3-2-fix/crop-game-320-dark.png	91270
tmp-records/cycle-316/review-t3-2-fix/crop-game-320-light.png	/home/user/yolo-web/tmp/cycle-316/review-t3-2-fix/crop-game-320-light.png	88436
tmp-records/cycle-316/review-t3-2-fix/crop-game-375-dark.png	/home/user/yolo-web/tmp/cycle-316/review-t3-2-fix/crop-game-375-dark.png	98168
tmp-records/cycle-316/review-t3-2-fix/crop-game-375-light.png	/home/user/yolo-web/tmp/cycle-316/review-t3-2-fix/crop-game-375-light.png	95011
tmp-records/cycle-316/review-t3-2-fix/crop-humor-1280-dark.png	/home/user/yolo-web/tmp/cycle-316/review-t3-2-fix/crop-humor-1280-dark.png	109091
tmp-records/cycle-316/review-t3-2-fix/crop-humor-1280-light.png	/home/user/yolo-web/tmp/cycle-316/review-t3-2-fix/crop-humor-1280-light.png	105877
tmp-records/cycle-316/review-t3-2-fix/crop-humor-320-dark.png	/home/user/yolo-web/tmp/cycle-316/review-t3-2-fix/crop-humor-320-dark.png	74566
tmp-records/cycle-316/review-t3-2-fix/crop-humor-320-light.png	/home/user/yolo-web/tmp/cycle-316/review-t3-2-fix/crop-humor-320-light.png	72200
tmp-records/cycle-316/review-t3-2-fix/crop-humor-375-dark.png	/home/user/yolo-web/tmp/cycle-316/review-t3-2-fix/crop-humor-375-dark.png	92931
tmp-records/cycle-316/review-t3-2-fix/crop-humor-375-light.png	/home/user/yolo-web/tmp/cycle-316/review-t3-2-fix/crop-humor-375-light.png	89963
tmp-records/cycle-316/review-t3-2-fix/crop-tcquiz-1280-dark.png	/home/user/yolo-web/tmp/cycle-316/review-t3-2-fix/crop-tcquiz-1280-dark.png	138473
tmp-records/cycle-316/review-t3-2-fix/crop-tcquiz-1280-light.png	/home/user/yolo-web/tmp/cycle-316/review-t3-2-fix/crop-tcquiz-1280-light.png	134985
tmp-records/cycle-316/review-t3-2-fix/crop-tcquiz-320-dark.png	/home/user/yolo-web/tmp/cycle-316/review-t3-2-fix/crop-tcquiz-320-dark.png	91423
tmp-records/cycle-316/review-t3-2-fix/crop-tcquiz-320-light.png	/home/user/yolo-web/tmp/cycle-316/review-t3-2-fix/crop-tcquiz-320-light.png	88741
tmp-records/cycle-316/review-t3-2-fix/crop-tcquiz-375-dark.png	/home/user/yolo-web/tmp/cycle-316/review-t3-2-fix/crop-tcquiz-375-dark.png	102702
tmp-records/cycle-316/review-t3-2-fix/crop-tcquiz-375-light.png	/home/user/yolo-web/tmp/cycle-316/review-t3-2-fix/crop-tcquiz-375-light.png	99577
tmp-records/cycle-316/review-t3-2-fix/crop-tool-1280-dark.png	/home/user/yolo-web/tmp/cycle-316/review-t3-2-fix/crop-tool-1280-dark.png	130591
tmp-records/cycle-316/review-t3-2-fix/crop-tool-1280-light.png	/home/user/yolo-web/tmp/cycle-316/review-t3-2-fix/crop-tool-1280-light.png	126219
tmp-records/cycle-316/review-t3-2-fix/crop-tool-320-dark.png	/home/user/yolo-web/tmp/cycle-316/review-t3-2-fix/crop-tool-320-dark.png	91273
tmp-records/cycle-316/review-t3-2-fix/crop-tool-320-light.png	/home/user/yolo-web/tmp/cycle-316/review-t3-2-fix/crop-tool-320-light.png	88138
tmp-records/cycle-316/review-t3-2-fix/crop-tool-375-dark.png	/home/user/yolo-web/tmp/cycle-316/review-t3-2-fix/crop-tool-375-dark.png	109765
tmp-records/cycle-316/review-t3-2-fix/crop-tool-375-light.png	/home/user/yolo-web/tmp/cycle-316/review-t3-2-fix/crop-tool-375-light.png	105541
tmp-records/cycle-316/review-t3-2-fix/crop-top-1280-dark.png	/home/user/yolo-web/tmp/cycle-316/review-t3-2-fix/crop-top-1280-dark.png	137704
tmp-records/cycle-316/review-t3-2-fix/crop-top-1280-light.png	/home/user/yolo-web/tmp/cycle-316/review-t3-2-fix/crop-top-1280-light.png	133313
tmp-records/cycle-316/review-t3-2-fix/crop-top-320-dark.png	/home/user/yolo-web/tmp/cycle-316/review-t3-2-fix/crop-top-320-dark.png	94717
tmp-records/cycle-316/review-t3-2-fix/crop-top-320-light.png	/home/user/yolo-web/tmp/cycle-316/review-t3-2-fix/crop-top-320-light.png	91400
tmp-records/cycle-316/review-t3-2-fix/crop-top-375-dark.png	/home/user/yolo-web/tmp/cycle-316/review-t3-2-fix/crop-top-375-dark.png	97049
tmp-records/cycle-316/review-t3-2-fix/crop-top-375-light.png	/home/user/yolo-web/tmp/cycle-316/review-t3-2-fix/crop-top-375-light.png	93692
tmp-records/cycle-316/review-t3-2-fix/crop.mjs	/home/user/yolo-web/tmp/cycle-316/review-t3-2-fix/crop.mjs	1565
tmp-records/cycle-316/review-t3-2-fix/game-1280-dark.png	/home/user/yolo-web/tmp/cycle-316/review-t3-2-fix/game-1280-dark.png	532302
tmp-records/cycle-316/review-t3-2-fix/game-1280-light.png	/home/user/yolo-web/tmp/cycle-316/review-t3-2-fix/game-1280-light.png	516816
tmp-records/cycle-316/review-t3-2-fix/game-320-dark.png	/home/user/yolo-web/tmp/cycle-316/review-t3-2-fix/game-320-dark.png	460468
tmp-records/cycle-316/review-t3-2-fix/game-320-light.png	/home/user/yolo-web/tmp/cycle-316/review-t3-2-fix/game-320-light.png	446146
tmp-records/cycle-316/review-t3-2-fix/game-375-dark.png	/home/user/yolo-web/tmp/cycle-316/review-t3-2-fix/game-375-dark.png	474588
tmp-records/cycle-316/review-t3-2-fix/game-375-light.png	/home/user/yolo-web/tmp/cycle-316/review-t3-2-fix/game-375-light.png	459676
tmp-records/cycle-316/review-t3-2-fix/humor-1280-dark.png	/home/user/yolo-web/tmp/cycle-316/review-t3-2-fix/humor-1280-dark.png	174601
tmp-records/cycle-316/review-t3-2-fix/humor-1280-light.png	/home/user/yolo-web/tmp/cycle-316/review-t3-2-fix/humor-1280-light.png	169478
tmp-records/cycle-316/review-t3-2-fix/humor-320-dark.png	/home/user/yolo-web/tmp/cycle-316/review-t3-2-fix/humor-320-dark.png	167200
tmp-records/cycle-316/review-t3-2-fix/humor-320-light.png	/home/user/yolo-web/tmp/cycle-316/review-t3-2-fix/humor-320-light.png	161837
tmp-records/cycle-316/review-t3-2-fix/humor-375-dark.png	/home/user/yolo-web/tmp/cycle-316/review-t3-2-fix/humor-375-dark.png	169246
tmp-records/cycle-316/review-t3-2-fix/humor-375-light.png	/home/user/yolo-web/tmp/cycle-316/review-t3-2-fix/humor-375-light.png	163592
tmp-records/cycle-316/review-t3-2-fix/kind-11-filtered-375.png	/home/user/yolo-web/tmp/cycle-316/review-t3-2-fix/kind-11-filtered-375.png	103687
tmp-records/cycle-316/review-t3-2-fix/kind.mjs	/home/user/yolo-web/tmp/cycle-316/review-t3-2-fix/kind.mjs	2429
tmp-records/cycle-316/review-t3-2-fix/probe.mjs	/home/user/yolo-web/tmp/cycle-316/review-t3-2-fix/probe.mjs	739
tmp-records/cycle-316/review-t3-2-fix/report.json	/home/user/yolo-web/tmp/cycle-316/review-t3-2-fix/report.json	85160
tmp-records/cycle-316/review-t3-2-fix/server.log	/home/user/yolo-web/tmp/cycle-316/review-t3-2-fix/server.log	390
tmp-records/cycle-316/review-t3-2-fix/shoot.mjs	/home/user/yolo-web/tmp/cycle-316/review-t3-2-fix/shoot.mjs	2431
tmp-records/cycle-316/review-t3-2-fix/solve.mjs	/home/user/yolo-web/tmp/cycle-316/review-t3-2-fix/solve.mjs	2628
tmp-records/cycle-316/review-t3-2-fix/solved-character-personality-1280-dark.png	/home/user/yolo-web/tmp/cycle-316/review-t3-2-fix/solved-character-personality-1280-dark.png	177995
tmp-records/cycle-316/review-t3-2-fix/solved-character-personality-1280-light.png	/home/user/yolo-web/tmp/cycle-316/review-t3-2-fix/solved-character-personality-1280-light.png	178175
tmp-records/cycle-316/review-t3-2-fix/solved-character-personality-320-dark.png	/home/user/yolo-web/tmp/cycle-316/review-t3-2-fix/solved-character-personality-320-dark.png	177742
tmp-records/cycle-316/review-t3-2-fix/solved-character-personality-320-light.png	/home/user/yolo-web/tmp/cycle-316/review-t3-2-fix/solved-character-personality-320-light.png	177969
tmp-records/cycle-316/review-t3-2-fix/solved-character-personality-375-dark.png	/home/user/yolo-web/tmp/cycle-316/review-t3-2-fix/solved-character-personality-375-dark.png	170193
tmp-records/cycle-316/review-t3-2-fix/solved-character-personality-375-light.png	/home/user/yolo-web/tmp/cycle-316/review-t3-2-fix/solved-character-personality-375-light.png	170840
tmp-records/cycle-316/review-t3-2-fix/solved-traditional-color-1280-dark.png	/home/user/yolo-web/tmp/cycle-316/review-t3-2-fix/solved-traditional-color-1280-dark.png	26660
tmp-records/cycle-316/review-t3-2-fix/solved-traditional-color-1280-light.png	/home/user/yolo-web/tmp/cycle-316/review-t3-2-fix/solved-traditional-color-1280-light.png	26598
tmp-records/cycle-316/review-t3-2-fix/solved-traditional-color-320-dark.png	/home/user/yolo-web/tmp/cycle-316/review-t3-2-fix/solved-traditional-color-320-dark.png	19636
tmp-records/cycle-316/review-t3-2-fix/solved-traditional-color-320-light.png	/home/user/yolo-web/tmp/cycle-316/review-t3-2-fix/solved-traditional-color-320-light.png	19707
tmp-records/cycle-316/review-t3-2-fix/solved-traditional-color-375-dark.png	/home/user/yolo-web/tmp/cycle-316/review-t3-2-fix/solved-traditional-color-375-dark.png	20184
tmp-records/cycle-316/review-t3-2-fix/solved-traditional-color-375-light.png	/home/user/yolo-web/tmp/cycle-316/review-t3-2-fix/solved-traditional-color-375-light.png	20256
tmp-records/cycle-316/review-t3-2-fix/solvednext-character-personality-1280-dark.png	/home/user/yolo-web/tmp/cycle-316/review-t3-2-fix/solvednext-character-personality-1280-dark.png	41205
tmp-records/cycle-316/review-t3-2-fix/solvednext-character-personality-1280-light.png	/home/user/yolo-web/tmp/cycle-316/review-t3-2-fix/solvednext-character-personality-1280-light.png	40828
tmp-records/cycle-316/review-t3-2-fix/solvednext-character-personality-320-dark.png	/home/user/yolo-web/tmp/cycle-316/review-t3-2-fix/solvednext-character-personality-320-dark.png	33426
tmp-records/cycle-316/review-t3-2-fix/solvednext-character-personality-320-light.png	/home/user/yolo-web/tmp/cycle-316/review-t3-2-fix/solvednext-character-personality-320-light.png	33417
tmp-records/cycle-316/review-t3-2-fix/solvednext-character-personality-375-dark.png	/home/user/yolo-web/tmp/cycle-316/review-t3-2-fix/solvednext-character-personality-375-dark.png	34045
tmp-records/cycle-316/review-t3-2-fix/solvednext-character-personality-375-light.png	/home/user/yolo-web/tmp/cycle-316/review-t3-2-fix/solvednext-character-personality-375-light.png	34105
tmp-records/cycle-316/review-t3-2-fix/solvednext-traditional-color-1280-dark.png	/home/user/yolo-web/tmp/cycle-316/review-t3-2-fix/solvednext-traditional-color-1280-dark.png	39460
tmp-records/cycle-316/review-t3-2-fix/solvednext-traditional-color-1280-light.png	/home/user/yolo-web/tmp/cycle-316/review-t3-2-fix/solvednext-traditional-color-1280-light.png	38999
tmp-records/cycle-316/review-t3-2-fix/solvednext-traditional-color-320-dark.png	/home/user/yolo-web/tmp/cycle-316/review-t3-2-fix/solvednext-traditional-color-320-dark.png	31617
tmp-records/cycle-316/review-t3-2-fix/solvednext-traditional-color-320-light.png	/home/user/yolo-web/tmp/cycle-316/review-t3-2-fix/solvednext-traditional-color-320-light.png	31580
tmp-records/cycle-316/review-t3-2-fix/solvednext-traditional-color-375-dark.png	/home/user/yolo-web/tmp/cycle-316/review-t3-2-fix/solvednext-traditional-color-375-dark.png	32270
tmp-records/cycle-316/review-t3-2-fix/solvednext-traditional-color-375-light.png	/home/user/yolo-web/tmp/cycle-316/review-t3-2-fix/solvednext-traditional-color-375-light.png	32235
tmp-records/cycle-316/review-t3-2-fix/tcquiz-1280-dark.png	/home/user/yolo-web/tmp/cycle-316/review-t3-2-fix/tcquiz-1280-dark.png	218291
tmp-records/cycle-316/review-t3-2-fix/tcquiz-1280-light.png	/home/user/yolo-web/tmp/cycle-316/review-t3-2-fix/tcquiz-1280-light.png	212523
tmp-records/cycle-316/review-t3-2-fix/tcquiz-320-dark.png	/home/user/yolo-web/tmp/cycle-316/review-t3-2-fix/tcquiz-320-dark.png	190832
tmp-records/cycle-316/review-t3-2-fix/tcquiz-320-light.png	/home/user/yolo-web/tmp/cycle-316/review-t3-2-fix/tcquiz-320-light.png	185264
tmp-records/cycle-316/review-t3-2-fix/tcquiz-375-dark.png	/home/user/yolo-web/tmp/cycle-316/review-t3-2-fix/tcquiz-375-dark.png	192037
tmp-records/cycle-316/review-t3-2-fix/tcquiz-375-light.png	/home/user/yolo-web/tmp/cycle-316/review-t3-2-fix/tcquiz-375-light.png	186304
tmp-records/cycle-316/review-t3-2-fix/tcres-1280-dark.png	/home/user/yolo-web/tmp/cycle-316/review-t3-2-fix/tcres-1280-dark.png	366435
tmp-records/cycle-316/review-t3-2-fix/tcres-1280-light.png	/home/user/yolo-web/tmp/cycle-316/review-t3-2-fix/tcres-1280-light.png	355736
tmp-records/cycle-316/review-t3-2-fix/tcres-320-dark.png	/home/user/yolo-web/tmp/cycle-316/review-t3-2-fix/tcres-320-dark.png	324860
tmp-records/cycle-316/review-t3-2-fix/tcres-320-light.png	/home/user/yolo-web/tmp/cycle-316/review-t3-2-fix/tcres-320-light.png	314699
tmp-records/cycle-316/review-t3-2-fix/tcres-375-dark.png	/home/user/yolo-web/tmp/cycle-316/review-t3-2-fix/tcres-375-dark.png	328739
tmp-records/cycle-316/review-t3-2-fix/tcres-375-light.png	/home/user/yolo-web/tmp/cycle-316/review-t3-2-fix/tcres-375-light.png	318910
tmp-records/cycle-316/review-t3-2-fix/tool-1280-dark.png	/home/user/yolo-web/tmp/cycle-316/review-t3-2-fix/tool-1280-dark.png	234349
tmp-records/cycle-316/review-t3-2-fix/tool-1280-light.png	/home/user/yolo-web/tmp/cycle-316/review-t3-2-fix/tool-1280-light.png	227861
tmp-records/cycle-316/review-t3-2-fix/tool-320-dark.png	/home/user/yolo-web/tmp/cycle-316/review-t3-2-fix/tool-320-dark.png	212679
tmp-records/cycle-316/review-t3-2-fix/tool-320-light.png	/home/user/yolo-web/tmp/cycle-316/review-t3-2-fix/tool-320-light.png	206745
tmp-records/cycle-316/review-t3-2-fix/tool-375-dark.png	/home/user/yolo-web/tmp/cycle-316/review-t3-2-fix/tool-375-dark.png	218577
tmp-records/cycle-316/review-t3-2-fix/tool-375-light.png	/home/user/yolo-web/tmp/cycle-316/review-t3-2-fix/tool-375-light.png	212094
tmp-records/cycle-316/review-t3-2-fix/top-1280-dark.png	/home/user/yolo-web/tmp/cycle-316/review-t3-2-fix/top-1280-dark.png	298270
tmp-records/cycle-316/review-t3-2-fix/top-1280-light.png	/home/user/yolo-web/tmp/cycle-316/review-t3-2-fix/top-1280-light.png	289072
tmp-records/cycle-316/review-t3-2-fix/top-320-dark.png	/home/user/yolo-web/tmp/cycle-316/review-t3-2-fix/top-320-dark.png	265769
tmp-records/cycle-316/review-t3-2-fix/top-320-light.png	/home/user/yolo-web/tmp/cycle-316/review-t3-2-fix/top-320-light.png	256646
tmp-records/cycle-316/review-t3-2-fix/top-375-dark.png	/home/user/yolo-web/tmp/cycle-316/review-t3-2-fix/top-375-dark.png	268652
tmp-records/cycle-316/review-t3-2-fix/top-375-light.png	/home/user/yolo-web/tmp/cycle-316/review-t3-2-fix/top-375-light.png	259935
tmp-records/cycle-316/review-t3-2-fix2/progress-character-personality-1280-dark.png	/home/user/yolo-web/tmp/cycle-316/review-t3-2-fix2/progress-character-personality-1280-dark.png	148113
tmp-records/cycle-316/review-t3-2-fix2/progress-character-personality-1280-light.png	/home/user/yolo-web/tmp/cycle-316/review-t3-2-fix2/progress-character-personality-1280-light.png	143459
tmp-records/cycle-316/review-t3-2-fix2/progress-character-personality-320-dark.png	/home/user/yolo-web/tmp/cycle-316/review-t3-2-fix2/progress-character-personality-320-dark.png	84524
tmp-records/cycle-316/review-t3-2-fix2/progress-character-personality-320-light.png	/home/user/yolo-web/tmp/cycle-316/review-t3-2-fix2/progress-character-personality-320-light.png	82005
tmp-records/cycle-316/review-t3-2-fix2/progress-character-personality-375-dark.png	/home/user/yolo-web/tmp/cycle-316/review-t3-2-fix2/progress-character-personality-375-dark.png	93348
tmp-records/cycle-316/review-t3-2-fix2/progress-character-personality-375-light.png	/home/user/yolo-web/tmp/cycle-316/review-t3-2-fix2/progress-character-personality-375-light.png	90488
tmp-records/cycle-316/review-t3-2-fix2/progress-traditional-color-1280-dark.png	/home/user/yolo-web/tmp/cycle-316/review-t3-2-fix2/progress-traditional-color-1280-dark.png	82948
tmp-records/cycle-316/review-t3-2-fix2/progress-traditional-color-1280-light.png	/home/user/yolo-web/tmp/cycle-316/review-t3-2-fix2/progress-traditional-color-1280-light.png	80544
tmp-records/cycle-316/review-t3-2-fix2/progress-traditional-color-320-dark.png	/home/user/yolo-web/tmp/cycle-316/review-t3-2-fix2/progress-traditional-color-320-dark.png	53387
tmp-records/cycle-316/review-t3-2-fix2/progress-traditional-color-320-light.png	/home/user/yolo-web/tmp/cycle-316/review-t3-2-fix2/progress-traditional-color-320-light.png	51870
tmp-records/cycle-316/review-t3-2-fix2/progress-traditional-color-375-dark.png	/home/user/yolo-web/tmp/cycle-316/review-t3-2-fix2/progress-traditional-color-375-dark.png	67996
tmp-records/cycle-316/review-t3-2-fix2/progress-traditional-color-375-light.png	/home/user/yolo-web/tmp/cycle-316/review-t3-2-fix2/progress-traditional-color-375-light.png	65908
tmp-records/cycle-316/review-t3-2-fix2/progress-word-sense-personality-1280-dark.png	/home/user/yolo-web/tmp/cycle-316/review-t3-2-fix2/progress-word-sense-personality-1280-dark.png	104331
tmp-records/cycle-316/review-t3-2-fix2/progress-word-sense-personality-1280-light.png	/home/user/yolo-web/tmp/cycle-316/review-t3-2-fix2/progress-word-sense-personality-1280-light.png	111898
tmp-records/cycle-316/review-t3-2-fix2/progress-word-sense-personality-320-dark.png	/home/user/yolo-web/tmp/cycle-316/review-t3-2-fix2/progress-word-sense-personality-320-dark.png	76079
tmp-records/cycle-316/review-t3-2-fix2/progress-word-sense-personality-320-light.png	/home/user/yolo-web/tmp/cycle-316/review-t3-2-fix2/progress-word-sense-personality-320-light.png	74041
tmp-records/cycle-316/review-t3-2-fix2/progress-word-sense-personality-375-dark.png	/home/user/yolo-web/tmp/cycle-316/review-t3-2-fix2/progress-word-sense-personality-375-dark.png	84606
tmp-records/cycle-316/review-t3-2-fix2/progress-word-sense-personality-375-light.png	/home/user/yolo-web/tmp/cycle-316/review-t3-2-fix2/progress-word-sense-personality-375-light.png	82035
tmp-records/cycle-316/review-t3-2-fix2/result-others-character-personality-1280-dark.png	/home/user/yolo-web/tmp/cycle-316/review-t3-2-fix2/result-others-character-personality-1280-dark.png	203631
tmp-records/cycle-316/review-t3-2-fix2/result-others-character-personality-1280-light.png	/home/user/yolo-web/tmp/cycle-316/review-t3-2-fix2/result-others-character-personality-1280-light.png	196278
tmp-records/cycle-316/review-t3-2-fix2/result-others-character-personality-320-dark.png	/home/user/yolo-web/tmp/cycle-316/review-t3-2-fix2/result-others-character-personality-320-dark.png	202283
tmp-records/cycle-316/review-t3-2-fix2/result-others-character-personality-320-light.png	/home/user/yolo-web/tmp/cycle-316/review-t3-2-fix2/result-others-character-personality-320-light.png	194082
tmp-records/cycle-316/review-t3-2-fix2/result-others-character-personality-375-dark.png	/home/user/yolo-web/tmp/cycle-316/review-t3-2-fix2/result-others-character-personality-375-dark.png	200616
tmp-records/cycle-316/review-t3-2-fix2/result-others-character-personality-375-light.png	/home/user/yolo-web/tmp/cycle-316/review-t3-2-fix2/result-others-character-personality-375-light.png	193301
tmp-records/cycle-316/review-t3-2-fix2/result-others-traditional-color-1280-dark.png	/home/user/yolo-web/tmp/cycle-316/review-t3-2-fix2/result-others-traditional-color-1280-dark.png	29090
tmp-records/cycle-316/review-t3-2-fix2/result-others-traditional-color-1280-light.png	/home/user/yolo-web/tmp/cycle-316/review-t3-2-fix2/result-others-traditional-color-1280-light.png	28343
tmp-records/cycle-316/review-t3-2-fix2/result-others-traditional-color-320-dark.png	/home/user/yolo-web/tmp/cycle-316/review-t3-2-fix2/result-others-traditional-color-320-dark.png	23530
tmp-records/cycle-316/review-t3-2-fix2/result-others-traditional-color-320-light.png	/home/user/yolo-web/tmp/cycle-316/review-t3-2-fix2/result-others-traditional-color-320-light.png	22847
tmp-records/cycle-316/review-t3-2-fix2/result-others-traditional-color-375-dark.png	/home/user/yolo-web/tmp/cycle-316/review-t3-2-fix2/result-others-traditional-color-375-dark.png	23649
tmp-records/cycle-316/review-t3-2-fix2/result-others-traditional-color-375-light.png	/home/user/yolo-web/tmp/cycle-316/review-t3-2-fix2/result-others-traditional-color-375-light.png	22965
tmp-records/cycle-316/review-t3-2-fix2/result-others-word-sense-personality-1280-dark.png	/home/user/yolo-web/tmp/cycle-316/review-t3-2-fix2/result-others-word-sense-personality-1280-dark.png	44879
tmp-records/cycle-316/review-t3-2-fix2/result-others-word-sense-personality-1280-light.png	/home/user/yolo-web/tmp/cycle-316/review-t3-2-fix2/result-others-word-sense-personality-1280-light.png	43757
tmp-records/cycle-316/review-t3-2-fix2/result-others-word-sense-personality-320-dark.png	/home/user/yolo-web/tmp/cycle-316/review-t3-2-fix2/result-others-word-sense-personality-320-dark.png	39295
tmp-records/cycle-316/review-t3-2-fix2/result-others-word-sense-personality-320-light.png	/home/user/yolo-web/tmp/cycle-316/review-t3-2-fix2/result-others-word-sense-personality-320-light.png	38531
tmp-records/cycle-316/review-t3-2-fix2/result-others-word-sense-personality-375-dark.png	/home/user/yolo-web/tmp/cycle-316/review-t3-2-fix2/result-others-word-sense-personality-375-dark.png	39376
tmp-records/cycle-316/review-t3-2-fix2/result-others-word-sense-personality-375-light.png	/home/user/yolo-web/tmp/cycle-316/review-t3-2-fix2/result-others-word-sense-personality-375-light.png	38466
tmp-records/cycle-316/review-t3-2-fix2/resultfull-character-personality-1280-dark.png	/home/user/yolo-web/tmp/cycle-316/review-t3-2-fix2/resultfull-character-personality-1280-dark.png	618241
tmp-records/cycle-316/review-t3-2-fix2/resultfull-character-personality-1280-light.png	/home/user/yolo-web/tmp/cycle-316/review-t3-2-fix2/resultfull-character-personality-1280-light.png	595090
tmp-records/cycle-316/review-t3-2-fix2/resultfull-character-personality-320-dark.png	/home/user/yolo-web/tmp/cycle-316/review-t3-2-fix2/resultfull-character-personality-320-dark.png	562829
tmp-records/cycle-316/review-t3-2-fix2/resultfull-character-personality-320-light.png	/home/user/yolo-web/tmp/cycle-316/review-t3-2-fix2/resultfull-character-personality-320-light.png	524280
tmp-records/cycle-316/review-t3-2-fix2/resultfull-character-personality-375-dark.png	/home/user/yolo-web/tmp/cycle-316/review-t3-2-fix2/resultfull-character-personality-375-dark.png	541682
tmp-records/cycle-316/review-t3-2-fix2/resultfull-character-personality-375-light.png	/home/user/yolo-web/tmp/cycle-316/review-t3-2-fix2/resultfull-character-personality-375-light.png	532265
tmp-records/cycle-316/review-t3-2-fix2/resultfull-traditional-color-1280-dark.png	/home/user/yolo-web/tmp/cycle-316/review-t3-2-fix2/resultfull-traditional-color-1280-dark.png	358696
tmp-records/cycle-316/review-t3-2-fix2/resultfull-traditional-color-1280-light.png	/home/user/yolo-web/tmp/cycle-316/review-t3-2-fix2/resultfull-traditional-color-1280-light.png	355736
tmp-records/cycle-316/review-t3-2-fix2/resultfull-traditional-color-320-dark.png	/home/user/yolo-web/tmp/cycle-316/review-t3-2-fix2/resultfull-traditional-color-320-dark.png	326302
tmp-records/cycle-316/review-t3-2-fix2/resultfull-traditional-color-320-light.png	/home/user/yolo-web/tmp/cycle-316/review-t3-2-fix2/resultfull-traditional-color-320-light.png	314699
tmp-records/cycle-316/review-t3-2-fix2/resultfull-traditional-color-375-dark.png	/home/user/yolo-web/tmp/cycle-316/review-t3-2-fix2/resultfull-traditional-color-375-dark.png	323702
tmp-records/cycle-316/review-t3-2-fix2/resultfull-traditional-color-375-light.png	/home/user/yolo-web/tmp/cycle-316/review-t3-2-fix2/resultfull-traditional-color-375-light.png	316400
tmp-records/cycle-316/review-t3-2-fix2/resultfull-word-sense-personality-1280-dark.png	/home/user/yolo-web/tmp/cycle-316/review-t3-2-fix2/resultfull-word-sense-personality-1280-dark.png	477198
tmp-records/cycle-316/review-t3-2-fix2/resultfull-word-sense-personality-1280-light.png	/home/user/yolo-web/tmp/cycle-316/review-t3-2-fix2/resultfull-word-sense-personality-1280-light.png	462412
tmp-records/cycle-316/review-t3-2-fix2/resultfull-word-sense-personality-320-dark.png	/home/user/yolo-web/tmp/cycle-316/review-t3-2-fix2/resultfull-word-sense-personality-320-dark.png	427991
tmp-records/cycle-316/review-t3-2-fix2/resultfull-word-sense-personality-320-light.png	/home/user/yolo-web/tmp/cycle-316/review-t3-2-fix2/resultfull-word-sense-personality-320-light.png	407036
tmp-records/cycle-316/review-t3-2-fix2/resultfull-word-sense-personality-375-dark.png	/home/user/yolo-web/tmp/cycle-316/review-t3-2-fix2/resultfull-word-sense-personality-375-dark.png	392317
tmp-records/cycle-316/review-t3-2-fix2/resultfull-word-sense-personality-375-light.png	/home/user/yolo-web/tmp/cycle-316/review-t3-2-fix2/resultfull-word-sense-personality-375-light.png	415081
tmp-records/cycle-316/review-t3-2-fix2/sb.mjs	/home/user/yolo-web/tmp/cycle-316/review-t3-2-fix2/sb.mjs	864
tmp-records/cycle-316/review-t3-2-fix2/solve.mjs	/home/user/yolo-web/tmp/cycle-316/review-t3-2-fix2/solve.mjs	4864
tmp-records/cycle-316/review-t3-2-fix2/solved-character-personality-1280-dark.png	/home/user/yolo-web/tmp/cycle-316/review-t3-2-fix2/solved-character-personality-1280-dark.png	179423
tmp-records/cycle-316/review-t3-2-fix2/solved-character-personality-1280-light.png	/home/user/yolo-web/tmp/cycle-316/review-t3-2-fix2/solved-character-personality-1280-light.png	179745
tmp-records/cycle-316/review-t3-2-fix2/solved-character-personality-320-dark.png	/home/user/yolo-web/tmp/cycle-316/review-t3-2-fix2/solved-character-personality-320-dark.png	180067
tmp-records/cycle-316/review-t3-2-fix2/solved-character-personality-320-light.png	/home/user/yolo-web/tmp/cycle-316/review-t3-2-fix2/solved-character-personality-320-light.png	179440
tmp-records/cycle-316/review-t3-2-fix2/solved-character-personality-375-dark.png	/home/user/yolo-web/tmp/cycle-316/review-t3-2-fix2/solved-character-personality-375-dark.png	172159
tmp-records/cycle-316/review-t3-2-fix2/solved-character-personality-375-light.png	/home/user/yolo-web/tmp/cycle-316/review-t3-2-fix2/solved-character-personality-375-light.png	172188
tmp-records/cycle-316/review-t3-2-fix2/solved-traditional-color-1280-dark.png	/home/user/yolo-web/tmp/cycle-316/review-t3-2-fix2/solved-traditional-color-1280-dark.png	28145
tmp-records/cycle-316/review-t3-2-fix2/solved-traditional-color-1280-light.png	/home/user/yolo-web/tmp/cycle-316/review-t3-2-fix2/solved-traditional-color-1280-light.png	28072
tmp-records/cycle-316/review-t3-2-fix2/solved-traditional-color-320-dark.png	/home/user/yolo-web/tmp/cycle-316/review-t3-2-fix2/solved-traditional-color-320-dark.png	21191
tmp-records/cycle-316/review-t3-2-fix2/solved-traditional-color-320-light.png	/home/user/yolo-web/tmp/cycle-316/review-t3-2-fix2/solved-traditional-color-320-light.png	21114
tmp-records/cycle-316/review-t3-2-fix2/solved-traditional-color-375-dark.png	/home/user/yolo-web/tmp/cycle-316/review-t3-2-fix2/solved-traditional-color-375-dark.png	21763
tmp-records/cycle-316/review-t3-2-fix2/solved-traditional-color-375-light.png	/home/user/yolo-web/tmp/cycle-316/review-t3-2-fix2/solved-traditional-color-375-light.png	21879
tmp-records/cycle-316/review-t3-2-fix2/solved-word-sense-personality-1280-dark.png	/home/user/yolo-web/tmp/cycle-316/review-t3-2-fix2/solved-word-sense-personality-1280-dark.png	41367
tmp-records/cycle-316/review-t3-2-fix2/solved-word-sense-personality-1280-light.png	/home/user/yolo-web/tmp/cycle-316/review-t3-2-fix2/solved-word-sense-personality-1280-light.png	41527
tmp-records/cycle-316/review-t3-2-fix2/solved-word-sense-personality-320-dark.png	/home/user/yolo-web/tmp/cycle-316/review-t3-2-fix2/solved-word-sense-personality-320-dark.png	35537
tmp-records/cycle-316/review-t3-2-fix2/solved-word-sense-personality-320-light.png	/home/user/yolo-web/tmp/cycle-316/review-t3-2-fix2/solved-word-sense-personality-320-light.png	35661
tmp-records/cycle-316/review-t3-2-fix2/solved-word-sense-personality-375-dark.png	/home/user/yolo-web/tmp/cycle-316/review-t3-2-fix2/solved-word-sense-personality-375-dark.png	33084
tmp-records/cycle-316/review-t3-2-fix2/solved-word-sense-personality-375-light.png	/home/user/yolo-web/tmp/cycle-316/review-t3-2-fix2/solved-word-sense-personality-375-light.png	33265
tmp-records/cycle-316/review-t3-2-fix2/solvedfull-character-personality-1280-dark.png	/home/user/yolo-web/tmp/cycle-316/review-t3-2-fix2/solvedfull-character-personality-1280-dark.png	727491
tmp-records/cycle-316/review-t3-2-fix2/solvedfull-character-personality-1280-light.png	/home/user/yolo-web/tmp/cycle-316/review-t3-2-fix2/solvedfull-character-personality-1280-light.png	702095
tmp-records/cycle-316/review-t3-2-fix2/solvedfull-character-personality-320-dark.png	/home/user/yolo-web/tmp/cycle-316/review-t3-2-fix2/solvedfull-character-personality-320-dark.png	681418
tmp-records/cycle-316/review-t3-2-fix2/solvedfull-character-personality-320-light.png	/home/user/yolo-web/tmp/cycle-316/review-t3-2-fix2/solvedfull-character-personality-320-light.png	657030
tmp-records/cycle-316/review-t3-2-fix2/solvedfull-character-personality-375-dark.png	/home/user/yolo-web/tmp/cycle-316/review-t3-2-fix2/solvedfull-character-personality-375-dark.png	655373
tmp-records/cycle-316/review-t3-2-fix2/solvedfull-character-personality-375-light.png	/home/user/yolo-web/tmp/cycle-316/review-t3-2-fix2/solvedfull-character-personality-375-light.png	659007
tmp-records/cycle-316/review-t3-2-fix2/solvedfull-traditional-color-1280-dark.png	/home/user/yolo-web/tmp/cycle-316/review-t3-2-fix2/solvedfull-traditional-color-1280-dark.png	438853
tmp-records/cycle-316/review-t3-2-fix2/solvedfull-traditional-color-1280-light.png	/home/user/yolo-web/tmp/cycle-316/review-t3-2-fix2/solvedfull-traditional-color-1280-light.png	434689
tmp-records/cycle-316/review-t3-2-fix2/solvedfull-traditional-color-320-dark.png	/home/user/yolo-web/tmp/cycle-316/review-t3-2-fix2/solvedfull-traditional-color-320-dark.png	394944
tmp-records/cycle-316/review-t3-2-fix2/solvedfull-traditional-color-320-light.png	/home/user/yolo-web/tmp/cycle-316/review-t3-2-fix2/solvedfull-traditional-color-320-light.png	388597
tmp-records/cycle-316/review-t3-2-fix2/solvedfull-traditional-color-375-dark.png	/home/user/yolo-web/tmp/cycle-316/review-t3-2-fix2/solvedfull-traditional-color-375-dark.png	394540
tmp-records/cycle-316/review-t3-2-fix2/solvedfull-traditional-color-375-light.png	/home/user/yolo-web/tmp/cycle-316/review-t3-2-fix2/solvedfull-traditional-color-375-light.png	389573
tmp-records/cycle-316/review-t3-2-fix2/solvedfull-word-sense-personality-1280-dark.png	/home/user/yolo-web/tmp/cycle-316/review-t3-2-fix2/solvedfull-word-sense-personality-1280-dark.png	600735
tmp-records/cycle-316/review-t3-2-fix2/solvedfull-word-sense-personality-1280-light.png	/home/user/yolo-web/tmp/cycle-316/review-t3-2-fix2/solvedfull-word-sense-personality-1280-light.png	588636
tmp-records/cycle-316/review-t3-2-fix2/solvedfull-word-sense-personality-320-dark.png	/home/user/yolo-web/tmp/cycle-316/review-t3-2-fix2/solvedfull-word-sense-personality-320-dark.png	563738
tmp-records/cycle-316/review-t3-2-fix2/solvedfull-word-sense-personality-320-light.png	/home/user/yolo-web/tmp/cycle-316/review-t3-2-fix2/solvedfull-word-sense-personality-320-light.png	541552
tmp-records/cycle-316/review-t3-2-fix2/solvedfull-word-sense-personality-375-dark.png	/home/user/yolo-web/tmp/cycle-316/review-t3-2-fix2/solvedfull-word-sense-personality-375-dark.png	527256
tmp-records/cycle-316/review-t3-2-fix2/solvedfull-word-sense-personality-375-light.png	/home/user/yolo-web/tmp/cycle-316/review-t3-2-fix2/solvedfull-word-sense-personality-375-light.png	544915
tmp-records/cycle-316/review-t3-2-fix2/storybook-visitor-1280-dark.png	/home/user/yolo-web/tmp/cycle-316/review-t3-2-fix2/storybook-visitor-1280-dark.png	54428
tmp-records/cycle-316/review-t3-2-fix2/storybook-visitor-375-light.png	/home/user/yolo-web/tmp/cycle-316/review-t3-2-fix2/storybook-visitor-375-light.png	47183
tmp-records/cycle-316/review-t3-2-fix2/tc.json	/home/user/yolo-web/tmp/cycle-316/review-t3-2-fix2/tc.json	52011
tmp-records/cycle-316/review-t3-2-fix2/ws.json	/home/user/yolo-web/tmp/cycle-316/review-t3-2-fix2/ws.json	16560
tmp-records/cycle-316/review-t4-13-5/build.log	/home/user/yolo-web/tmp/cycle-316/review-t4-13-5/build.log	1553
tmp-records/cycle-316/review-t4-13-5/chk1280.mjs	/home/user/yolo-web/tmp/cycle-316/review-t4-13-5/chk1280.mjs	1993
tmp-records/cycle-316/review-t4-13-5/chk1280d.mjs	/home/user/yolo-web/tmp/cycle-316/review-t4-13-5/chk1280d.mjs	1994
tmp-records/cycle-316/review-t4-13-5/cls.mjs	/home/user/yolo-web/tmp/cycle-316/review-t4-13-5/cls.mjs	3466
tmp-records/cycle-316/review-t4-13-5/diag9.mjs	/home/user/yolo-web/tmp/cycle-316/review-t4-13-5/diag9.mjs	1559
tmp-records/cycle-316/review-t4-13-5/diag9b.mjs	/home/user/yolo-web/tmp/cycle-316/review-t4-13-5/diag9b.mjs	1147
tmp-records/cycle-316/review-t4-13-5/first.mjs	/home/user/yolo-web/tmp/cycle-316/review-t4-13-5/first.mjs	1582
tmp-records/cycle-316/review-t4-13-5/grid2.mjs	/home/user/yolo-web/tmp/cycle-316/review-t4-13-5/grid2.mjs	1783
tmp-records/cycle-316/review-t4-13-5/grid5.mjs	/home/user/yolo-web/tmp/cycle-316/review-t4-13-5/grid5.mjs	3041
tmp-records/cycle-316/review-t4-13-5/grid5.txt	/home/user/yolo-web/tmp/cycle-316/review-t4-13-5/grid5.txt	9823
tmp-records/cycle-316/review-t4-13-5/grid6.mjs	/home/user/yolo-web/tmp/cycle-316/review-t4-13-5/grid6.mjs	3389
tmp-records/cycle-316/review-t4-13-5/grid6.txt	/home/user/yolo-web/tmp/cycle-316/review-t4-13-5/grid6.txt	30261
tmp-records/cycle-316/review-t4-13-5/grid7.mjs	/home/user/yolo-web/tmp/cycle-316/review-t4-13-5/grid7.mjs	3363
tmp-records/cycle-316/review-t4-13-5/grid7.txt	/home/user/yolo-web/tmp/cycle-316/review-t4-13-5/grid7.txt	71147
tmp-records/cycle-316/review-t4-13-5/kb.mjs	/home/user/yolo-web/tmp/cycle-316/review-t4-13-5/kb.mjs	1998
tmp-records/cycle-316/review-t4-13-5/kb2.mjs	/home/user/yolo-web/tmp/cycle-316/review-t4-13-5/kb2.mjs	1316
tmp-records/cycle-316/review-t4-13-5/kb5.mjs	/home/user/yolo-web/tmp/cycle-316/review-t4-13-5/kb5.mjs	2281
tmp-records/cycle-316/review-t4-13-5/lib.mjs	/home/user/yolo-web/tmp/cycle-316/review-t4-13-5/lib.mjs	4884
tmp-records/cycle-316/review-t4-13-5/out-back-mid-1280-16.log	/home/user/yolo-web/tmp/cycle-316/review-t4-13-5/out-back-mid-1280-16.log	125
tmp-records/cycle-316/review-t4-13-5/out-back-mid-1280-32.log	/home/user/yolo-web/tmp/cycle-316/review-t4-13-5/out-back-mid-1280-32.log	165
tmp-records/cycle-316/review-t4-13-5/out-back-mid-320-16.log	/home/user/yolo-web/tmp/cycle-316/review-t4-13-5/out-back-mid-320-16.log	124
tmp-records/cycle-316/review-t4-13-5/out-back-mid-320-32.log	/home/user/yolo-web/tmp/cycle-316/review-t4-13-5/out-back-mid-320-32.log	124
tmp-records/cycle-316/review-t4-13-5/out-back-mid-375-16.log	/home/user/yolo-web/tmp/cycle-316/review-t4-13-5/out-back-mid-375-16.log	124
tmp-records/cycle-316/review-t4-13-5/out-back-mid-375-32.log	/home/user/yolo-web/tmp/cycle-316/review-t4-13-5/out-back-mid-375-32.log	124
tmp-records/cycle-316/review-t4-13-5/out-back-won-1280-16.log	/home/user/yolo-web/tmp/cycle-316/review-t4-13-5/out-back-won-1280-16.log	125
tmp-records/cycle-316/review-t4-13-5/out-back-won-1280-32.log	/home/user/yolo-web/tmp/cycle-316/review-t4-13-5/out-back-won-1280-32.log	125
tmp-records/cycle-316/review-t4-13-5/out-back-won-320-16.log	/home/user/yolo-web/tmp/cycle-316/review-t4-13-5/out-back-won-320-16.log	124
tmp-records/cycle-316/review-t4-13-5/out-back-won-320-32.log	/home/user/yolo-web/tmp/cycle-316/review-t4-13-5/out-back-won-320-32.log	124
tmp-records/cycle-316/review-t4-13-5/out-back-won-375-16.log	/home/user/yolo-web/tmp/cycle-316/review-t4-13-5/out-back-won-375-16.log	124
tmp-records/cycle-316/review-t4-13-5/out-back-won-375-32.log	/home/user/yolo-web/tmp/cycle-316/review-t4-13-5/out-back-won-375-32.log	124
tmp-records/cycle-316/review-t4-13-5/out-first-1280-16.log	/home/user/yolo-web/tmp/cycle-316/review-t4-13-5/out-first-1280-16.log	142
tmp-records/cycle-316/review-t4-13-5/out-first-1280-32.log	/home/user/yolo-web/tmp/cycle-316/review-t4-13-5/out-first-1280-32.log	142
tmp-records/cycle-316/review-t4-13-5/out-first-320-16.log	/home/user/yolo-web/tmp/cycle-316/review-t4-13-5/out-first-320-16.log	141
tmp-records/cycle-316/review-t4-13-5/out-first-320-32.log	/home/user/yolo-web/tmp/cycle-316/review-t4-13-5/out-first-320-32.log	141
tmp-records/cycle-316/review-t4-13-5/out-first-375-16.log	/home/user/yolo-web/tmp/cycle-316/review-t4-13-5/out-first-375-16.log	141
tmp-records/cycle-316/review-t4-13-5/out-first-375-32.log	/home/user/yolo-web/tmp/cycle-316/review-t4-13-5/out-first-375-32.log	141
tmp-records/cycle-316/review-t4-13-5/out-link-mid-1280-16.log	/home/user/yolo-web/tmp/cycle-316/review-t4-13-5/out-link-mid-1280-16.log	121
tmp-records/cycle-316/review-t4-13-5/out-link-mid-1280-32.log	/home/user/yolo-web/tmp/cycle-316/review-t4-13-5/out-link-mid-1280-32.log	121
tmp-records/cycle-316/review-t4-13-5/out-link-mid-320-16.log	/home/user/yolo-web/tmp/cycle-316/review-t4-13-5/out-link-mid-320-16.log	120
tmp-records/cycle-316/review-t4-13-5/out-link-mid-320-32.log	/home/user/yolo-web/tmp/cycle-316/review-t4-13-5/out-link-mid-320-32.log	120
tmp-records/cycle-316/review-t4-13-5/out-link-mid-375-16.log	/home/user/yolo-web/tmp/cycle-316/review-t4-13-5/out-link-mid-375-16.log	120
tmp-records/cycle-316/review-t4-13-5/out-link-mid-375-32.log	/home/user/yolo-web/tmp/cycle-316/review-t4-13-5/out-link-mid-375-32.log	120
tmp-records/cycle-316/review-t4-13-5/out-link-won-1280-16.log	/home/user/yolo-web/tmp/cycle-316/review-t4-13-5/out-link-won-1280-16.log	121
tmp-records/cycle-316/review-t4-13-5/out-link-won-1280-32.log	/home/user/yolo-web/tmp/cycle-316/review-t4-13-5/out-link-won-1280-32.log	121
tmp-records/cycle-316/review-t4-13-5/out-link-won-320-16.log	/home/user/yolo-web/tmp/cycle-316/review-t4-13-5/out-link-won-320-16.log	120
tmp-records/cycle-316/review-t4-13-5/out-link-won-320-32.log	/home/user/yolo-web/tmp/cycle-316/review-t4-13-5/out-link-won-320-32.log	120
tmp-records/cycle-316/review-t4-13-5/out-link-won-375-16.log	/home/user/yolo-web/tmp/cycle-316/review-t4-13-5/out-link-won-375-16.log	120
tmp-records/cycle-316/review-t4-13-5/out-link-won-375-32.log	/home/user/yolo-web/tmp/cycle-316/review-t4-13-5/out-link-won-375-32.log	120
tmp-records/cycle-316/review-t4-13-5/out-reload-mid-1280-16.log	/home/user/yolo-web/tmp/cycle-316/review-t4-13-5/out-reload-mid-1280-16.log	121
tmp-records/cycle-316/review-t4-13-5/out-reload-mid-1280-32.log	/home/user/yolo-web/tmp/cycle-316/review-t4-13-5/out-reload-mid-1280-32.log	146
tmp-records/cycle-316/review-t4-13-5/out-reload-mid-320-16.log	/home/user/yolo-web/tmp/cycle-316/review-t4-13-5/out-reload-mid-320-16.log	120
tmp-records/cycle-316/review-t4-13-5/out-reload-mid-320-32.log	/home/user/yolo-web/tmp/cycle-316/review-t4-13-5/out-reload-mid-320-32.log	121
tmp-records/cycle-316/review-t4-13-5/out-reload-mid-375-16.log	/home/user/yolo-web/tmp/cycle-316/review-t4-13-5/out-reload-mid-375-16.log	120
tmp-records/cycle-316/review-t4-13-5/out-reload-mid-375-32.log	/home/user/yolo-web/tmp/cycle-316/review-t4-13-5/out-reload-mid-375-32.log	120
tmp-records/cycle-316/review-t4-13-5/out-reload-won-1280-16.log	/home/user/yolo-web/tmp/cycle-316/review-t4-13-5/out-reload-won-1280-16.log	121
tmp-records/cycle-316/review-t4-13-5/out-reload-won-1280-32.log	/home/user/yolo-web/tmp/cycle-316/review-t4-13-5/out-reload-won-1280-32.log	121
tmp-records/cycle-316/review-t4-13-5/out-reload-won-320-16.log	/home/user/yolo-web/tmp/cycle-316/review-t4-13-5/out-reload-won-320-16.log	120
tmp-records/cycle-316/review-t4-13-5/out-reload-won-320-32.log	/home/user/yolo-web/tmp/cycle-316/review-t4-13-5/out-reload-won-320-32.log	120
tmp-records/cycle-316/review-t4-13-5/out-reload-won-375-16.log	/home/user/yolo-web/tmp/cycle-316/review-t4-13-5/out-reload-won-375-16.log	120
tmp-records/cycle-316/review-t4-13-5/out-reload-won-375-32.log	/home/user/yolo-web/tmp/cycle-316/review-t4-13-5/out-reload-won-375-32.log	120
tmp-records/cycle-316/review-t4-13-5/out-reopen-mid-1280-16.log	/home/user/yolo-web/tmp/cycle-316/review-t4-13-5/out-reopen-mid-1280-16.log	147
tmp-records/cycle-316/review-t4-13-5/out-reopen-mid-1280-32.log	/home/user/yolo-web/tmp/cycle-316/review-t4-13-5/out-reopen-mid-1280-32.log	147
tmp-records/cycle-316/review-t4-13-5/out-reopen-mid-320-16.log	/home/user/yolo-web/tmp/cycle-316/review-t4-13-5/out-reopen-mid-320-16.log	146
tmp-records/cycle-316/review-t4-13-5/out-reopen-mid-320-32.log	/home/user/yolo-web/tmp/cycle-316/review-t4-13-5/out-reopen-mid-320-32.log	146
tmp-records/cycle-316/review-t4-13-5/out-reopen-mid-375-16.log	/home/user/yolo-web/tmp/cycle-316/review-t4-13-5/out-reopen-mid-375-16.log	146
tmp-records/cycle-316/review-t4-13-5/out-reopen-mid-375-32.log	/home/user/yolo-web/tmp/cycle-316/review-t4-13-5/out-reopen-mid-375-32.log	146
tmp-records/cycle-316/review-t4-13-5/out-reopen-won-1280-16.log	/home/user/yolo-web/tmp/cycle-316/review-t4-13-5/out-reopen-won-1280-16.log	155
tmp-records/cycle-316/review-t4-13-5/out-reopen-won-1280-32.log	/home/user/yolo-web/tmp/cycle-316/review-t4-13-5/out-reopen-won-1280-32.log	147
tmp-records/cycle-316/review-t4-13-5/out-reopen-won-320-16.log	/home/user/yolo-web/tmp/cycle-316/review-t4-13-5/out-reopen-won-320-16.log	146
tmp-records/cycle-316/review-t4-13-5/out-reopen-won-320-32.log	/home/user/yolo-web/tmp/cycle-316/review-t4-13-5/out-reopen-won-320-32.log	154
tmp-records/cycle-316/review-t4-13-5/out-reopen-won-375-16.log	/home/user/yolo-web/tmp/cycle-316/review-t4-13-5/out-reopen-won-375-16.log	146
tmp-records/cycle-316/review-t4-13-5/out-reopen-won-375-32.log	/home/user/yolo-web/tmp/cycle-316/review-t4-13-5/out-reopen-won-375-32.log	146
tmp-records/cycle-316/review-t4-13-5/page.html	/home/user/yolo-web/tmp/cycle-316/review-t4-13-5/page.html	63363
tmp-records/cycle-316/review-t4-13-5/pb.ts	/home/user/yolo-web/tmp/cycle-316/review-t4-13-5/pb.ts	24266
tmp-records/cycle-316/review-t4-13-5/phr-all.json	/home/user/yolo-web/tmp/cycle-316/review-t4-13-5/phr-all.json	11302
tmp-records/cycle-316/review-t4-13-5/phr-days.json	/home/user/yolo-web/tmp/cycle-316/review-t4-13-5/phr-days.json	1264
tmp-records/cycle-316/review-t4-13-5/phr.json	/home/user/yolo-web/tmp/cycle-316/review-t4-13-5/phr.json	2610
tmp-records/cycle-316/review-t4-13-5/phr.ts	/home/user/yolo-web/tmp/cycle-316/review-t4-13-5/phr.ts	725
tmp-records/cycle-316/review-t4-13-5/play.mjs	/home/user/yolo-web/tmp/cycle-316/review-t4-13-5/play.mjs	2263
tmp-records/cycle-316/review-t4-13-5/rot.mjs	/home/user/yolo-web/tmp/cycle-316/review-t4-13-5/rot.mjs	1356
tmp-records/cycle-316/review-t4-13-5/rot5.mjs	/home/user/yolo-web/tmp/cycle-316/review-t4-13-5/rot5.mjs	1834
tmp-records/cycle-316/review-t4-13-5/runall.sh	/home/user/yolo-web/tmp/cycle-316/review-t4-13-5/runall.sh	387
tmp-records/cycle-316/review-t4-13-5/server.log	/home/user/yolo-web/tmp/cycle-316/review-t4-13-5/server.log	392
tmp-records/cycle-316/review-t4-13-5/shots.mjs	/home/user/yolo-web/tmp/cycle-316/review-t4-13-5/shots.mjs	495
tmp-records/cycle-316/review-t4-13-5/shots/end-loss-320-32.png	/home/user/yolo-web/tmp/cycle-316/review-t4-13-5/shots/end-loss-320-32.png	817903
tmp-records/cycle-316/review-t4-13-5/shots/end-loss-375-16.png	/home/user/yolo-web/tmp/cycle-316/review-t4-13-5/shots/end-loss-375-16.png	364805
tmp-records/cycle-316/review-t4-13-5/shots/end-loss0-320-32.png	/home/user/yolo-web/tmp/cycle-316/review-t4-13-5/shots/end-loss0-320-32.png	815801
tmp-records/cycle-316/review-t4-13-5/shots/end-loss0-375-16.png	/home/user/yolo-web/tmp/cycle-316/review-t4-13-5/shots/end-loss0-375-16.png	363260
tmp-records/cycle-316/review-t4-13-5/shots/end-win-320-32.png	/home/user/yolo-web/tmp/cycle-316/review-t4-13-5/shots/end-win-320-32.png	816628
tmp-records/cycle-316/review-t4-13-5/shots/end-win-375-16.png	/home/user/yolo-web/tmp/cycle-316/review-t4-13-5/shots/end-win-375-16.png	364757
tmp-records/cycle-316/review-t4-13-5/shots/kb-bad-320-568-16-lose-bottom.png	/home/user/yolo-web/tmp/cycle-316/review-t4-13-5/shots/kb-bad-320-568-16-lose-bottom.png	38754
tmp-records/cycle-316/review-t4-13-5/shots/kb-bad-320-568-16-lose-center.png	/home/user/yolo-web/tmp/cycle-316/review-t4-13-5/shots/kb-bad-320-568-16-lose-center.png	35940
tmp-records/cycle-316/review-t4-13-5/shots/kb-bad-320-568-16-lose-top.png	/home/user/yolo-web/tmp/cycle-316/review-t4-13-5/shots/kb-bad-320-568-16-lose-top.png	35923
tmp-records/cycle-316/review-t4-13-5/shots/kb-bad-320-568-16-win-bottom.png	/home/user/yolo-web/tmp/cycle-316/review-t4-13-5/shots/kb-bad-320-568-16-win-bottom.png	40915
tmp-records/cycle-316/review-t4-13-5/shots/kb-bad-320-568-16-win-center.png	/home/user/yolo-web/tmp/cycle-316/review-t4-13-5/shots/kb-bad-320-568-16-win-center.png	36810
tmp-records/cycle-316/review-t4-13-5/shots/kb-bad-320-568-16-win-top.png	/home/user/yolo-web/tmp/cycle-316/review-t4-13-5/shots/kb-bad-320-568-16-win-top.png	28996
tmp-records/cycle-316/review-t4-13-5/shots/kb-bad-320-568-32-lose-bottom.png	/home/user/yolo-web/tmp/cycle-316/review-t4-13-5/shots/kb-bad-320-568-32-lose-bottom.png	26777
tmp-records/cycle-316/review-t4-13-5/shots/kb-bad-320-568-32-lose-center.png	/home/user/yolo-web/tmp/cycle-316/review-t4-13-5/shots/kb-bad-320-568-32-lose-center.png	26713
tmp-records/cycle-316/review-t4-13-5/shots/kb-bad-320-568-32-lose-top.png	/home/user/yolo-web/tmp/cycle-316/review-t4-13-5/shots/kb-bad-320-568-32-lose-top.png	26777
tmp-records/cycle-316/review-t4-13-5/shots/kb-bad-320-568-32-win-bottom.png	/home/user/yolo-web/tmp/cycle-316/review-t4-13-5/shots/kb-bad-320-568-32-win-bottom.png	27251
tmp-records/cycle-316/review-t4-13-5/shots/kb-bad-320-568-32-win-center.png	/home/user/yolo-web/tmp/cycle-316/review-t4-13-5/shots/kb-bad-320-568-32-win-center.png	27363
tmp-records/cycle-316/review-t4-13-5/shots/kb-bad-320-568-32-win-top.png	/home/user/yolo-web/tmp/cycle-316/review-t4-13-5/shots/kb-bad-320-568-32-win-top.png	27622
tmp-records/cycle-316/review-t4-13-5/shots/kb-bad-320-667-16-lose-bottom.png	/home/user/yolo-web/tmp/cycle-316/review-t4-13-5/shots/kb-bad-320-667-16-lose-bottom.png	47344
tmp-records/cycle-316/review-t4-13-5/shots/kb-bad-320-667-16-lose-center.png	/home/user/yolo-web/tmp/cycle-316/review-t4-13-5/shots/kb-bad-320-667-16-lose-center.png	41074
tmp-records/cycle-316/review-t4-13-5/shots/kb-bad-320-667-16-lose-top.png	/home/user/yolo-web/tmp/cycle-316/review-t4-13-5/shots/kb-bad-320-667-16-lose-top.png	41074
tmp-records/cycle-316/review-t4-13-5/shots/kb-bad-320-667-16-win-bottom.png	/home/user/yolo-web/tmp/cycle-316/review-t4-13-5/shots/kb-bad-320-667-16-win-bottom.png	50897
tmp-records/cycle-316/review-t4-13-5/shots/kb-bad-320-667-16-win-center.png	/home/user/yolo-web/tmp/cycle-316/review-t4-13-5/shots/kb-bad-320-667-16-win-center.png	42012
tmp-records/cycle-316/review-t4-13-5/shots/kb-bad-320-667-16-win-top.png	/home/user/yolo-web/tmp/cycle-316/review-t4-13-5/shots/kb-bad-320-667-16-win-top.png	32009
tmp-records/cycle-316/review-t4-13-5/shots/kb-bad-320-667-32-lose-bottom.png	/home/user/yolo-web/tmp/cycle-316/review-t4-13-5/shots/kb-bad-320-667-32-lose-bottom.png	33332
tmp-records/cycle-316/review-t4-13-5/shots/kb-bad-320-667-32-lose-center.png	/home/user/yolo-web/tmp/cycle-316/review-t4-13-5/shots/kb-bad-320-667-32-lose-center.png	33332
tmp-records/cycle-316/review-t4-13-5/shots/kb-bad-320-667-32-lose-top.png	/home/user/yolo-web/tmp/cycle-316/review-t4-13-5/shots/kb-bad-320-667-32-lose-top.png	33332
tmp-records/cycle-316/review-t4-13-5/shots/kb-bad-320-667-32-win-bottom.png	/home/user/yolo-web/tmp/cycle-316/review-t4-13-5/shots/kb-bad-320-667-32-win-bottom.png	34342
tmp-records/cycle-316/review-t4-13-5/shots/kb-bad-320-667-32-win-center.png	/home/user/yolo-web/tmp/cycle-316/review-t4-13-5/shots/kb-bad-320-667-32-win-center.png	29885
tmp-records/cycle-316/review-t4-13-5/shots/kb-bad-320-667-32-win-top.png	/home/user/yolo-web/tmp/cycle-316/review-t4-13-5/shots/kb-bad-320-667-32-win-top.png	32215
tmp-records/cycle-316/review-t4-13-5/shots/kb-bad-375-667-16-lose-bottom.png	/home/user/yolo-web/tmp/cycle-316/review-t4-13-5/shots/kb-bad-375-667-16-lose-bottom.png	48133
tmp-records/cycle-316/review-t4-13-5/shots/kb-bad-375-667-16-lose-center.png	/home/user/yolo-web/tmp/cycle-316/review-t4-13-5/shots/kb-bad-375-667-16-lose-center.png	42122
tmp-records/cycle-316/review-t4-13-5/shots/kb-bad-375-667-16-lose-top.png	/home/user/yolo-web/tmp/cycle-316/review-t4-13-5/shots/kb-bad-375-667-16-lose-top.png	42353
tmp-records/cycle-316/review-t4-13-5/shots/kb-bad-375-667-16-win-bottom.png	/home/user/yolo-web/tmp/cycle-316/review-t4-13-5/shots/kb-bad-375-667-16-win-bottom.png	51957
tmp-records/cycle-316/review-t4-13-5/shots/kb-bad-375-667-16-win-center.png	/home/user/yolo-web/tmp/cycle-316/review-t4-13-5/shots/kb-bad-375-667-16-win-center.png	45872
tmp-records/cycle-316/review-t4-13-5/shots/kb-bad-375-667-16-win-top.png	/home/user/yolo-web/tmp/cycle-316/review-t4-13-5/shots/kb-bad-375-667-16-win-top.png	33564
tmp-records/cycle-316/review-t4-13-5/shots/kb-bad-375-667-32-lose-bottom.png	/home/user/yolo-web/tmp/cycle-316/review-t4-13-5/shots/kb-bad-375-667-32-lose-bottom.png	42247
tmp-records/cycle-316/review-t4-13-5/shots/kb-bad-375-667-32-lose-center.png	/home/user/yolo-web/tmp/cycle-316/review-t4-13-5/shots/kb-bad-375-667-32-lose-center.png	42289
tmp-records/cycle-316/review-t4-13-5/shots/kb-bad-375-667-32-lose-top.png	/home/user/yolo-web/tmp/cycle-316/review-t4-13-5/shots/kb-bad-375-667-32-lose-top.png	42289
tmp-records/cycle-316/review-t4-13-5/shots/kb-bad-375-667-32-win-bottom.png	/home/user/yolo-web/tmp/cycle-316/review-t4-13-5/shots/kb-bad-375-667-32-win-bottom.png	45099
tmp-records/cycle-316/review-t4-13-5/shots/kb-bad-375-667-32-win-center.png	/home/user/yolo-web/tmp/cycle-316/review-t4-13-5/shots/kb-bad-375-667-32-win-center.png	36786
tmp-records/cycle-316/review-t4-13-5/shots/kb-bad-375-667-32-win-top.png	/home/user/yolo-web/tmp/cycle-316/review-t4-13-5/shots/kb-bad-375-667-32-win-top.png	36486
tmp-records/cycle-316/review-t4-13-5/shots/rot-375-667-16.png	/home/user/yolo-web/tmp/cycle-316/review-t4-13-5/shots/rot-375-667-16.png	22001
tmp-records/cycle-316/review-t4-13-5/shots/v-1280-16-d-won.png	/home/user/yolo-web/tmp/cycle-316/review-t4-13-5/shots/v-1280-16-d-won.png	73459
tmp-records/cycle-316/review-t4-13-5/shots/v-1280-16-l-first.png	/home/user/yolo-web/tmp/cycle-316/review-t4-13-5/shots/v-1280-16-l-first.png	61778
tmp-records/cycle-316/review-t4-13-5/shots/v-320-16-l-first.png	/home/user/yolo-web/tmp/cycle-316/review-t4-13-5/shots/v-320-16-l-first.png	29244
tmp-records/cycle-316/review-t4-13-5/shots/v-375-32-d-mid.png	/home/user/yolo-web/tmp/cycle-316/review-t4-13-5/shots/v-375-32-d-mid.png	38661
tmp-records/cycle-316/review-t4-13-6/build.log	/home/user/yolo-web/tmp/cycle-316/review-t4-13-6/build.log	1550
tmp-records/cycle-316/review-t4-13-6/chk1280.mjs	/home/user/yolo-web/tmp/cycle-316/review-t4-13-6/chk1280.mjs	1993
tmp-records/cycle-316/review-t4-13-6/chk1280d.mjs	/home/user/yolo-web/tmp/cycle-316/review-t4-13-6/chk1280d.mjs	1993
tmp-records/cycle-316/review-t4-13-6/cls.mjs	/home/user/yolo-web/tmp/cycle-316/review-t4-13-6/cls.mjs	3466
tmp-records/cycle-316/review-t4-13-6/ctl.mjs	/home/user/yolo-web/tmp/cycle-316/review-t4-13-6/ctl.mjs	471
tmp-records/cycle-316/review-t4-13-6/dbg.mjs	/home/user/yolo-web/tmp/cycle-316/review-t4-13-6/dbg.mjs	617
tmp-records/cycle-316/review-t4-13-6/diag9.mjs	/home/user/yolo-web/tmp/cycle-316/review-t4-13-6/diag9.mjs	1559
tmp-records/cycle-316/review-t4-13-6/diag9b.mjs	/home/user/yolo-web/tmp/cycle-316/review-t4-13-6/diag9b.mjs	1147
tmp-records/cycle-316/review-t4-13-6/first.mjs	/home/user/yolo-web/tmp/cycle-316/review-t4-13-6/first.mjs	1582
tmp-records/cycle-316/review-t4-13-6/gap.mjs	/home/user/yolo-web/tmp/cycle-316/review-t4-13-6/gap.mjs	1857
tmp-records/cycle-316/review-t4-13-6/grid2.mjs	/home/user/yolo-web/tmp/cycle-316/review-t4-13-6/grid2.mjs	1783
tmp-records/cycle-316/review-t4-13-6/grid5.mjs	/home/user/yolo-web/tmp/cycle-316/review-t4-13-6/grid5.mjs	3041
tmp-records/cycle-316/review-t4-13-6/grid6.mjs	/home/user/yolo-web/tmp/cycle-316/review-t4-13-6/grid6.mjs	3377
tmp-records/cycle-316/review-t4-13-6/grid6.txt	/home/user/yolo-web/tmp/cycle-316/review-t4-13-6/grid6.txt	7368
tmp-records/cycle-316/review-t4-13-6/grid6alt.mjs	/home/user/yolo-web/tmp/cycle-316/review-t4-13-6/grid6alt.mjs	3487
tmp-records/cycle-316/review-t4-13-6/grid6alt.txt	/home/user/yolo-web/tmp/cycle-316/review-t4-13-6/grid6alt.txt	78568
tmp-records/cycle-316/review-t4-13-6/grid7.mjs	/home/user/yolo-web/tmp/cycle-316/review-t4-13-6/grid7.mjs	3363
tmp-records/cycle-316/review-t4-13-6/kb.mjs	/home/user/yolo-web/tmp/cycle-316/review-t4-13-6/kb.mjs	1998
tmp-records/cycle-316/review-t4-13-6/kb2.mjs	/home/user/yolo-web/tmp/cycle-316/review-t4-13-6/kb2.mjs	1316
tmp-records/cycle-316/review-t4-13-6/kb5.mjs	/home/user/yolo-web/tmp/cycle-316/review-t4-13-6/kb5.mjs	2282
tmp-records/cycle-316/review-t4-13-6/kb5.txt	/home/user/yolo-web/tmp/cycle-316/review-t4-13-6/kb5.txt	11123
tmp-records/cycle-316/review-t4-13-6/lib.mjs	/home/user/yolo-web/tmp/cycle-316/review-t4-13-6/lib.mjs	4884
tmp-records/cycle-316/review-t4-13-6/newsize.mjs	/home/user/yolo-web/tmp/cycle-316/review-t4-13-6/newsize.mjs	1203
tmp-records/cycle-316/review-t4-13-6/out-back-mid-1280-16.log	/home/user/yolo-web/tmp/cycle-316/review-t4-13-6/out-back-mid-1280-16.log	125
tmp-records/cycle-316/review-t4-13-6/out-back-mid-1280-32.log	/home/user/yolo-web/tmp/cycle-316/review-t4-13-6/out-back-mid-1280-32.log	165
tmp-records/cycle-316/review-t4-13-6/out-back-mid-320-16.log	/home/user/yolo-web/tmp/cycle-316/review-t4-13-6/out-back-mid-320-16.log	124
tmp-records/cycle-316/review-t4-13-6/out-back-mid-320-32.log	/home/user/yolo-web/tmp/cycle-316/review-t4-13-6/out-back-mid-320-32.log	124
tmp-records/cycle-316/review-t4-13-6/out-back-mid-375-16.log	/home/user/yolo-web/tmp/cycle-316/review-t4-13-6/out-back-mid-375-16.log	124
tmp-records/cycle-316/review-t4-13-6/out-back-mid-375-32.log	/home/user/yolo-web/tmp/cycle-316/review-t4-13-6/out-back-mid-375-32.log	124
tmp-records/cycle-316/review-t4-13-6/out-back-won-1280-16.log	/home/user/yolo-web/tmp/cycle-316/review-t4-13-6/out-back-won-1280-16.log	125
tmp-records/cycle-316/review-t4-13-6/out-back-won-1280-32.log	/home/user/yolo-web/tmp/cycle-316/review-t4-13-6/out-back-won-1280-32.log	125
tmp-records/cycle-316/review-t4-13-6/out-back-won-320-16.log	/home/user/yolo-web/tmp/cycle-316/review-t4-13-6/out-back-won-320-16.log	124
tmp-records/cycle-316/review-t4-13-6/out-back-won-320-32.log	/home/user/yolo-web/tmp/cycle-316/review-t4-13-6/out-back-won-320-32.log	124
tmp-records/cycle-316/review-t4-13-6/out-back-won-375-16.log	/home/user/yolo-web/tmp/cycle-316/review-t4-13-6/out-back-won-375-16.log	124
tmp-records/cycle-316/review-t4-13-6/out-back-won-375-32.log	/home/user/yolo-web/tmp/cycle-316/review-t4-13-6/out-back-won-375-32.log	124
tmp-records/cycle-316/review-t4-13-6/out-first-1280-16.log	/home/user/yolo-web/tmp/cycle-316/review-t4-13-6/out-first-1280-16.log	142
tmp-records/cycle-316/review-t4-13-6/out-first-1280-32.log	/home/user/yolo-web/tmp/cycle-316/review-t4-13-6/out-first-1280-32.log	142
tmp-records/cycle-316/review-t4-13-6/out-first-320-16.log	/home/user/yolo-web/tmp/cycle-316/review-t4-13-6/out-first-320-16.log	141
tmp-records/cycle-316/review-t4-13-6/out-first-320-32.log	/home/user/yolo-web/tmp/cycle-316/review-t4-13-6/out-first-320-32.log	141
tmp-records/cycle-316/review-t4-13-6/out-first-375-16.log	/home/user/yolo-web/tmp/cycle-316/review-t4-13-6/out-first-375-16.log	141
tmp-records/cycle-316/review-t4-13-6/out-first-375-32.log	/home/user/yolo-web/tmp/cycle-316/review-t4-13-6/out-first-375-32.log	141
tmp-records/cycle-316/review-t4-13-6/out-link-mid-1280-16.log	/home/user/yolo-web/tmp/cycle-316/review-t4-13-6/out-link-mid-1280-16.log	121
tmp-records/cycle-316/review-t4-13-6/out-link-mid-1280-32.log	/home/user/yolo-web/tmp/cycle-316/review-t4-13-6/out-link-mid-1280-32.log	121
tmp-records/cycle-316/review-t4-13-6/out-link-mid-320-16.log	/home/user/yolo-web/tmp/cycle-316/review-t4-13-6/out-link-mid-320-16.log	120
tmp-records/cycle-316/review-t4-13-6/out-link-mid-320-32.log	/home/user/yolo-web/tmp/cycle-316/review-t4-13-6/out-link-mid-320-32.log	120
tmp-records/cycle-316/review-t4-13-6/out-link-mid-375-16.log	/home/user/yolo-web/tmp/cycle-316/review-t4-13-6/out-link-mid-375-16.log	120
tmp-records/cycle-316/review-t4-13-6/out-link-mid-375-32.log	/home/user/yolo-web/tmp/cycle-316/review-t4-13-6/out-link-mid-375-32.log	120
tmp-records/cycle-316/review-t4-13-6/out-link-won-1280-16.log	/home/user/yolo-web/tmp/cycle-316/review-t4-13-6/out-link-won-1280-16.log	121
tmp-records/cycle-316/review-t4-13-6/out-link-won-1280-32.log	/home/user/yolo-web/tmp/cycle-316/review-t4-13-6/out-link-won-1280-32.log	121
tmp-records/cycle-316/review-t4-13-6/out-link-won-320-16.log	/home/user/yolo-web/tmp/cycle-316/review-t4-13-6/out-link-won-320-16.log	120
tmp-records/cycle-316/review-t4-13-6/out-link-won-320-32.log	/home/user/yolo-web/tmp/cycle-316/review-t4-13-6/out-link-won-320-32.log	120
tmp-records/cycle-316/review-t4-13-6/out-link-won-375-16.log	/home/user/yolo-web/tmp/cycle-316/review-t4-13-6/out-link-won-375-16.log	120
tmp-records/cycle-316/review-t4-13-6/out-link-won-375-32.log	/home/user/yolo-web/tmp/cycle-316/review-t4-13-6/out-link-won-375-32.log	120
tmp-records/cycle-316/review-t4-13-6/out-reload-mid-1280-16.log	/home/user/yolo-web/tmp/cycle-316/review-t4-13-6/out-reload-mid-1280-16.log	121
tmp-records/cycle-316/review-t4-13-6/out-reload-mid-1280-32.log	/home/user/yolo-web/tmp/cycle-316/review-t4-13-6/out-reload-mid-1280-32.log	161
tmp-records/cycle-316/review-t4-13-6/out-reload-mid-320-16.log	/home/user/yolo-web/tmp/cycle-316/review-t4-13-6/out-reload-mid-320-16.log	120
tmp-records/cycle-316/review-t4-13-6/out-reload-mid-320-32.log	/home/user/yolo-web/tmp/cycle-316/review-t4-13-6/out-reload-mid-320-32.log	120
tmp-records/cycle-316/review-t4-13-6/out-reload-mid-375-16.log	/home/user/yolo-web/tmp/cycle-316/review-t4-13-6/out-reload-mid-375-16.log	120
tmp-records/cycle-316/review-t4-13-6/out-reload-mid-375-32.log	/home/user/yolo-web/tmp/cycle-316/review-t4-13-6/out-reload-mid-375-32.log	120
tmp-records/cycle-316/review-t4-13-6/out-reload-won-1280-16.log	/home/user/yolo-web/tmp/cycle-316/review-t4-13-6/out-reload-won-1280-16.log	121
tmp-records/cycle-316/review-t4-13-6/out-reload-won-1280-32.log	/home/user/yolo-web/tmp/cycle-316/review-t4-13-6/out-reload-won-1280-32.log	121
tmp-records/cycle-316/review-t4-13-6/out-reload-won-320-16.log	/home/user/yolo-web/tmp/cycle-316/review-t4-13-6/out-reload-won-320-16.log	120
tmp-records/cycle-316/review-t4-13-6/out-reload-won-320-32.log	/home/user/yolo-web/tmp/cycle-316/review-t4-13-6/out-reload-won-320-32.log	120
tmp-records/cycle-316/review-t4-13-6/out-reload-won-375-16.log	/home/user/yolo-web/tmp/cycle-316/review-t4-13-6/out-reload-won-375-16.log	120
tmp-records/cycle-316/review-t4-13-6/out-reload-won-375-32.log	/home/user/yolo-web/tmp/cycle-316/review-t4-13-6/out-reload-won-375-32.log	120
tmp-records/cycle-316/review-t4-13-6/out-reopen-mid-1280-16.log	/home/user/yolo-web/tmp/cycle-316/review-t4-13-6/out-reopen-mid-1280-16.log	147
tmp-records/cycle-316/review-t4-13-6/out-reopen-mid-1280-32.log	/home/user/yolo-web/tmp/cycle-316/review-t4-13-6/out-reopen-mid-1280-32.log	147
tmp-records/cycle-316/review-t4-13-6/out-reopen-mid-320-16.log	/home/user/yolo-web/tmp/cycle-316/review-t4-13-6/out-reopen-mid-320-16.log	146
tmp-records/cycle-316/review-t4-13-6/out-reopen-mid-320-32.log	/home/user/yolo-web/tmp/cycle-316/review-t4-13-6/out-reopen-mid-320-32.log	146
tmp-records/cycle-316/review-t4-13-6/out-reopen-mid-375-16.log	/home/user/yolo-web/tmp/cycle-316/review-t4-13-6/out-reopen-mid-375-16.log	146
tmp-records/cycle-316/review-t4-13-6/out-reopen-mid-375-32.log	/home/user/yolo-web/tmp/cycle-316/review-t4-13-6/out-reopen-mid-375-32.log	146
tmp-records/cycle-316/review-t4-13-6/out-reopen-won-1280-16.log	/home/user/yolo-web/tmp/cycle-316/review-t4-13-6/out-reopen-won-1280-16.log	155
tmp-records/cycle-316/review-t4-13-6/out-reopen-won-1280-32.log	/home/user/yolo-web/tmp/cycle-316/review-t4-13-6/out-reopen-won-1280-32.log	147
tmp-records/cycle-316/review-t4-13-6/out-reopen-won-320-16.log	/home/user/yolo-web/tmp/cycle-316/review-t4-13-6/out-reopen-won-320-16.log	146
tmp-records/cycle-316/review-t4-13-6/out-reopen-won-320-32.log	/home/user/yolo-web/tmp/cycle-316/review-t4-13-6/out-reopen-won-320-32.log	154
tmp-records/cycle-316/review-t4-13-6/out-reopen-won-375-16.log	/home/user/yolo-web/tmp/cycle-316/review-t4-13-6/out-reopen-won-375-16.log	146
tmp-records/cycle-316/review-t4-13-6/out-reopen-won-375-32.log	/home/user/yolo-web/tmp/cycle-316/review-t4-13-6/out-reopen-won-375-32.log	146
tmp-records/cycle-316/review-t4-13-6/pb.ts	/home/user/yolo-web/tmp/cycle-316/review-t4-13-6/pb.ts	24266
tmp-records/cycle-316/review-t4-13-6/pb6.ts	/home/user/yolo-web/tmp/cycle-316/review-t4-13-6/pb6.ts	24554
tmp-records/cycle-316/review-t4-13-6/phr-all.json	/home/user/yolo-web/tmp/cycle-316/review-t4-13-6/phr-all.json	11033
tmp-records/cycle-316/review-t4-13-6/phr-days.json	/home/user/yolo-web/tmp/cycle-316/review-t4-13-6/phr-days.json	1264
tmp-records/cycle-316/review-t4-13-6/phr.json	/home/user/yolo-web/tmp/cycle-316/review-t4-13-6/phr.json	2610
tmp-records/cycle-316/review-t4-13-6/phr.ts	/home/user/yolo-web/tmp/cycle-316/review-t4-13-6/phr.ts	725
tmp-records/cycle-316/review-t4-13-6/phr6.ts	/home/user/yolo-web/tmp/cycle-316/review-t4-13-6/phr6.ts	788
tmp-records/cycle-316/review-t4-13-6/play.mjs	/home/user/yolo-web/tmp/cycle-316/review-t4-13-6/play.mjs	2263
tmp-records/cycle-316/review-t4-13-6/rel.mjs	/home/user/yolo-web/tmp/cycle-316/review-t4-13-6/rel.mjs	867
tmp-records/cycle-316/review-t4-13-6/rot.mjs	/home/user/yolo-web/tmp/cycle-316/review-t4-13-6/rot.mjs	1356
tmp-records/cycle-316/review-t4-13-6/rot5.mjs	/home/user/yolo-web/tmp/cycle-316/review-t4-13-6/rot5.mjs	1834
tmp-records/cycle-316/review-t4-13-6/rotdbg.mjs	/home/user/yolo-web/tmp/cycle-316/review-t4-13-6/rotdbg.mjs	1297
tmp-records/cycle-316/review-t4-13-6/runall.sh	/home/user/yolo-web/tmp/cycle-316/review-t4-13-6/runall.sh	387
tmp-records/cycle-316/review-t4-13-6/server.log	/home/user/yolo-web/tmp/cycle-316/review-t4-13-6/server.log	392
tmp-records/cycle-316/review-t4-13-6/shots.mjs	/home/user/yolo-web/tmp/cycle-316/review-t4-13-6/shots.mjs	495
tmp-records/cycle-316/review-t4-13-6/shots/ctl-1280-32-l.png	/home/user/yolo-web/tmp/cycle-316/review-t4-13-6/shots/ctl-1280-32-l.png	78508
tmp-records/cycle-316/review-t4-13-6/shots/ctl-375-16-d.png	/home/user/yolo-web/tmp/cycle-316/review-t4-13-6/shots/ctl-375-16-d.png	42001
tmp-records/cycle-316/review-t4-13-6/shots/end-loss-320-32.png	/home/user/yolo-web/tmp/cycle-316/review-t4-13-6/shots/end-loss-320-32.png	817903
tmp-records/cycle-316/review-t4-13-6/shots/end-loss-375-16.png	/home/user/yolo-web/tmp/cycle-316/review-t4-13-6/shots/end-loss-375-16.png	364805
tmp-records/cycle-316/review-t4-13-6/shots/end-loss0-320-32.png	/home/user/yolo-web/tmp/cycle-316/review-t4-13-6/shots/end-loss0-320-32.png	815801
tmp-records/cycle-316/review-t4-13-6/shots/end-loss0-375-16.png	/home/user/yolo-web/tmp/cycle-316/review-t4-13-6/shots/end-loss0-375-16.png	363260
tmp-records/cycle-316/review-t4-13-6/shots/end-win-320-32.png	/home/user/yolo-web/tmp/cycle-316/review-t4-13-6/shots/end-win-320-32.png	816628
tmp-records/cycle-316/review-t4-13-6/shots/end-win-375-16.png	/home/user/yolo-web/tmp/cycle-316/review-t4-13-6/shots/end-win-375-16.png	364757
tmp-records/cycle-316/review-t4-13-6/shots/first-1280-16-d.png	/home/user/yolo-web/tmp/cycle-316/review-t4-13-6/shots/first-1280-16-d.png	63098
tmp-records/cycle-316/review-t4-13-6/shots/first-1280-16-l.png	/home/user/yolo-web/tmp/cycle-316/review-t4-13-6/shots/first-1280-16-l.png	61436
tmp-records/cycle-316/review-t4-13-6/shots/first-1280-32-d.png	/home/user/yolo-web/tmp/cycle-316/review-t4-13-6/shots/first-1280-32-d.png	82045
tmp-records/cycle-316/review-t4-13-6/shots/first-1280-32-l.png	/home/user/yolo-web/tmp/cycle-316/review-t4-13-6/shots/first-1280-32-l.png	80329
tmp-records/cycle-316/review-t4-13-6/shots/first-320-16-d.png	/home/user/yolo-web/tmp/cycle-316/review-t4-13-6/shots/first-320-16-d.png	30388
tmp-records/cycle-316/review-t4-13-6/shots/first-320-16-l.png	/home/user/yolo-web/tmp/cycle-316/review-t4-13-6/shots/first-320-16-l.png	29234
tmp-records/cycle-316/review-t4-13-6/shots/first-320-32-d.png	/home/user/yolo-web/tmp/cycle-316/review-t4-13-6/shots/first-320-32-d.png	27758
tmp-records/cycle-316/review-t4-13-6/shots/first-320-32-l.png	/home/user/yolo-web/tmp/cycle-316/review-t4-13-6/shots/first-320-32-l.png	27283
tmp-records/cycle-316/review-t4-13-6/shots/first-375-16-d.png	/home/user/yolo-web/tmp/cycle-316/review-t4-13-6/shots/first-375-16-d.png	36974
tmp-records/cycle-316/review-t4-13-6/shots/first-375-16-l.png	/home/user/yolo-web/tmp/cycle-316/review-t4-13-6/shots/first-375-16-l.png	35626
tmp-records/cycle-316/review-t4-13-6/shots/first-375-32-d.png	/home/user/yolo-web/tmp/cycle-316/review-t4-13-6/shots/first-375-32-d.png	38661
tmp-records/cycle-316/review-t4-13-6/shots/first-375-32-l.png	/home/user/yolo-web/tmp/cycle-316/review-t4-13-6/shots/first-375-32-l.png	37893
tmp-records/cycle-316/review-t4-13-6/shots/grid20-1280-16-d.png	/home/user/yolo-web/tmp/cycle-316/review-t4-13-6/shots/grid20-1280-16-d.png	11478
tmp-records/cycle-316/review-t4-13-6/shots/grid20-1280-16-l.png	/home/user/yolo-web/tmp/cycle-316/review-t4-13-6/shots/grid20-1280-16-l.png	11089
tmp-records/cycle-316/review-t4-13-6/shots/grid20-1280-32-d.png	/home/user/yolo-web/tmp/cycle-316/review-t4-13-6/shots/grid20-1280-32-d.png	28145
tmp-records/cycle-316/review-t4-13-6/shots/grid20-1280-32-l.png	/home/user/yolo-web/tmp/cycle-316/review-t4-13-6/shots/grid20-1280-32-l.png	27503
tmp-records/cycle-316/review-t4-13-6/shots/grid20-320-16-d.png	/home/user/yolo-web/tmp/cycle-316/review-t4-13-6/shots/grid20-320-16-d.png	12187
tmp-records/cycle-316/review-t4-13-6/shots/grid20-320-16-l.png	/home/user/yolo-web/tmp/cycle-316/review-t4-13-6/shots/grid20-320-16-l.png	11768
tmp-records/cycle-316/review-t4-13-6/shots/grid20-320-32-d.png	/home/user/yolo-web/tmp/cycle-316/review-t4-13-6/shots/grid20-320-32-d.png	27430
tmp-records/cycle-316/review-t4-13-6/shots/grid20-320-32-l.png	/home/user/yolo-web/tmp/cycle-316/review-t4-13-6/shots/grid20-320-32-l.png	26840
tmp-records/cycle-316/review-t4-13-6/shots/grid20-375-16-d.png	/home/user/yolo-web/tmp/cycle-316/review-t4-13-6/shots/grid20-375-16-d.png	12640
tmp-records/cycle-316/review-t4-13-6/shots/grid20-375-16-l.png	/home/user/yolo-web/tmp/cycle-316/review-t4-13-6/shots/grid20-375-16-l.png	12132
tmp-records/cycle-316/review-t4-13-6/shots/grid20-375-32-d.png	/home/user/yolo-web/tmp/cycle-316/review-t4-13-6/shots/grid20-375-32-d.png	28204
tmp-records/cycle-316/review-t4-13-6/shots/grid20-375-32-l.png	/home/user/yolo-web/tmp/cycle-316/review-t4-13-6/shots/grid20-375-32-l.png	27598
tmp-records/cycle-316/review-t4-13-6/shots/grid34-1280-16-d.png	/home/user/yolo-web/tmp/cycle-316/review-t4-13-6/shots/grid34-1280-16-d.png	37807
tmp-records/cycle-316/review-t4-13-6/shots/grid34-1280-16-l.png	/home/user/yolo-web/tmp/cycle-316/review-t4-13-6/shots/grid34-1280-16-l.png	36590
tmp-records/cycle-316/review-t4-13-6/shots/grid34-1280-32-d.png	/home/user/yolo-web/tmp/cycle-316/review-t4-13-6/shots/grid34-1280-32-d.png	68190
tmp-records/cycle-316/review-t4-13-6/shots/grid34-1280-32-l.png	/home/user/yolo-web/tmp/cycle-316/review-t4-13-6/shots/grid34-1280-32-l.png	66587
tmp-records/cycle-316/review-t4-13-6/shots/grid34-320-16-d.png	/home/user/yolo-web/tmp/cycle-316/review-t4-13-6/shots/grid34-320-16-d.png	29599
tmp-records/cycle-316/review-t4-13-6/shots/grid34-320-16-l.png	/home/user/yolo-web/tmp/cycle-316/review-t4-13-6/shots/grid34-320-16-l.png	28780
tmp-records/cycle-316/review-t4-13-6/shots/grid34-320-32-d.png	/home/user/yolo-web/tmp/cycle-316/review-t4-13-6/shots/grid34-320-32-d.png	68604
tmp-records/cycle-316/review-t4-13-6/shots/grid34-320-32-l.png	/home/user/yolo-web/tmp/cycle-316/review-t4-13-6/shots/grid34-320-32-l.png	66702
tmp-records/cycle-316/review-t4-13-6/shots/grid34-375-16-d.png	/home/user/yolo-web/tmp/cycle-316/review-t4-13-6/shots/grid34-375-16-d.png	29253
tmp-records/cycle-316/review-t4-13-6/shots/grid34-375-16-l.png	/home/user/yolo-web/tmp/cycle-316/review-t4-13-6/shots/grid34-375-16-l.png	28424
tmp-records/cycle-316/review-t4-13-6/shots/grid34-375-32-d.png	/home/user/yolo-web/tmp/cycle-316/review-t4-13-6/shots/grid34-375-32-d.png	70556
tmp-records/cycle-316/review-t4-13-6/shots/grid34-375-32-l.png	/home/user/yolo-web/tmp/cycle-316/review-t4-13-6/shots/grid34-375-32-l.png	68581
tmp-records/cycle-316/review-t4-13-6/shots/grid36-1280-16-d.png	/home/user/yolo-web/tmp/cycle-316/review-t4-13-6/shots/grid36-1280-16-d.png	23450
tmp-records/cycle-316/review-t4-13-6/shots/grid36-1280-16-l.png	/home/user/yolo-web/tmp/cycle-316/review-t4-13-6/shots/grid36-1280-16-l.png	22733
tmp-records/cycle-316/review-t4-13-6/shots/grid36-1280-32-d.png	/home/user/yolo-web/tmp/cycle-316/review-t4-13-6/shots/grid36-1280-32-d.png	41301
tmp-records/cycle-316/review-t4-13-6/shots/grid36-1280-32-l.png	/home/user/yolo-web/tmp/cycle-316/review-t4-13-6/shots/grid36-1280-32-l.png	40378
tmp-records/cycle-316/review-t4-13-6/shots/grid36-320-16-d.png	/home/user/yolo-web/tmp/cycle-316/review-t4-13-6/shots/grid36-320-16-d.png	18405
tmp-records/cycle-316/review-t4-13-6/shots/grid36-320-16-l.png	/home/user/yolo-web/tmp/cycle-316/review-t4-13-6/shots/grid36-320-16-l.png	17900
tmp-records/cycle-316/review-t4-13-6/shots/grid36-320-32-d.png	/home/user/yolo-web/tmp/cycle-316/review-t4-13-6/shots/grid36-320-32-d.png	40512
tmp-records/cycle-316/review-t4-13-6/shots/grid36-320-32-l.png	/home/user/yolo-web/tmp/cycle-316/review-t4-13-6/shots/grid36-320-32-l.png	39372
tmp-records/cycle-316/review-t4-13-6/shots/grid36-375-16-d.png	/home/user/yolo-web/tmp/cycle-316/review-t4-13-6/shots/grid36-375-16-d.png	18424
tmp-records/cycle-316/review-t4-13-6/shots/grid36-375-16-l.png	/home/user/yolo-web/tmp/cycle-316/review-t4-13-6/shots/grid36-375-16-l.png	17852
tmp-records/cycle-316/review-t4-13-6/shots/grid36-375-32-d.png	/home/user/yolo-web/tmp/cycle-316/review-t4-13-6/shots/grid36-375-32-d.png	40634
tmp-records/cycle-316/review-t4-13-6/shots/grid36-375-32-l.png	/home/user/yolo-web/tmp/cycle-316/review-t4-13-6/shots/grid36-375-32-l.png	39628
tmp-records/cycle-316/review-t4-13-6/shots/kb-bad-1280-800-16-lose-bottom.png	/home/user/yolo-web/tmp/cycle-316/review-t4-13-6/shots/kb-bad-1280-800-16-lose-bottom.png	70588
tmp-records/cycle-316/review-t4-13-6/shots/kb-bad-1280-800-16-lose-center.png	/home/user/yolo-web/tmp/cycle-316/review-t4-13-6/shots/kb-bad-1280-800-16-lose-center.png	66366
tmp-records/cycle-316/review-t4-13-6/shots/kb-bad-1280-800-16-lose-top.png	/home/user/yolo-web/tmp/cycle-316/review-t4-13-6/shots/kb-bad-1280-800-16-lose-top.png	66392
tmp-records/cycle-316/review-t4-13-6/shots/kb-bad-1280-800-16-win-bottom.png	/home/user/yolo-web/tmp/cycle-316/review-t4-13-6/shots/kb-bad-1280-800-16-win-bottom.png	71013
tmp-records/cycle-316/review-t4-13-6/shots/kb-bad-1280-800-16-win-center.png	/home/user/yolo-web/tmp/cycle-316/review-t4-13-6/shots/kb-bad-1280-800-16-win-center.png	62827
tmp-records/cycle-316/review-t4-13-6/shots/kb-bad-1280-800-32-lose-bottom.png	/home/user/yolo-web/tmp/cycle-316/review-t4-13-6/shots/kb-bad-1280-800-32-lose-bottom.png	86304
tmp-records/cycle-316/review-t4-13-6/shots/kb-bad-1280-800-32-lose-center.png	/home/user/yolo-web/tmp/cycle-316/review-t4-13-6/shots/kb-bad-1280-800-32-lose-center.png	76017
tmp-records/cycle-316/review-t4-13-6/shots/kb-bad-1280-800-32-lose-top.png	/home/user/yolo-web/tmp/cycle-316/review-t4-13-6/shots/kb-bad-1280-800-32-lose-top.png	76017
tmp-records/cycle-316/review-t4-13-6/shots/kb-bad-1280-800-32-win-bottom.png	/home/user/yolo-web/tmp/cycle-316/review-t4-13-6/shots/kb-bad-1280-800-32-win-bottom.png	69995
tmp-records/cycle-316/review-t4-13-6/shots/kb-bad-1280-800-32-win-center.png	/home/user/yolo-web/tmp/cycle-316/review-t4-13-6/shots/kb-bad-1280-800-32-win-center.png	68894
tmp-records/cycle-316/review-t4-13-6/shots/kb-bad-1280-800-32-win-top.png	/home/user/yolo-web/tmp/cycle-316/review-t4-13-6/shots/kb-bad-1280-800-32-win-top.png	70081
tmp-records/cycle-316/review-t4-13-6/shots/kb-bad-320-568-16-lose-bottom.png	/home/user/yolo-web/tmp/cycle-316/review-t4-13-6/shots/kb-bad-320-568-16-lose-bottom.png	39590
tmp-records/cycle-316/review-t4-13-6/shots/kb-bad-320-568-16-lose-center.png	/home/user/yolo-web/tmp/cycle-316/review-t4-13-6/shots/kb-bad-320-568-16-lose-center.png	35940
tmp-records/cycle-316/review-t4-13-6/shots/kb-bad-320-568-16-lose-top.png	/home/user/yolo-web/tmp/cycle-316/review-t4-13-6/shots/kb-bad-320-568-16-lose-top.png	35940
tmp-records/cycle-316/review-t4-13-6/shots/kb-bad-320-568-16-win-bottom.png	/home/user/yolo-web/tmp/cycle-316/review-t4-13-6/shots/kb-bad-320-568-16-win-bottom.png	40236
tmp-records/cycle-316/review-t4-13-6/shots/kb-bad-320-568-16-win-center.png	/home/user/yolo-web/tmp/cycle-316/review-t4-13-6/shots/kb-bad-320-568-16-win-center.png	36834
tmp-records/cycle-316/review-t4-13-6/shots/kb-bad-320-568-16-win-top.png	/home/user/yolo-web/tmp/cycle-316/review-t4-13-6/shots/kb-bad-320-568-16-win-top.png	28862
tmp-records/cycle-316/review-t4-13-6/shots/kb-bad-320-568-32-lose-bottom.png	/home/user/yolo-web/tmp/cycle-316/review-t4-13-6/shots/kb-bad-320-568-32-lose-bottom.png	26713
tmp-records/cycle-316/review-t4-13-6/shots/kb-bad-320-568-32-lose-center.png	/home/user/yolo-web/tmp/cycle-316/review-t4-13-6/shots/kb-bad-320-568-32-lose-center.png	26713
tmp-records/cycle-316/review-t4-13-6/shots/kb-bad-320-568-32-lose-top.png	/home/user/yolo-web/tmp/cycle-316/review-t4-13-6/shots/kb-bad-320-568-32-lose-top.png	26713
tmp-records/cycle-316/review-t4-13-6/shots/kb-bad-320-568-32-win-bottom.png	/home/user/yolo-web/tmp/cycle-316/review-t4-13-6/shots/kb-bad-320-568-32-win-bottom.png	27255
tmp-records/cycle-316/review-t4-13-6/shots/kb-bad-320-568-32-win-center.png	/home/user/yolo-web/tmp/cycle-316/review-t4-13-6/shots/kb-bad-320-568-32-win-center.png	26912
tmp-records/cycle-316/review-t4-13-6/shots/kb-bad-320-568-32-win-top.png	/home/user/yolo-web/tmp/cycle-316/review-t4-13-6/shots/kb-bad-320-568-32-win-top.png	27622
tmp-records/cycle-316/review-t4-13-6/shots/kb-bad-375-667-16-lose-bottom.png	/home/user/yolo-web/tmp/cycle-316/review-t4-13-6/shots/kb-bad-375-667-16-lose-bottom.png	46640
tmp-records/cycle-316/review-t4-13-6/shots/kb-bad-375-667-16-lose-center.png	/home/user/yolo-web/tmp/cycle-316/review-t4-13-6/shots/kb-bad-375-667-16-lose-center.png	42122
tmp-records/cycle-316/review-t4-13-6/shots/kb-bad-375-667-16-lose-top.png	/home/user/yolo-web/tmp/cycle-316/review-t4-13-6/shots/kb-bad-375-667-16-lose-top.png	42122
tmp-records/cycle-316/review-t4-13-6/shots/kb-bad-375-667-16-win-bottom.png	/home/user/yolo-web/tmp/cycle-316/review-t4-13-6/shots/kb-bad-375-667-16-win-bottom.png	33476
tmp-records/cycle-316/review-t4-13-6/shots/kb-bad-375-667-16-win-center.png	/home/user/yolo-web/tmp/cycle-316/review-t4-13-6/shots/kb-bad-375-667-16-win-center.png	45835
tmp-records/cycle-316/review-t4-13-6/shots/kb-bad-375-667-16-win-top.png	/home/user/yolo-web/tmp/cycle-316/review-t4-13-6/shots/kb-bad-375-667-16-win-top.png	33550
tmp-records/cycle-316/review-t4-13-6/shots/kb-bad-375-667-32-lose-bottom.png	/home/user/yolo-web/tmp/cycle-316/review-t4-13-6/shots/kb-bad-375-667-32-lose-bottom.png	42247
tmp-records/cycle-316/review-t4-13-6/shots/kb-bad-375-667-32-lose-center.png	/home/user/yolo-web/tmp/cycle-316/review-t4-13-6/shots/kb-bad-375-667-32-lose-center.png	42289
tmp-records/cycle-316/review-t4-13-6/shots/kb-bad-375-667-32-lose-top.png	/home/user/yolo-web/tmp/cycle-316/review-t4-13-6/shots/kb-bad-375-667-32-lose-top.png	42289
tmp-records/cycle-316/review-t4-13-6/shots/kb-bad-375-667-32-win-bottom.png	/home/user/yolo-web/tmp/cycle-316/review-t4-13-6/shots/kb-bad-375-667-32-win-bottom.png	44401
tmp-records/cycle-316/review-t4-13-6/shots/kb-bad-375-667-32-win-center.png	/home/user/yolo-web/tmp/cycle-316/review-t4-13-6/shots/kb-bad-375-667-32-win-center.png	37588
tmp-records/cycle-316/review-t4-13-6/shots/kb-bad-375-667-32-win-top.png	/home/user/yolo-web/tmp/cycle-316/review-t4-13-6/shots/kb-bad-375-667-32-win-top.png	36474
tmp-records/cycle-316/review-t4-13-6/shots/rot-375-667-16.png	/home/user/yolo-web/tmp/cycle-316/review-t4-13-6/shots/rot-375-667-16.png	22001
tmp-records/cycle-316/review-t4-13-6/shots6.mjs	/home/user/yolo-web/tmp/cycle-316/review-t4-13-6/shots6.mjs	1327
tmp-records/cycle-316/review-t4-13-7/build-after.log	/home/user/yolo-web/tmp/cycle-316/review-t4-13-7/build-after.log	8438
tmp-records/cycle-316/review-t4-13-7/build-after2.log	/home/user/yolo-web/tmp/cycle-316/review-t4-13-7/build-after2.log	8439
tmp-records/cycle-316/review-t4-13-7/build-before.log	/home/user/yolo-web/tmp/cycle-316/review-t4-13-7/build-before.log	8439
tmp-records/cycle-316/review-t4-13-7/chk.mjs	/home/user/yolo-web/tmp/cycle-316/review-t4-13-7/chk.mjs	1994
tmp-records/cycle-316/review-t4-13-7/cls.mjs	/home/user/yolo-web/tmp/cycle-316/review-t4-13-7/cls.mjs	3466
tmp-records/cycle-316/review-t4-13-7/dbg.mjs	/home/user/yolo-web/tmp/cycle-316/review-t4-13-7/dbg.mjs	652
tmp-records/cycle-316/review-t4-13-7/grid6.mjs	/home/user/yolo-web/tmp/cycle-316/review-t4-13-7/grid6.mjs	3389
tmp-records/cycle-316/review-t4-13-7/grid7.mjs	/home/user/yolo-web/tmp/cycle-316/review-t4-13-7/grid7.mjs	4454
tmp-records/cycle-316/review-t4-13-7/grid7.txt	/home/user/yolo-web/tmp/cycle-316/review-t4-13-7/grid7.txt	9834
tmp-records/cycle-316/review-t4-13-7/gshot.mjs	/home/user/yolo-web/tmp/cycle-316/review-t4-13-7/gshot.mjs	1575
tmp-records/cycle-316/review-t4-13-7/kb5.mjs	/home/user/yolo-web/tmp/cycle-316/review-t4-13-7/kb5.mjs	2281
tmp-records/cycle-316/review-t4-13-7/lib.mjs	/home/user/yolo-web/tmp/cycle-316/review-t4-13-7/lib.mjs	4884
tmp-records/cycle-316/review-t4-13-7/out-back-mid-1280-16.log	/home/user/yolo-web/tmp/cycle-316/review-t4-13-7/out-back-mid-1280-16.log	125
tmp-records/cycle-316/review-t4-13-7/out-back-mid-1280-32.log	/home/user/yolo-web/tmp/cycle-316/review-t4-13-7/out-back-mid-1280-32.log	165
tmp-records/cycle-316/review-t4-13-7/out-back-mid-320-16.log	/home/user/yolo-web/tmp/cycle-316/review-t4-13-7/out-back-mid-320-16.log	124
tmp-records/cycle-316/review-t4-13-7/out-back-mid-320-32.log	/home/user/yolo-web/tmp/cycle-316/review-t4-13-7/out-back-mid-320-32.log	124
tmp-records/cycle-316/review-t4-13-7/out-back-mid-375-16.log	/home/user/yolo-web/tmp/cycle-316/review-t4-13-7/out-back-mid-375-16.log	124
tmp-records/cycle-316/review-t4-13-7/out-back-mid-375-32.log	/home/user/yolo-web/tmp/cycle-316/review-t4-13-7/out-back-mid-375-32.log	124
tmp-records/cycle-316/review-t4-13-7/out-back-won-1280-16.log	/home/user/yolo-web/tmp/cycle-316/review-t4-13-7/out-back-won-1280-16.log	125
tmp-records/cycle-316/review-t4-13-7/out-back-won-1280-32.log	/home/user/yolo-web/tmp/cycle-316/review-t4-13-7/out-back-won-1280-32.log	125
tmp-records/cycle-316/review-t4-13-7/out-back-won-320-16.log	/home/user/yolo-web/tmp/cycle-316/review-t4-13-7/out-back-won-320-16.log	124
tmp-records/cycle-316/review-t4-13-7/out-back-won-320-32.log	/home/user/yolo-web/tmp/cycle-316/review-t4-13-7/out-back-won-320-32.log	124
tmp-records/cycle-316/review-t4-13-7/out-back-won-375-16.log	/home/user/yolo-web/tmp/cycle-316/review-t4-13-7/out-back-won-375-16.log	124
tmp-records/cycle-316/review-t4-13-7/out-back-won-375-32.log	/home/user/yolo-web/tmp/cycle-316/review-t4-13-7/out-back-won-375-32.log	124
tmp-records/cycle-316/review-t4-13-7/out-first-1280-16.log	/home/user/yolo-web/tmp/cycle-316/review-t4-13-7/out-first-1280-16.log	142
tmp-records/cycle-316/review-t4-13-7/out-first-1280-32.log	/home/user/yolo-web/tmp/cycle-316/review-t4-13-7/out-first-1280-32.log	142
tmp-records/cycle-316/review-t4-13-7/out-first-320-16.log	/home/user/yolo-web/tmp/cycle-316/review-t4-13-7/out-first-320-16.log	141
tmp-records/cycle-316/review-t4-13-7/out-first-320-32.log	/home/user/yolo-web/tmp/cycle-316/review-t4-13-7/out-first-320-32.log	141
tmp-records/cycle-316/review-t4-13-7/out-first-375-16.log	/home/user/yolo-web/tmp/cycle-316/review-t4-13-7/out-first-375-16.log	141
tmp-records/cycle-316/review-t4-13-7/out-first-375-32.log	/home/user/yolo-web/tmp/cycle-316/review-t4-13-7/out-first-375-32.log	141
tmp-records/cycle-316/review-t4-13-7/out-link-mid-1280-16.log	/home/user/yolo-web/tmp/cycle-316/review-t4-13-7/out-link-mid-1280-16.log	121
tmp-records/cycle-316/review-t4-13-7/out-link-mid-1280-32.log	/home/user/yolo-web/tmp/cycle-316/review-t4-13-7/out-link-mid-1280-32.log	121
tmp-records/cycle-316/review-t4-13-7/out-link-mid-320-16.log	/home/user/yolo-web/tmp/cycle-316/review-t4-13-7/out-link-mid-320-16.log	120
tmp-records/cycle-316/review-t4-13-7/out-link-mid-320-32.log	/home/user/yolo-web/tmp/cycle-316/review-t4-13-7/out-link-mid-320-32.log	120
tmp-records/cycle-316/review-t4-13-7/out-link-mid-375-16.log	/home/user/yolo-web/tmp/cycle-316/review-t4-13-7/out-link-mid-375-16.log	120
tmp-records/cycle-316/review-t4-13-7/out-link-mid-375-32.log	/home/user/yolo-web/tmp/cycle-316/review-t4-13-7/out-link-mid-375-32.log	120
tmp-records/cycle-316/review-t4-13-7/out-link-won-1280-16.log	/home/user/yolo-web/tmp/cycle-316/review-t4-13-7/out-link-won-1280-16.log	121
tmp-records/cycle-316/review-t4-13-7/out-link-won-1280-32.log	/home/user/yolo-web/tmp/cycle-316/review-t4-13-7/out-link-won-1280-32.log	121
tmp-records/cycle-316/review-t4-13-7/out-link-won-320-16.log	/home/user/yolo-web/tmp/cycle-316/review-t4-13-7/out-link-won-320-16.log	120
tmp-records/cycle-316/review-t4-13-7/out-link-won-320-32.log	/home/user/yolo-web/tmp/cycle-316/review-t4-13-7/out-link-won-320-32.log	120
tmp-records/cycle-316/review-t4-13-7/out-link-won-375-16.log	/home/user/yolo-web/tmp/cycle-316/review-t4-13-7/out-link-won-375-16.log	120
tmp-records/cycle-316/review-t4-13-7/out-link-won-375-32.log	/home/user/yolo-web/tmp/cycle-316/review-t4-13-7/out-link-won-375-32.log	120
tmp-records/cycle-316/review-t4-13-7/out-reload-mid-1280-16.log	/home/user/yolo-web/tmp/cycle-316/review-t4-13-7/out-reload-mid-1280-16.log	121
tmp-records/cycle-316/review-t4-13-7/out-reload-mid-1280-32.log	/home/user/yolo-web/tmp/cycle-316/review-t4-13-7/out-reload-mid-1280-32.log	156
tmp-records/cycle-316/review-t4-13-7/out-reload-mid-320-16.log	/home/user/yolo-web/tmp/cycle-316/review-t4-13-7/out-reload-mid-320-16.log	120
tmp-records/cycle-316/review-t4-13-7/out-reload-mid-320-32.log	/home/user/yolo-web/tmp/cycle-316/review-t4-13-7/out-reload-mid-320-32.log	120
tmp-records/cycle-316/review-t4-13-7/out-reload-mid-375-16.log	/home/user/yolo-web/tmp/cycle-316/review-t4-13-7/out-reload-mid-375-16.log	120
tmp-records/cycle-316/review-t4-13-7/out-reload-mid-375-32.log	/home/user/yolo-web/tmp/cycle-316/review-t4-13-7/out-reload-mid-375-32.log	120
tmp-records/cycle-316/review-t4-13-7/out-reload-won-1280-16.log	/home/user/yolo-web/tmp/cycle-316/review-t4-13-7/out-reload-won-1280-16.log	121
tmp-records/cycle-316/review-t4-13-7/out-reload-won-1280-32.log	/home/user/yolo-web/tmp/cycle-316/review-t4-13-7/out-reload-won-1280-32.log	121
tmp-records/cycle-316/review-t4-13-7/out-reload-won-320-16.log	/home/user/yolo-web/tmp/cycle-316/review-t4-13-7/out-reload-won-320-16.log	120
tmp-records/cycle-316/review-t4-13-7/out-reload-won-320-32.log	/home/user/yolo-web/tmp/cycle-316/review-t4-13-7/out-reload-won-320-32.log	120
tmp-records/cycle-316/review-t4-13-7/out-reload-won-375-16.log	/home/user/yolo-web/tmp/cycle-316/review-t4-13-7/out-reload-won-375-16.log	120
tmp-records/cycle-316/review-t4-13-7/out-reload-won-375-32.log	/home/user/yolo-web/tmp/cycle-316/review-t4-13-7/out-reload-won-375-32.log	120
tmp-records/cycle-316/review-t4-13-7/out-reopen-mid-1280-16.log	/home/user/yolo-web/tmp/cycle-316/review-t4-13-7/out-reopen-mid-1280-16.log	147
tmp-records/cycle-316/review-t4-13-7/out-reopen-mid-1280-32.log	/home/user/yolo-web/tmp/cycle-316/review-t4-13-7/out-reopen-mid-1280-32.log	147
tmp-records/cycle-316/review-t4-13-7/out-reopen-mid-320-16.log	/home/user/yolo-web/tmp/cycle-316/review-t4-13-7/out-reopen-mid-320-16.log	146
tmp-records/cycle-316/review-t4-13-7/out-reopen-mid-320-32.log	/home/user/yolo-web/tmp/cycle-316/review-t4-13-7/out-reopen-mid-320-32.log	146
tmp-records/cycle-316/review-t4-13-7/out-reopen-mid-375-16.log	/home/user/yolo-web/tmp/cycle-316/review-t4-13-7/out-reopen-mid-375-16.log	146
tmp-records/cycle-316/review-t4-13-7/out-reopen-mid-375-32.log	/home/user/yolo-web/tmp/cycle-316/review-t4-13-7/out-reopen-mid-375-32.log	146
tmp-records/cycle-316/review-t4-13-7/out-reopen-won-1280-16.log	/home/user/yolo-web/tmp/cycle-316/review-t4-13-7/out-reopen-won-1280-16.log	155
tmp-records/cycle-316/review-t4-13-7/out-reopen-won-1280-32.log	/home/user/yolo-web/tmp/cycle-316/review-t4-13-7/out-reopen-won-1280-32.log	147
tmp-records/cycle-316/review-t4-13-7/out-reopen-won-320-16.log	/home/user/yolo-web/tmp/cycle-316/review-t4-13-7/out-reopen-won-320-16.log	146
tmp-records/cycle-316/review-t4-13-7/out-reopen-won-320-32.log	/home/user/yolo-web/tmp/cycle-316/review-t4-13-7/out-reopen-won-320-32.log	154
tmp-records/cycle-316/review-t4-13-7/out-reopen-won-375-16.log	/home/user/yolo-web/tmp/cycle-316/review-t4-13-7/out-reopen-won-375-16.log	146
tmp-records/cycle-316/review-t4-13-7/out-reopen-won-375-32.log	/home/user/yolo-web/tmp/cycle-316/review-t4-13-7/out-reopen-won-375-32.log	146
tmp-records/cycle-316/review-t4-13-7/phr-all.json	/home/user/yolo-web/tmp/cycle-316/review-t4-13-7/phr-all.json	12190
tmp-records/cycle-316/review-t4-13-7/phr-days.json	/home/user/yolo-web/tmp/cycle-316/review-t4-13-7/phr-days.json	84496
tmp-records/cycle-316/review-t4-13-7/play.mjs	/home/user/yolo-web/tmp/cycle-316/review-t4-13-7/play.mjs	2263
tmp-records/cycle-316/review-t4-13-7/rot5.mjs	/home/user/yolo-web/tmp/cycle-316/review-t4-13-7/rot5.mjs	1834
tmp-records/cycle-316/review-t4-13-7/rotall.mjs	/home/user/yolo-web/tmp/cycle-316/review-t4-13-7/rotall.mjs	1537
tmp-records/cycle-316/review-t4-13-7/rotprobe.mjs	/home/user/yolo-web/tmp/cycle-316/review-t4-13-7/rotprobe.mjs	1386
tmp-records/cycle-316/review-t4-13-7/runall.sh	/home/user/yolo-web/tmp/cycle-316/review-t4-13-7/runall.sh	387
tmp-records/cycle-316/review-t4-13-7/sb.mjs	/home/user/yolo-web/tmp/cycle-316/review-t4-13-7/sb.mjs	1421
tmp-records/cycle-316/review-t4-13-7/sel.mjs	/home/user/yolo-web/tmp/cycle-316/review-t4-13-7/sel.mjs	924
tmp-records/cycle-316/review-t4-13-7/server.log	/home/user/yolo-web/tmp/cycle-316/review-t4-13-7/server.log	618
tmp-records/cycle-316/review-t4-13-7/short.mjs	/home/user/yolo-web/tmp/cycle-316/review-t4-13-7/short.mjs	1864
tmp-records/cycle-316/review-t4-13-7/shots/after-_-1280-16.png	/home/user/yolo-web/tmp/cycle-316/review-t4-13-7/shots/after-_-1280-16.png	289430
tmp-records/cycle-316/review-t4-13-7/shots/after-_-1280-32.png	/home/user/yolo-web/tmp/cycle-316/review-t4-13-7/shots/after-_-1280-32.png	587269
tmp-records/cycle-316/review-t4-13-7/shots/after-_-320-16.png	/home/user/yolo-web/tmp/cycle-316/review-t4-13-7/shots/after-_-320-16.png	257009
tmp-records/cycle-316/review-t4-13-7/shots/after-_-320-32.png	/home/user/yolo-web/tmp/cycle-316/review-t4-13-7/shots/after-_-320-32.png	606775
tmp-records/cycle-316/review-t4-13-7/shots/after-_about-1280-16.png	/home/user/yolo-web/tmp/cycle-316/review-t4-13-7/shots/after-_about-1280-16.png	316863
tmp-records/cycle-316/review-t4-13-7/shots/after-_about-1280-32.png	/home/user/yolo-web/tmp/cycle-316/review-t4-13-7/shots/after-_about-1280-32.png	678823
tmp-records/cycle-316/review-t4-13-7/shots/after-_about-320-16.png	/home/user/yolo-web/tmp/cycle-316/review-t4-13-7/shots/after-_about-320-16.png	297410
tmp-records/cycle-316/review-t4-13-7/shots/after-_about-320-32.png	/home/user/yolo-web/tmp/cycle-316/review-t4-13-7/shots/after-_about-320-32.png	732207
tmp-records/cycle-316/review-t4-13-7/shots/after-_no-such-page-xyz-1280-16.png	/home/user/yolo-web/tmp/cycle-316/review-t4-13-7/shots/after-_no-such-page-xyz-1280-16.png	69791
tmp-records/cycle-316/review-t4-13-7/shots/after-_no-such-page-xyz-1280-32.png	/home/user/yolo-web/tmp/cycle-316/review-t4-13-7/shots/after-_no-such-page-xyz-1280-32.png	151329
tmp-records/cycle-316/review-t4-13-7/shots/after-_no-such-page-xyz-320-16.png	/home/user/yolo-web/tmp/cycle-316/review-t4-13-7/shots/after-_no-such-page-xyz-320-16.png	62360
tmp-records/cycle-316/review-t4-13-7/shots/after-_no-such-page-xyz-320-32.png	/home/user/yolo-web/tmp/cycle-316/review-t4-13-7/shots/after-_no-such-page-xyz-320-32.png	147309
tmp-records/cycle-316/review-t4-13-7/shots/after-_privacy-1280-16.png	/home/user/yolo-web/tmp/cycle-316/review-t4-13-7/shots/after-_privacy-1280-16.png	552689
tmp-records/cycle-316/review-t4-13-7/shots/after-_privacy-1280-32.png	/home/user/yolo-web/tmp/cycle-316/review-t4-13-7/shots/after-_privacy-1280-32.png	1041905
tmp-records/cycle-316/review-t4-13-7/shots/after-_privacy-320-16.png	/home/user/yolo-web/tmp/cycle-316/review-t4-13-7/shots/after-_privacy-320-16.png	465564
tmp-records/cycle-316/review-t4-13-7/shots/after-_privacy-320-32.png	/home/user/yolo-web/tmp/cycle-316/review-t4-13-7/shots/after-_privacy-320-32.png	1117905
tmp-records/cycle-316/review-t4-13-7/shots/before-_-1280-16.png	/home/user/yolo-web/tmp/cycle-316/review-t4-13-7/shots/before-_-1280-16.png	289856
tmp-records/cycle-316/review-t4-13-7/shots/before-_-1280-32.png	/home/user/yolo-web/tmp/cycle-316/review-t4-13-7/shots/before-_-1280-32.png	587269
tmp-records/cycle-316/review-t4-13-7/shots/before-_-320-16.png	/home/user/yolo-web/tmp/cycle-316/review-t4-13-7/shots/before-_-320-16.png	257009
tmp-records/cycle-316/review-t4-13-7/shots/before-_-320-32.png	/home/user/yolo-web/tmp/cycle-316/review-t4-13-7/shots/before-_-320-32.png	606775
tmp-records/cycle-316/review-t4-13-7/shots/before-_about-1280-16.png	/home/user/yolo-web/tmp/cycle-316/review-t4-13-7/shots/before-_about-1280-16.png	316863
tmp-records/cycle-316/review-t4-13-7/shots/before-_about-1280-32.png	/home/user/yolo-web/tmp/cycle-316/review-t4-13-7/shots/before-_about-1280-32.png	679568
tmp-records/cycle-316/review-t4-13-7/shots/before-_about-320-16.png	/home/user/yolo-web/tmp/cycle-316/review-t4-13-7/shots/before-_about-320-16.png	297410
tmp-records/cycle-316/review-t4-13-7/shots/before-_about-320-32.png	/home/user/yolo-web/tmp/cycle-316/review-t4-13-7/shots/before-_about-320-32.png	734527
tmp-records/cycle-316/review-t4-13-7/shots/before-_no-such-page-xyz-1280-16.png	/home/user/yolo-web/tmp/cycle-316/review-t4-13-7/shots/before-_no-such-page-xyz-1280-16.png	69791
tmp-records/cycle-316/review-t4-13-7/shots/before-_no-such-page-xyz-1280-32.png	/home/user/yolo-web/tmp/cycle-316/review-t4-13-7/shots/before-_no-such-page-xyz-1280-32.png	151331
tmp-records/cycle-316/review-t4-13-7/shots/before-_no-such-page-xyz-320-16.png	/home/user/yolo-web/tmp/cycle-316/review-t4-13-7/shots/before-_no-such-page-xyz-320-16.png	62360
tmp-records/cycle-316/review-t4-13-7/shots/before-_no-such-page-xyz-320-32.png	/home/user/yolo-web/tmp/cycle-316/review-t4-13-7/shots/before-_no-such-page-xyz-320-32.png	147746
tmp-records/cycle-316/review-t4-13-7/shots/before-_privacy-1280-16.png	/home/user/yolo-web/tmp/cycle-316/review-t4-13-7/shots/before-_privacy-1280-16.png	552689
tmp-records/cycle-316/review-t4-13-7/shots/before-_privacy-1280-32.png	/home/user/yolo-web/tmp/cycle-316/review-t4-13-7/shots/before-_privacy-1280-32.png	1042653
tmp-records/cycle-316/review-t4-13-7/shots/before-_privacy-320-16.png	/home/user/yolo-web/tmp/cycle-316/review-t4-13-7/shots/before-_privacy-320-16.png	465564
tmp-records/cycle-316/review-t4-13-7/shots/before-_privacy-320-32.png	/home/user/yolo-web/tmp/cycle-316/review-t4-13-7/shots/before-_privacy-320-32.png	1118967
tmp-records/cycle-316/review-t4-13-7/shots/end-loss-320-32.png	/home/user/yolo-web/tmp/cycle-316/review-t4-13-7/shots/end-loss-320-32.png	817903
tmp-records/cycle-316/review-t4-13-7/shots/end-loss-375-16.png	/home/user/yolo-web/tmp/cycle-316/review-t4-13-7/shots/end-loss-375-16.png	364805
tmp-records/cycle-316/review-t4-13-7/shots/end-loss0-320-32.png	/home/user/yolo-web/tmp/cycle-316/review-t4-13-7/shots/end-loss0-320-32.png	815801
tmp-records/cycle-316/review-t4-13-7/shots/end-loss0-375-16.png	/home/user/yolo-web/tmp/cycle-316/review-t4-13-7/shots/end-loss0-375-16.png	363260
tmp-records/cycle-316/review-t4-13-7/shots/end-win-320-32.png	/home/user/yolo-web/tmp/cycle-316/review-t4-13-7/shots/end-win-320-32.png	816628
tmp-records/cycle-316/review-t4-13-7/shots/end-win-375-16.png	/home/user/yolo-web/tmp/cycle-316/review-t4-13-7/shots/end-win-375-16.png	364757
tmp-records/cycle-316/review-t4-13-7/shots/grid-20-1280-16-light.png	/home/user/yolo-web/tmp/cycle-316/review-t4-13-7/shots/grid-20-1280-16-light.png	15398
tmp-records/cycle-316/review-t4-13-7/shots/grid-20-1280-32-light.png	/home/user/yolo-web/tmp/cycle-316/review-t4-13-7/shots/grid-20-1280-32-light.png	26609
tmp-records/cycle-316/review-t4-13-7/shots/grid-20-320-16-light.png	/home/user/yolo-web/tmp/cycle-316/review-t4-13-7/shots/grid-20-320-16-light.png	13699
tmp-records/cycle-316/review-t4-13-7/shots/grid-20-320-32-light.png	/home/user/yolo-web/tmp/cycle-316/review-t4-13-7/shots/grid-20-320-32-light.png	30195
tmp-records/cycle-316/review-t4-13-7/shots/grid-20-375-16-light.png	/home/user/yolo-web/tmp/cycle-316/review-t4-13-7/shots/grid-20-375-16-light.png	13929
tmp-records/cycle-316/review-t4-13-7/shots/grid-20-375-32-light.png	/home/user/yolo-web/tmp/cycle-316/review-t4-13-7/shots/grid-20-375-32-light.png	27526
tmp-records/cycle-316/review-t4-13-7/shots/grid-34-1280-16-dark.png	/home/user/yolo-web/tmp/cycle-316/review-t4-13-7/shots/grid-34-1280-16-dark.png	37264
tmp-records/cycle-316/review-t4-13-7/shots/grid-34-1280-16-light.png	/home/user/yolo-web/tmp/cycle-316/review-t4-13-7/shots/grid-34-1280-16-light.png	35950
tmp-records/cycle-316/review-t4-13-7/shots/grid-34-1280-32-dark.png	/home/user/yolo-web/tmp/cycle-316/review-t4-13-7/shots/grid-34-1280-32-dark.png	68393
tmp-records/cycle-316/review-t4-13-7/shots/grid-34-1280-32-light.png	/home/user/yolo-web/tmp/cycle-316/review-t4-13-7/shots/grid-34-1280-32-light.png	66780
tmp-records/cycle-316/review-t4-13-7/shots/grid-34-320-16-dark.png	/home/user/yolo-web/tmp/cycle-316/review-t4-13-7/shots/grid-34-320-16-dark.png	31149
tmp-records/cycle-316/review-t4-13-7/shots/grid-34-320-16-light.png	/home/user/yolo-web/tmp/cycle-316/review-t4-13-7/shots/grid-34-320-16-light.png	30130
tmp-records/cycle-316/review-t4-13-7/shots/grid-34-320-32-dark.png	/home/user/yolo-web/tmp/cycle-316/review-t4-13-7/shots/grid-34-320-32-dark.png	72426
tmp-records/cycle-316/review-t4-13-7/shots/grid-34-320-32-light.png	/home/user/yolo-web/tmp/cycle-316/review-t4-13-7/shots/grid-34-320-32-light.png	70694
tmp-records/cycle-316/review-t4-13-7/shots/grid-34-375-16-dark.png	/home/user/yolo-web/tmp/cycle-316/review-t4-13-7/shots/grid-34-375-16-dark.png	31770
tmp-records/cycle-316/review-t4-13-7/shots/grid-34-375-16-light.png	/home/user/yolo-web/tmp/cycle-316/review-t4-13-7/shots/grid-34-375-16-light.png	30761
tmp-records/cycle-316/review-t4-13-7/shots/grid-34-375-32-dark.png	/home/user/yolo-web/tmp/cycle-316/review-t4-13-7/shots/grid-34-375-32-dark.png	71424
tmp-records/cycle-316/review-t4-13-7/shots/grid-34-375-32-light.png	/home/user/yolo-web/tmp/cycle-316/review-t4-13-7/shots/grid-34-375-32-light.png	69440
tmp-records/cycle-316/review-t4-13-7/shots/kb-bad-320-568-16-lose-bottom.png	/home/user/yolo-web/tmp/cycle-316/review-t4-13-7/shots/kb-bad-320-568-16-lose-bottom.png	35937
tmp-records/cycle-316/review-t4-13-7/shots/kb-bad-320-568-16-lose-center.png	/home/user/yolo-web/tmp/cycle-316/review-t4-13-7/shots/kb-bad-320-568-16-lose-center.png	35940
tmp-records/cycle-316/review-t4-13-7/shots/kb-bad-320-568-16-lose-top.png	/home/user/yolo-web/tmp/cycle-316/review-t4-13-7/shots/kb-bad-320-568-16-lose-top.png	35937
tmp-records/cycle-316/review-t4-13-7/shots/kb-bad-320-568-16-win-bottom.png	/home/user/yolo-web/tmp/cycle-316/review-t4-13-7/shots/kb-bad-320-568-16-win-bottom.png	36884
tmp-records/cycle-316/review-t4-13-7/shots/kb-bad-320-568-16-win-center.png	/home/user/yolo-web/tmp/cycle-316/review-t4-13-7/shots/kb-bad-320-568-16-win-center.png	32565
tmp-records/cycle-316/review-t4-13-7/shots/kb-bad-320-568-16-win-top.png	/home/user/yolo-web/tmp/cycle-316/review-t4-13-7/shots/kb-bad-320-568-16-win-top.png	28996
tmp-records/cycle-316/review-t4-13-7/shots/kb-bad-320-568-32-lose-bottom.png	/home/user/yolo-web/tmp/cycle-316/review-t4-13-7/shots/kb-bad-320-568-32-lose-bottom.png	26777
tmp-records/cycle-316/review-t4-13-7/shots/kb-bad-320-568-32-lose-center.png	/home/user/yolo-web/tmp/cycle-316/review-t4-13-7/shots/kb-bad-320-568-32-lose-center.png	26777
tmp-records/cycle-316/review-t4-13-7/shots/kb-bad-320-568-32-lose-top.png	/home/user/yolo-web/tmp/cycle-316/review-t4-13-7/shots/kb-bad-320-568-32-lose-top.png	26713
tmp-records/cycle-316/review-t4-13-7/shots/kb-bad-320-568-32-win-bottom.png	/home/user/yolo-web/tmp/cycle-316/review-t4-13-7/shots/kb-bad-320-568-32-win-bottom.png	28073
tmp-records/cycle-316/review-t4-13-7/shots/kb-bad-320-568-32-win-center.png	/home/user/yolo-web/tmp/cycle-316/review-t4-13-7/shots/kb-bad-320-568-32-win-center.png	27597
tmp-records/cycle-316/review-t4-13-7/shots/kb-bad-320-568-32-win-top.png	/home/user/yolo-web/tmp/cycle-316/review-t4-13-7/shots/kb-bad-320-568-32-win-top.png	27597
tmp-records/cycle-316/review-t4-13-7/shots/kb-bad-320-667-16-lose-bottom.png	/home/user/yolo-web/tmp/cycle-316/review-t4-13-7/shots/kb-bad-320-667-16-lose-bottom.png	41074
tmp-records/cycle-316/review-t4-13-7/shots/kb-bad-320-667-16-lose-center.png	/home/user/yolo-web/tmp/cycle-316/review-t4-13-7/shots/kb-bad-320-667-16-lose-center.png	41074
tmp-records/cycle-316/review-t4-13-7/shots/kb-bad-320-667-16-lose-top.png	/home/user/yolo-web/tmp/cycle-316/review-t4-13-7/shots/kb-bad-320-667-16-lose-top.png	41061
tmp-records/cycle-316/review-t4-13-7/shots/kb-bad-320-667-16-win-bottom.png	/home/user/yolo-web/tmp/cycle-316/review-t4-13-7/shots/kb-bad-320-667-16-win-bottom.png	46063
tmp-records/cycle-316/review-t4-13-7/shots/kb-bad-320-667-16-win-center.png	/home/user/yolo-web/tmp/cycle-316/review-t4-13-7/shots/kb-bad-320-667-16-win-center.png	41045
tmp-records/cycle-316/review-t4-13-7/shots/kb-bad-320-667-16-win-top.png	/home/user/yolo-web/tmp/cycle-316/review-t4-13-7/shots/kb-bad-320-667-16-win-top.png	32130
tmp-records/cycle-316/review-t4-13-7/shots/kb-bad-320-667-32-lose-bottom.png	/home/user/yolo-web/tmp/cycle-316/review-t4-13-7/shots/kb-bad-320-667-32-lose-bottom.png	33332
tmp-records/cycle-316/review-t4-13-7/shots/kb-bad-320-667-32-lose-center.png	/home/user/yolo-web/tmp/cycle-316/review-t4-13-7/shots/kb-bad-320-667-32-lose-center.png	33332
tmp-records/cycle-316/review-t4-13-7/shots/kb-bad-320-667-32-lose-top.png	/home/user/yolo-web/tmp/cycle-316/review-t4-13-7/shots/kb-bad-320-667-32-lose-top.png	33332
tmp-records/cycle-316/review-t4-13-7/shots/kb-bad-320-667-32-win-bottom.png	/home/user/yolo-web/tmp/cycle-316/review-t4-13-7/shots/kb-bad-320-667-32-win-bottom.png	34038
tmp-records/cycle-316/review-t4-13-7/shots/kb-bad-320-667-32-win-center.png	/home/user/yolo-web/tmp/cycle-316/review-t4-13-7/shots/kb-bad-320-667-32-win-center.png	32215
tmp-records/cycle-316/review-t4-13-7/shots/kb-bad-320-667-32-win-top.png	/home/user/yolo-web/tmp/cycle-316/review-t4-13-7/shots/kb-bad-320-667-32-win-top.png	32215
tmp-records/cycle-316/review-t4-13-7/shots/kb-bad-375-667-16-lose-bottom.png	/home/user/yolo-web/tmp/cycle-316/review-t4-13-7/shots/kb-bad-375-667-16-lose-bottom.png	42122
tmp-records/cycle-316/review-t4-13-7/shots/kb-bad-375-667-16-lose-center.png	/home/user/yolo-web/tmp/cycle-316/review-t4-13-7/shots/kb-bad-375-667-16-lose-center.png	42122
tmp-records/cycle-316/review-t4-13-7/shots/kb-bad-375-667-16-lose-top.png	/home/user/yolo-web/tmp/cycle-316/review-t4-13-7/shots/kb-bad-375-667-16-lose-top.png	42122
tmp-records/cycle-316/review-t4-13-7/shots/kb-bad-375-667-16-win-bottom.png	/home/user/yolo-web/tmp/cycle-316/review-t4-13-7/shots/kb-bad-375-667-16-win-bottom.png	51526
tmp-records/cycle-316/review-t4-13-7/shots/kb-bad-375-667-16-win-center.png	/home/user/yolo-web/tmp/cycle-316/review-t4-13-7/shots/kb-bad-375-667-16-win-center.png	40243
tmp-records/cycle-316/review-t4-13-7/shots/kb-bad-375-667-16-win-top.png	/home/user/yolo-web/tmp/cycle-316/review-t4-13-7/shots/kb-bad-375-667-16-win-top.png	33476
tmp-records/cycle-316/review-t4-13-7/shots/kb-bad-375-667-32-lose-bottom.png	/home/user/yolo-web/tmp/cycle-316/review-t4-13-7/shots/kb-bad-375-667-32-lose-bottom.png	42289
tmp-records/cycle-316/review-t4-13-7/shots/kb-bad-375-667-32-lose-center.png	/home/user/yolo-web/tmp/cycle-316/review-t4-13-7/shots/kb-bad-375-667-32-lose-center.png	42289
tmp-records/cycle-316/review-t4-13-7/shots/kb-bad-375-667-32-lose-top.png	/home/user/yolo-web/tmp/cycle-316/review-t4-13-7/shots/kb-bad-375-667-32-lose-top.png	42289
tmp-records/cycle-316/review-t4-13-7/shots/kb-bad-375-667-32-win-bottom.png	/home/user/yolo-web/tmp/cycle-316/review-t4-13-7/shots/kb-bad-375-667-32-win-bottom.png	44385
tmp-records/cycle-316/review-t4-13-7/shots/kb-bad-375-667-32-win-center.png	/home/user/yolo-web/tmp/cycle-316/review-t4-13-7/shots/kb-bad-375-667-32-win-center.png	37624
tmp-records/cycle-316/review-t4-13-7/shots/kb-bad-375-667-32-win-top.png	/home/user/yolo-web/tmp/cycle-316/review-t4-13-7/shots/kb-bad-375-667-32-win-top.png	36474
tmp-records/cycle-316/review-t4-13-7/shots/rot-375-667-16.png	/home/user/yolo-web/tmp/cycle-316/review-t4-13-7/shots/rot-375-667-16.png	22269
tmp-records/cycle-316/review-t4-13-7/shots/sb-new.png	/home/user/yolo-web/tmp/cycle-316/review-t4-13-7/shots/sb-new.png	90840
tmp-records/cycle-316/review-t4-13-7/shots/sb-old.png	/home/user/yolo-web/tmp/cycle-316/review-t4-13-7/shots/sb-old.png	90840
tmp-records/cycle-316/review-t4-13-7/shots/short-after-1280-16.png	/home/user/yolo-web/tmp/cycle-316/review-t4-13-7/shots/short-after-1280-16.png	83354
tmp-records/cycle-316/review-t4-13-7/shots/short-after-1280-32.png	/home/user/yolo-web/tmp/cycle-316/review-t4-13-7/shots/short-after-1280-32.png	160245
tmp-records/cycle-316/review-t4-13-7/shots/short-after-320-16.png	/home/user/yolo-web/tmp/cycle-316/review-t4-13-7/shots/short-after-320-16.png	69374
tmp-records/cycle-316/review-t4-13-7/shots/short-after-320-32.png	/home/user/yolo-web/tmp/cycle-316/review-t4-13-7/shots/short-after-320-32.png	118584
tmp-records/cycle-316/review-t4-13-7/shots/short-before-1280-16.png	/home/user/yolo-web/tmp/cycle-316/review-t4-13-7/shots/short-before-1280-16.png	83354
tmp-records/cycle-316/review-t4-13-7/shots/short-before-1280-32.png	/home/user/yolo-web/tmp/cycle-316/review-t4-13-7/shots/short-before-1280-32.png	160245
tmp-records/cycle-316/review-t4-13-7/shots/short-before-320-16.png	/home/user/yolo-web/tmp/cycle-316/review-t4-13-7/shots/short-before-320-16.png	69374
tmp-records/cycle-316/review-t4-13-7/shots/short-before-320-32.png	/home/user/yolo-web/tmp/cycle-316/review-t4-13-7/shots/short-before-320-32.png	118584
tmp-records/cycle-316/review-t4-13-7/site-after.json	/home/user/yolo-web/tmp/cycle-316/review-t4-13-7/site-after.json	19837
tmp-records/cycle-316/review-t4-13-7/site-before.json	/home/user/yolo-web/tmp/cycle-316/review-t4-13-7/site-before.json	19960
tmp-records/cycle-316/review-t4-13-7/site.mjs	/home/user/yolo-web/tmp/cycle-316/review-t4-13-7/site.mjs	3196
tmp-records/cycle-316/review-t4-13-8/ax.mjs	/home/user/yolo-web/tmp/cycle-316/review-t4-13-8/ax.mjs	776
tmp-records/cycle-316/review-t4-13-8/build-head.log	/home/user/yolo-web/tmp/cycle-316/review-t4-13-8/build-head.log	1761
tmp-records/cycle-316/review-t4-13-8/build-head2.log	/home/user/yolo-web/tmp/cycle-316/review-t4-13-8/build-head2.log	1889
tmp-records/cycle-316/review-t4-13-8/build-head3.log	/home/user/yolo-web/tmp/cycle-316/review-t4-13-8/build-head3.log	1713
tmp-records/cycle-316/review-t4-13-8/build-parent.log	/home/user/yolo-web/tmp/cycle-316/review-t4-13-8/build-parent.log	1889
tmp-records/cycle-316/review-t4-13-8/chk.mjs	/home/user/yolo-web/tmp/cycle-316/review-t4-13-8/chk.mjs	2152
tmp-records/cycle-316/review-t4-13-8/cls-all.txt	/home/user/yolo-web/tmp/cycle-316/review-t4-13-8/cls-all.txt	5503
tmp-records/cycle-316/review-t4-13-8/cls.mjs	/home/user/yolo-web/tmp/cycle-316/review-t4-13-8/cls.mjs	3466
tmp-records/cycle-316/review-t4-13-8/d34/cls.mjs	/home/user/yolo-web/tmp/cycle-316/review-t4-13-8/d34/cls.mjs	3466
tmp-records/cycle-316/review-t4-13-8/d34/lib.mjs	/home/user/yolo-web/tmp/cycle-316/review-t4-13-8/d34/lib.mjs	5240
tmp-records/cycle-316/review-t4-13-8/datefake.cjs	/home/user/yolo-web/tmp/cycle-316/review-t4-13-8/datefake.cjs	414
tmp-records/cycle-316/review-t4-13-8/days.ts	/home/user/yolo-web/tmp/cycle-316/review-t4-13-8/days.ts	589
tmp-records/cycle-316/review-t4-13-8/dbg.mjs	/home/user/yolo-web/tmp/cycle-316/review-t4-13-8/dbg.mjs	1436
tmp-records/cycle-316/review-t4-13-8/dom.mjs	/home/user/yolo-web/tmp/cycle-316/review-t4-13-8/dom.mjs	777
tmp-records/cycle-316/review-t4-13-8/fit.ts	/home/user/yolo-web/tmp/cycle-316/review-t4-13-8/fit.ts	415
tmp-records/cycle-316/review-t4-13-8/grid-odd.txt	/home/user/yolo-web/tmp/cycle-316/review-t4-13-8/grid-odd.txt	342
tmp-records/cycle-316/review-t4-13-8/grid.mjs	/home/user/yolo-web/tmp/cycle-316/review-t4-13-8/grid.mjs	4688
tmp-records/cycle-316/review-t4-13-8/grid.txt	/home/user/yolo-web/tmp/cycle-316/review-t4-13-8/grid.txt	329
tmp-records/cycle-316/review-t4-13-8/kb5.mjs	/home/user/yolo-web/tmp/cycle-316/review-t4-13-8/kb5.mjs	2281
tmp-records/cycle-316/review-t4-13-8/kb5.txt	/home/user/yolo-web/tmp/cycle-316/review-t4-13-8/kb5.txt	11198
tmp-records/cycle-316/review-t4-13-8/lib.mjs	/home/user/yolo-web/tmp/cycle-316/review-t4-13-8/lib.mjs	4884
tmp-records/cycle-316/review-t4-13-8/oth-1280-800-16.log	/home/user/yolo-web/tmp/cycle-316/review-t4-13-8/oth-1280-800-16.log	941
tmp-records/cycle-316/review-t4-13-8/oth-1280-800-32.log	/home/user/yolo-web/tmp/cycle-316/review-t4-13-8/oth-1280-800-32.log	984
tmp-records/cycle-316/review-t4-13-8/oth-320-568-16.log	/home/user/yolo-web/tmp/cycle-316/review-t4-13-8/oth-320-568-16.log	972
tmp-records/cycle-316/review-t4-13-8/oth-320-568-32.log	/home/user/yolo-web/tmp/cycle-316/review-t4-13-8/oth-320-568-32.log	972
tmp-records/cycle-316/review-t4-13-8/oth-375-667-16.log	/home/user/yolo-web/tmp/cycle-316/review-t4-13-8/oth-375-667-16.log	972
tmp-records/cycle-316/review-t4-13-8/oth-375-667-32.log	/home/user/yolo-web/tmp/cycle-316/review-t4-13-8/oth-375-667-32.log	1032
tmp-records/cycle-316/review-t4-13-8/others.mjs	/home/user/yolo-web/tmp/cycle-316/review-t4-13-8/others.mjs	2646
tmp-records/cycle-316/review-t4-13-8/out-back-mid-1280-16.log	/home/user/yolo-web/tmp/cycle-316/review-t4-13-8/out-back-mid-1280-16.log	125
tmp-records/cycle-316/review-t4-13-8/out-back-mid-1280-32.log	/home/user/yolo-web/tmp/cycle-316/review-t4-13-8/out-back-mid-1280-32.log	160
tmp-records/cycle-316/review-t4-13-8/out-back-mid-320-16.log	/home/user/yolo-web/tmp/cycle-316/review-t4-13-8/out-back-mid-320-16.log	124
tmp-records/cycle-316/review-t4-13-8/out-back-mid-320-32.log	/home/user/yolo-web/tmp/cycle-316/review-t4-13-8/out-back-mid-320-32.log	124
tmp-records/cycle-316/review-t4-13-8/out-back-mid-375-16.log	/home/user/yolo-web/tmp/cycle-316/review-t4-13-8/out-back-mid-375-16.log	124
tmp-records/cycle-316/review-t4-13-8/out-back-mid-375-32.log	/home/user/yolo-web/tmp/cycle-316/review-t4-13-8/out-back-mid-375-32.log	124
tmp-records/cycle-316/review-t4-13-8/out-back-won-1280-16.log	/home/user/yolo-web/tmp/cycle-316/review-t4-13-8/out-back-won-1280-16.log	125
tmp-records/cycle-316/review-t4-13-8/out-back-won-1280-32.log	/home/user/yolo-web/tmp/cycle-316/review-t4-13-8/out-back-won-1280-32.log	125
tmp-records/cycle-316/review-t4-13-8/out-back-won-320-16.log	/home/user/yolo-web/tmp/cycle-316/review-t4-13-8/out-back-won-320-16.log	124
tmp-records/cycle-316/review-t4-13-8/out-back-won-320-32.log	/home/user/yolo-web/tmp/cycle-316/review-t4-13-8/out-back-won-320-32.log	124
tmp-records/cycle-316/review-t4-13-8/out-back-won-375-16.log	/home/user/yolo-web/tmp/cycle-316/review-t4-13-8/out-back-won-375-16.log	124
tmp-records/cycle-316/review-t4-13-8/out-back-won-375-32.log	/home/user/yolo-web/tmp/cycle-316/review-t4-13-8/out-back-won-375-32.log	124
tmp-records/cycle-316/review-t4-13-8/out-first-1280-16.log	/home/user/yolo-web/tmp/cycle-316/review-t4-13-8/out-first-1280-16.log	142
tmp-records/cycle-316/review-t4-13-8/out-first-1280-32.log	/home/user/yolo-web/tmp/cycle-316/review-t4-13-8/out-first-1280-32.log	142
tmp-records/cycle-316/review-t4-13-8/out-first-320-16.log	/home/user/yolo-web/tmp/cycle-316/review-t4-13-8/out-first-320-16.log	141
tmp-records/cycle-316/review-t4-13-8/out-first-320-32.log	/home/user/yolo-web/tmp/cycle-316/review-t4-13-8/out-first-320-32.log	141
tmp-records/cycle-316/review-t4-13-8/out-first-375-16.log	/home/user/yolo-web/tmp/cycle-316/review-t4-13-8/out-first-375-16.log	141
tmp-records/cycle-316/review-t4-13-8/out-first-375-32.log	/home/user/yolo-web/tmp/cycle-316/review-t4-13-8/out-first-375-32.log	141
tmp-records/cycle-316/review-t4-13-8/out-link-mid-1280-16.log	/home/user/yolo-web/tmp/cycle-316/review-t4-13-8/out-link-mid-1280-16.log	121
tmp-records/cycle-316/review-t4-13-8/out-link-mid-1280-32.log	/home/user/yolo-web/tmp/cycle-316/review-t4-13-8/out-link-mid-1280-32.log	121
tmp-records/cycle-316/review-t4-13-8/out-link-mid-320-16.log	/home/user/yolo-web/tmp/cycle-316/review-t4-13-8/out-link-mid-320-16.log	120
tmp-records/cycle-316/review-t4-13-8/out-link-mid-320-32.log	/home/user/yolo-web/tmp/cycle-316/review-t4-13-8/out-link-mid-320-32.log	120
tmp-records/cycle-316/review-t4-13-8/out-link-mid-375-16.log	/home/user/yolo-web/tmp/cycle-316/review-t4-13-8/out-link-mid-375-16.log	120
tmp-records/cycle-316/review-t4-13-8/out-link-mid-375-32.log	/home/user/yolo-web/tmp/cycle-316/review-t4-13-8/out-link-mid-375-32.log	120
tmp-records/cycle-316/review-t4-13-8/out-link-won-1280-16.log	/home/user/yolo-web/tmp/cycle-316/review-t4-13-8/out-link-won-1280-16.log	121
tmp-records/cycle-316/review-t4-13-8/out-link-won-1280-32.log	/home/user/yolo-web/tmp/cycle-316/review-t4-13-8/out-link-won-1280-32.log	121
tmp-records/cycle-316/review-t4-13-8/out-link-won-320-16.log	/home/user/yolo-web/tmp/cycle-316/review-t4-13-8/out-link-won-320-16.log	120
tmp-records/cycle-316/review-t4-13-8/out-link-won-320-32.log	/home/user/yolo-web/tmp/cycle-316/review-t4-13-8/out-link-won-320-32.log	120
tmp-records/cycle-316/review-t4-13-8/out-link-won-375-16.log	/home/user/yolo-web/tmp/cycle-316/review-t4-13-8/out-link-won-375-16.log	120
tmp-records/cycle-316/review-t4-13-8/out-link-won-375-32.log	/home/user/yolo-web/tmp/cycle-316/review-t4-13-8/out-link-won-375-32.log	120
tmp-records/cycle-316/review-t4-13-8/out-reload-mid-1280-16.log	/home/user/yolo-web/tmp/cycle-316/review-t4-13-8/out-reload-mid-1280-16.log	121
tmp-records/cycle-316/review-t4-13-8/out-reload-mid-1280-32.log	/home/user/yolo-web/tmp/cycle-316/review-t4-13-8/out-reload-mid-1280-32.log	131
tmp-records/cycle-316/review-t4-13-8/out-reload-mid-320-16.log	/home/user/yolo-web/tmp/cycle-316/review-t4-13-8/out-reload-mid-320-16.log	120
tmp-records/cycle-316/review-t4-13-8/out-reload-mid-320-32.log	/home/user/yolo-web/tmp/cycle-316/review-t4-13-8/out-reload-mid-320-32.log	120
tmp-records/cycle-316/review-t4-13-8/out-reload-mid-375-16.log	/home/user/yolo-web/tmp/cycle-316/review-t4-13-8/out-reload-mid-375-16.log	120
tmp-records/cycle-316/review-t4-13-8/out-reload-mid-375-32.log	/home/user/yolo-web/tmp/cycle-316/review-t4-13-8/out-reload-mid-375-32.log	120
tmp-records/cycle-316/review-t4-13-8/out-reload-won-1280-16.log	/home/user/yolo-web/tmp/cycle-316/review-t4-13-8/out-reload-won-1280-16.log	121
tmp-records/cycle-316/review-t4-13-8/out-reload-won-1280-32.log	/home/user/yolo-web/tmp/cycle-316/review-t4-13-8/out-reload-won-1280-32.log	121
tmp-records/cycle-316/review-t4-13-8/out-reload-won-320-16.log	/home/user/yolo-web/tmp/cycle-316/review-t4-13-8/out-reload-won-320-16.log	120
tmp-records/cycle-316/review-t4-13-8/out-reload-won-320-32.log	/home/user/yolo-web/tmp/cycle-316/review-t4-13-8/out-reload-won-320-32.log	120
tmp-records/cycle-316/review-t4-13-8/out-reload-won-375-16.log	/home/user/yolo-web/tmp/cycle-316/review-t4-13-8/out-reload-won-375-16.log	120
tmp-records/cycle-316/review-t4-13-8/out-reload-won-375-32.log	/home/user/yolo-web/tmp/cycle-316/review-t4-13-8/out-reload-won-375-32.log	120
tmp-records/cycle-316/review-t4-13-8/out-reopen-mid-1280-16.log	/home/user/yolo-web/tmp/cycle-316/review-t4-13-8/out-reopen-mid-1280-16.log	147
tmp-records/cycle-316/review-t4-13-8/out-reopen-mid-1280-32.log	/home/user/yolo-web/tmp/cycle-316/review-t4-13-8/out-reopen-mid-1280-32.log	147
tmp-records/cycle-316/review-t4-13-8/out-reopen-mid-320-16.log	/home/user/yolo-web/tmp/cycle-316/review-t4-13-8/out-reopen-mid-320-16.log	146
tmp-records/cycle-316/review-t4-13-8/out-reopen-mid-320-32.log	/home/user/yolo-web/tmp/cycle-316/review-t4-13-8/out-reopen-mid-320-32.log	146
tmp-records/cycle-316/review-t4-13-8/out-reopen-mid-375-16.log	/home/user/yolo-web/tmp/cycle-316/review-t4-13-8/out-reopen-mid-375-16.log	146
tmp-records/cycle-316/review-t4-13-8/out-reopen-mid-375-32.log	/home/user/yolo-web/tmp/cycle-316/review-t4-13-8/out-reopen-mid-375-32.log	146
tmp-records/cycle-316/review-t4-13-8/out-reopen-won-1280-16.log	/home/user/yolo-web/tmp/cycle-316/review-t4-13-8/out-reopen-won-1280-16.log	227
tmp-records/cycle-316/review-t4-13-8/out-reopen-won-1280-32.log	/home/user/yolo-web/tmp/cycle-316/review-t4-13-8/out-reopen-won-1280-32.log	171
tmp-records/cycle-316/review-t4-13-8/out-reopen-won-320-16.log	/home/user/yolo-web/tmp/cycle-316/review-t4-13-8/out-reopen-won-320-16.log	170
tmp-records/cycle-316/review-t4-13-8/out-reopen-won-320-32.log	/home/user/yolo-web/tmp/cycle-316/review-t4-13-8/out-reopen-won-320-32.log	170
tmp-records/cycle-316/review-t4-13-8/out-reopen-won-375-16.log	/home/user/yolo-web/tmp/cycle-316/review-t4-13-8/out-reopen-won-375-16.log	170
tmp-records/cycle-316/review-t4-13-8/out-reopen-won-375-32.log	/home/user/yolo-web/tmp/cycle-316/review-t4-13-8/out-reopen-won-375-32.log	170
tmp-records/cycle-316/review-t4-13-8/parent/oth-1280-800-16.log	/home/user/yolo-web/tmp/cycle-316/review-t4-13-8/parent/oth-1280-800-16.log	942
tmp-records/cycle-316/review-t4-13-8/parent/oth-1280-800-32.log	/home/user/yolo-web/tmp/cycle-316/review-t4-13-8/parent/oth-1280-800-32.log	984
tmp-records/cycle-316/review-t4-13-8/parent/oth-320-568-16.log	/home/user/yolo-web/tmp/cycle-316/review-t4-13-8/parent/oth-320-568-16.log	972
tmp-records/cycle-316/review-t4-13-8/parent/oth-375-667-16.log	/home/user/yolo-web/tmp/cycle-316/review-t4-13-8/parent/oth-375-667-16.log	972
tmp-records/cycle-316/review-t4-13-8/parent/oth-375-667-32.log	/home/user/yolo-web/tmp/cycle-316/review-t4-13-8/parent/oth-375-667-32.log	1031
tmp-records/cycle-316/review-t4-13-8/phr-all.json	/home/user/yolo-web/tmp/cycle-316/review-t4-13-8/phr-all.json	11036
tmp-records/cycle-316/review-t4-13-8/phr-days.json	/home/user/yolo-web/tmp/cycle-316/review-t4-13-8/phr-days.json	84518
tmp-records/cycle-316/review-t4-13-8/phr.ts	/home/user/yolo-web/tmp/cycle-316/review-t4-13-8/phr.ts	435
tmp-records/cycle-316/review-t4-13-8/play.mjs	/home/user/yolo-web/tmp/cycle-316/review-t4-13-8/play.mjs	2263
tmp-records/cycle-316/review-t4-13-8/play.txt	/home/user/yolo-web/tmp/cycle-316/review-t4-13-8/play.txt	4987
tmp-records/cycle-316/review-t4-13-8/real34.mjs	/home/user/yolo-web/tmp/cycle-316/review-t4-13-8/real34.mjs	1983
tmp-records/cycle-316/review-t4-13-8/runall.sh	/home/user/yolo-web/tmp/cycle-316/review-t4-13-8/runall.sh	387
tmp-records/cycle-316/review-t4-13-8/sel.mjs	/home/user/yolo-web/tmp/cycle-316/review-t4-13-8/sel.mjs	924
tmp-records/cycle-316/review-t4-13-8/server-parent.log	/home/user/yolo-web/tmp/cycle-316/review-t4-13-8/server-parent.log	392
tmp-records/cycle-316/review-t4-13-8/server.log	/home/user/yolo-web/tmp/cycle-316/review-t4-13-8/server.log	392
tmp-records/cycle-316/review-t4-13-8/server2.log	/home/user/yolo-web/tmp/cycle-316/review-t4-13-8/server2.log	392
tmp-records/cycle-316/review-t4-13-8/shots/end-loss-320-32.png	/home/user/yolo-web/tmp/cycle-316/review-t4-13-8/shots/end-loss-320-32.png	817903
tmp-records/cycle-316/review-t4-13-8/shots/end-loss-375-16.png	/home/user/yolo-web/tmp/cycle-316/review-t4-13-8/shots/end-loss-375-16.png	364805
tmp-records/cycle-316/review-t4-13-8/shots/end-loss0-320-32.png	/home/user/yolo-web/tmp/cycle-316/review-t4-13-8/shots/end-loss0-320-32.png	815801
tmp-records/cycle-316/review-t4-13-8/shots/end-loss0-375-16.png	/home/user/yolo-web/tmp/cycle-316/review-t4-13-8/shots/end-loss0-375-16.png	363260
tmp-records/cycle-316/review-t4-13-8/shots/end-win-320-32.png	/home/user/yolo-web/tmp/cycle-316/review-t4-13-8/shots/end-win-320-32.png	816628
tmp-records/cycle-316/review-t4-13-8/shots/end-win-375-16.png	/home/user/yolo-web/tmp/cycle-316/review-t4-13-8/shots/end-win-375-16.png	364757
tmp-records/cycle-316/review-t4-13-8/shots/kb-bad-320-568-16-lose-bottom.png	/home/user/yolo-web/tmp/cycle-316/review-t4-13-8/shots/kb-bad-320-568-16-lose-bottom.png	35937
tmp-records/cycle-316/review-t4-13-8/shots/kb-bad-320-568-16-lose-center.png	/home/user/yolo-web/tmp/cycle-316/review-t4-13-8/shots/kb-bad-320-568-16-lose-center.png	35937
tmp-records/cycle-316/review-t4-13-8/shots/kb-bad-320-568-16-lose-top.png	/home/user/yolo-web/tmp/cycle-316/review-t4-13-8/shots/kb-bad-320-568-16-lose-top.png	35940
tmp-records/cycle-316/review-t4-13-8/shots/kb-bad-320-568-16-win-bottom.png	/home/user/yolo-web/tmp/cycle-316/review-t4-13-8/shots/kb-bad-320-568-16-win-bottom.png	36884
tmp-records/cycle-316/review-t4-13-8/shots/kb-bad-320-568-16-win-center.png	/home/user/yolo-web/tmp/cycle-316/review-t4-13-8/shots/kb-bad-320-568-16-win-center.png	32466
tmp-records/cycle-316/review-t4-13-8/shots/kb-bad-320-568-16-win-top.png	/home/user/yolo-web/tmp/cycle-316/review-t4-13-8/shots/kb-bad-320-568-16-win-top.png	28996
tmp-records/cycle-316/review-t4-13-8/shots/kb-bad-320-568-32-lose-bottom.png	/home/user/yolo-web/tmp/cycle-316/review-t4-13-8/shots/kb-bad-320-568-32-lose-bottom.png	26713
tmp-records/cycle-316/review-t4-13-8/shots/kb-bad-320-568-32-lose-center.png	/home/user/yolo-web/tmp/cycle-316/review-t4-13-8/shots/kb-bad-320-568-32-lose-center.png	26713
tmp-records/cycle-316/review-t4-13-8/shots/kb-bad-320-568-32-lose-top.png	/home/user/yolo-web/tmp/cycle-316/review-t4-13-8/shots/kb-bad-320-568-32-lose-top.png	26777
tmp-records/cycle-316/review-t4-13-8/shots/kb-bad-320-568-32-win-bottom.png	/home/user/yolo-web/tmp/cycle-316/review-t4-13-8/shots/kb-bad-320-568-32-win-bottom.png	28151
tmp-records/cycle-316/review-t4-13-8/shots/kb-bad-320-568-32-win-center.png	/home/user/yolo-web/tmp/cycle-316/review-t4-13-8/shots/kb-bad-320-568-32-win-center.png	27622
tmp-records/cycle-316/review-t4-13-8/shots/kb-bad-320-568-32-win-top.png	/home/user/yolo-web/tmp/cycle-316/review-t4-13-8/shots/kb-bad-320-568-32-win-top.png	27597
tmp-records/cycle-316/review-t4-13-8/shots/kb-bad-320-667-16-lose-bottom.png	/home/user/yolo-web/tmp/cycle-316/review-t4-13-8/shots/kb-bad-320-667-16-lose-bottom.png	41074
tmp-records/cycle-316/review-t4-13-8/shots/kb-bad-320-667-16-lose-center.png	/home/user/yolo-web/tmp/cycle-316/review-t4-13-8/shots/kb-bad-320-667-16-lose-center.png	41074
tmp-records/cycle-316/review-t4-13-8/shots/kb-bad-320-667-16-lose-top.png	/home/user/yolo-web/tmp/cycle-316/review-t4-13-8/shots/kb-bad-320-667-16-lose-top.png	41074
tmp-records/cycle-316/review-t4-13-8/shots/kb-bad-320-667-16-win-bottom.png	/home/user/yolo-web/tmp/cycle-316/review-t4-13-8/shots/kb-bad-320-667-16-win-bottom.png	45995
tmp-records/cycle-316/review-t4-13-8/shots/kb-bad-320-667-16-win-center.png	/home/user/yolo-web/tmp/cycle-316/review-t4-13-8/shots/kb-bad-320-667-16-win-center.png	40953
tmp-records/cycle-316/review-t4-13-8/shots/kb-bad-320-667-16-win-top.png	/home/user/yolo-web/tmp/cycle-316/review-t4-13-8/shots/kb-bad-320-667-16-win-top.png	32134
tmp-records/cycle-316/review-t4-13-8/shots/kb-bad-320-667-32-lose-bottom.png	/home/user/yolo-web/tmp/cycle-316/review-t4-13-8/shots/kb-bad-320-667-32-lose-bottom.png	33390
tmp-records/cycle-316/review-t4-13-8/shots/kb-bad-320-667-32-lose-center.png	/home/user/yolo-web/tmp/cycle-316/review-t4-13-8/shots/kb-bad-320-667-32-lose-center.png	33390
tmp-records/cycle-316/review-t4-13-8/shots/kb-bad-320-667-32-lose-top.png	/home/user/yolo-web/tmp/cycle-316/review-t4-13-8/shots/kb-bad-320-667-32-lose-top.png	33332
tmp-records/cycle-316/review-t4-13-8/shots/kb-bad-320-667-32-win-bottom.png	/home/user/yolo-web/tmp/cycle-316/review-t4-13-8/shots/kb-bad-320-667-32-win-bottom.png	33959
tmp-records/cycle-316/review-t4-13-8/shots/kb-bad-320-667-32-win-center.png	/home/user/yolo-web/tmp/cycle-316/review-t4-13-8/shots/kb-bad-320-667-32-win-center.png	32215
tmp-records/cycle-316/review-t4-13-8/shots/kb-bad-320-667-32-win-top.png	/home/user/yolo-web/tmp/cycle-316/review-t4-13-8/shots/kb-bad-320-667-32-win-top.png	32200
tmp-records/cycle-316/review-t4-13-8/shots/kb-bad-375-667-16-lose-bottom.png	/home/user/yolo-web/tmp/cycle-316/review-t4-13-8/shots/kb-bad-375-667-16-lose-bottom.png	42108
tmp-records/cycle-316/review-t4-13-8/shots/kb-bad-375-667-16-lose-center.png	/home/user/yolo-web/tmp/cycle-316/review-t4-13-8/shots/kb-bad-375-667-16-lose-center.png	42108
tmp-records/cycle-316/review-t4-13-8/shots/kb-bad-375-667-16-lose-top.png	/home/user/yolo-web/tmp/cycle-316/review-t4-13-8/shots/kb-bad-375-667-16-lose-top.png	42122
tmp-records/cycle-316/review-t4-13-8/shots/kb-bad-375-667-16-win-bottom.png	/home/user/yolo-web/tmp/cycle-316/review-t4-13-8/shots/kb-bad-375-667-16-win-bottom.png	51526
tmp-records/cycle-316/review-t4-13-8/shots/kb-bad-375-667-16-win-center.png	/home/user/yolo-web/tmp/cycle-316/review-t4-13-8/shots/kb-bad-375-667-16-win-center.png	40095
tmp-records/cycle-316/review-t4-13-8/shots/kb-bad-375-667-16-win-top.png	/home/user/yolo-web/tmp/cycle-316/review-t4-13-8/shots/kb-bad-375-667-16-win-top.png	33550
tmp-records/cycle-316/review-t4-13-8/shots/kb-bad-375-667-32-lose-bottom.png	/home/user/yolo-web/tmp/cycle-316/review-t4-13-8/shots/kb-bad-375-667-32-lose-bottom.png	42289
tmp-records/cycle-316/review-t4-13-8/shots/kb-bad-375-667-32-lose-center.png	/home/user/yolo-web/tmp/cycle-316/review-t4-13-8/shots/kb-bad-375-667-32-lose-center.png	42289
tmp-records/cycle-316/review-t4-13-8/shots/kb-bad-375-667-32-lose-top.png	/home/user/yolo-web/tmp/cycle-316/review-t4-13-8/shots/kb-bad-375-667-32-lose-top.png	42289
tmp-records/cycle-316/review-t4-13-8/shots/kb-bad-375-667-32-win-bottom.png	/home/user/yolo-web/tmp/cycle-316/review-t4-13-8/shots/kb-bad-375-667-32-win-bottom.png	44385
tmp-records/cycle-316/review-t4-13-8/shots/kb-bad-375-667-32-win-center.png	/home/user/yolo-web/tmp/cycle-316/review-t4-13-8/shots/kb-bad-375-667-32-win-center.png	37624
tmp-records/cycle-316/review-t4-13-8/shots/kb-bad-375-667-32-win-top.png	/home/user/yolo-web/tmp/cycle-316/review-t4-13-8/shots/kb-bad-375-667-32-win-top.png	36474
tmp-records/cycle-316/review-t4-13-8/shots/real34-1280-16-light.png	/home/user/yolo-web/tmp/cycle-316/review-t4-13-8/shots/real34-1280-16-light.png	35677
tmp-records/cycle-316/review-t4-13-8/shots/real34-1280-32-dark.png	/home/user/yolo-web/tmp/cycle-316/review-t4-13-8/shots/real34-1280-32-dark.png	69237
tmp-records/cycle-316/review-t4-13-8/shots/real34-320-16-light.png	/home/user/yolo-web/tmp/cycle-316/review-t4-13-8/shots/real34-320-16-light.png	30403
tmp-records/cycle-316/review-t4-13-8/shots/real34-320-24-dark.png	/home/user/yolo-web/tmp/cycle-316/review-t4-13-8/shots/real34-320-24-dark.png	51064
tmp-records/cycle-316/review-t4-13-8/shots/real34-320-32-light.png	/home/user/yolo-web/tmp/cycle-316/review-t4-13-8/shots/real34-320-32-light.png	70545
tmp-records/cycle-316/review-t4-13-8/shots/real34-375-16-dark.png	/home/user/yolo-web/tmp/cycle-316/review-t4-13-8/shots/real34-375-16-dark.png	31694
tmp-records/cycle-316/review-t4-13-8/shots/real34-375-32-light.png	/home/user/yolo-web/tmp/cycle-316/review-t4-13-8/shots/real34-375-32-light.png	70063
tmp-records/cycle-316/review-t4-13-8/shots/yoji-after.png	/home/user/yolo-web/tmp/cycle-316/review-t4-13-8/shots/yoji-after.png	37400
tmp-records/cycle-316/review-t4-13-8/shots/yoji-before.png	/home/user/yolo-web/tmp/cycle-316/review-t4-13-8/shots/yoji-before.png	35002
tmp-records/cycle-316/review-t4-13-8/stub/server-only/index.js	/home/user/yolo-web/tmp/cycle-316/review-t4-13-8/stub/server-only/index.js	18
tmp-records/cycle-316/review-t4-13-8/stub/server-only/package.json	/home/user/yolo-web/tmp/cycle-316/review-t4-13-8/stub/server-only/package.json	41
tmp-records/cycle-316/review-t4-13-8/yoji.mjs	/home/user/yolo-web/tmp/cycle-316/review-t4-13-8/yoji.mjs	1717
tmp-records/cycle-316/review-t4-14-3/build.log	/home/user/yolo-web/tmp/cycle-316/review-t4-14-3/build.log	1759
tmp-records/cycle-316/review-t4-14-3/cls.mjs	/home/user/yolo-web/tmp/cycle-316/review-t4-14-3/cls.mjs	3503
tmp-records/cycle-316/review-t4-14-3/flash.mjs	/home/user/yolo-web/tmp/cycle-316/review-t4-14-3/flash.mjs	1442
tmp-records/cycle-316/review-t4-14-3/glyph.mjs	/home/user/yolo-web/tmp/cycle-316/review-t4-14-3/glyph.mjs	1910
tmp-records/cycle-316/review-t4-14-3/lib.mjs	/home/user/yolo-web/tmp/cycle-316/review-t4-14-3/lib.mjs	4128
tmp-records/cycle-316/review-t4-14-3/nokey.mjs	/home/user/yolo-web/tmp/cycle-316/review-t4-14-3/nokey.mjs	938
tmp-records/cycle-316/review-t4-14-3/o-1280-16-back-done.txt	/home/user/yolo-web/tmp/cycle-316/review-t4-14-3/o-1280-16-back-done.txt	177
tmp-records/cycle-316/review-t4-14-3/o-1280-16-back-mid.txt	/home/user/yolo-web/tmp/cycle-316/review-t4-14-3/o-1280-16-back-mid.txt	211
tmp-records/cycle-316/review-t4-14-3/o-1280-16-first.txt	/home/user/yolo-web/tmp/cycle-316/review-t4-14-3/o-1280-16-first.txt	194
tmp-records/cycle-316/review-t4-14-3/o-1280-16-link-done.txt	/home/user/yolo-web/tmp/cycle-316/review-t4-14-3/o-1280-16-link-done.txt	173
tmp-records/cycle-316/review-t4-14-3/o-1280-16-link-mid.txt	/home/user/yolo-web/tmp/cycle-316/review-t4-14-3/o-1280-16-link-mid.txt	172
tmp-records/cycle-316/review-t4-14-3/o-1280-16-reload-done.txt	/home/user/yolo-web/tmp/cycle-316/review-t4-14-3/o-1280-16-reload-done.txt	173
tmp-records/cycle-316/review-t4-14-3/o-1280-16-reload-mid.txt	/home/user/yolo-web/tmp/cycle-316/review-t4-14-3/o-1280-16-reload-mid.txt	202
tmp-records/cycle-316/review-t4-14-3/o-1280-16-reopen-done.txt	/home/user/yolo-web/tmp/cycle-316/review-t4-14-3/o-1280-16-reopen-done.txt	184
tmp-records/cycle-316/review-t4-14-3/o-1280-16-reopen-mid.txt	/home/user/yolo-web/tmp/cycle-316/review-t4-14-3/o-1280-16-reopen-mid.txt	199
tmp-records/cycle-316/review-t4-14-3/o-1280-32-back-done.txt	/home/user/yolo-web/tmp/cycle-316/review-t4-14-3/o-1280-32-back-done.txt	177
tmp-records/cycle-316/review-t4-14-3/o-1280-32-back-mid.txt	/home/user/yolo-web/tmp/cycle-316/review-t4-14-3/o-1280-32-back-mid.txt	211
tmp-records/cycle-316/review-t4-14-3/o-1280-32-first.txt	/home/user/yolo-web/tmp/cycle-316/review-t4-14-3/o-1280-32-first.txt	194
tmp-records/cycle-316/review-t4-14-3/o-1280-32-link-done.txt	/home/user/yolo-web/tmp/cycle-316/review-t4-14-3/o-1280-32-link-done.txt	173
tmp-records/cycle-316/review-t4-14-3/o-1280-32-link-mid.txt	/home/user/yolo-web/tmp/cycle-316/review-t4-14-3/o-1280-32-link-mid.txt	172
tmp-records/cycle-316/review-t4-14-3/o-1280-32-reload-done.txt	/home/user/yolo-web/tmp/cycle-316/review-t4-14-3/o-1280-32-reload-done.txt	173
tmp-records/cycle-316/review-t4-14-3/o-1280-32-reload-mid.txt	/home/user/yolo-web/tmp/cycle-316/review-t4-14-3/o-1280-32-reload-mid.txt	192
tmp-records/cycle-316/review-t4-14-3/o-1280-32-reopen-done.txt	/home/user/yolo-web/tmp/cycle-316/review-t4-14-3/o-1280-32-reopen-done.txt	176
tmp-records/cycle-316/review-t4-14-3/o-1280-32-reopen-mid.txt	/home/user/yolo-web/tmp/cycle-316/review-t4-14-3/o-1280-32-reopen-mid.txt	199
tmp-records/cycle-316/review-t4-14-3/o-320-16-back-done.txt	/home/user/yolo-web/tmp/cycle-316/review-t4-14-3/o-320-16-back-done.txt	176
tmp-records/cycle-316/review-t4-14-3/o-320-16-back-mid.txt	/home/user/yolo-web/tmp/cycle-316/review-t4-14-3/o-320-16-back-mid.txt	175
tmp-records/cycle-316/review-t4-14-3/o-320-16-first.txt	/home/user/yolo-web/tmp/cycle-316/review-t4-14-3/o-320-16-first.txt	193
tmp-records/cycle-316/review-t4-14-3/o-320-16-link-done.txt	/home/user/yolo-web/tmp/cycle-316/review-t4-14-3/o-320-16-link-done.txt	172
tmp-records/cycle-316/review-t4-14-3/o-320-16-link-mid.txt	/home/user/yolo-web/tmp/cycle-316/review-t4-14-3/o-320-16-link-mid.txt	171
tmp-records/cycle-316/review-t4-14-3/o-320-16-reload-done.txt	/home/user/yolo-web/tmp/cycle-316/review-t4-14-3/o-320-16-reload-done.txt	172
tmp-records/cycle-316/review-t4-14-3/o-320-16-reload-mid.txt	/home/user/yolo-web/tmp/cycle-316/review-t4-14-3/o-320-16-reload-mid.txt	171
tmp-records/cycle-316/review-t4-14-3/o-320-16-reopen-done.txt	/home/user/yolo-web/tmp/cycle-316/review-t4-14-3/o-320-16-reopen-done.txt	175
tmp-records/cycle-316/review-t4-14-3/o-320-16-reopen-mid.txt	/home/user/yolo-web/tmp/cycle-316/review-t4-14-3/o-320-16-reopen-mid.txt	198
tmp-records/cycle-316/review-t4-14-3/o-320-32-back-done.txt	/home/user/yolo-web/tmp/cycle-316/review-t4-14-3/o-320-32-back-done.txt	176
tmp-records/cycle-316/review-t4-14-3/o-320-32-back-mid.txt	/home/user/yolo-web/tmp/cycle-316/review-t4-14-3/o-320-32-back-mid.txt	205
tmp-records/cycle-316/review-t4-14-3/o-320-32-first.txt	/home/user/yolo-web/tmp/cycle-316/review-t4-14-3/o-320-32-first.txt	201
tmp-records/cycle-316/review-t4-14-3/o-320-32-link-done.txt	/home/user/yolo-web/tmp/cycle-316/review-t4-14-3/o-320-32-link-done.txt	172
tmp-records/cycle-316/review-t4-14-3/o-320-32-link-mid.txt	/home/user/yolo-web/tmp/cycle-316/review-t4-14-3/o-320-32-link-mid.txt	171
tmp-records/cycle-316/review-t4-14-3/o-320-32-reload-done.txt	/home/user/yolo-web/tmp/cycle-316/review-t4-14-3/o-320-32-reload-done.txt	172
tmp-records/cycle-316/review-t4-14-3/o-320-32-reload-mid.txt	/home/user/yolo-web/tmp/cycle-316/review-t4-14-3/o-320-32-reload-mid.txt	211
tmp-records/cycle-316/review-t4-14-3/o-320-32-reopen-done.txt	/home/user/yolo-web/tmp/cycle-316/review-t4-14-3/o-320-32-reopen-done.txt	183
tmp-records/cycle-316/review-t4-14-3/o-320-32-reopen-mid.txt	/home/user/yolo-web/tmp/cycle-316/review-t4-14-3/o-320-32-reopen-mid.txt	206
tmp-records/cycle-316/review-t4-14-3/o-375-16-back-done.txt	/home/user/yolo-web/tmp/cycle-316/review-t4-14-3/o-375-16-back-done.txt	176
tmp-records/cycle-316/review-t4-14-3/o-375-16-back-mid.txt	/home/user/yolo-web/tmp/cycle-316/review-t4-14-3/o-375-16-back-mid.txt	175
tmp-records/cycle-316/review-t4-14-3/o-375-16-first.txt	/home/user/yolo-web/tmp/cycle-316/review-t4-14-3/o-375-16-first.txt	193
tmp-records/cycle-316/review-t4-14-3/o-375-16-link-done.txt	/home/user/yolo-web/tmp/cycle-316/review-t4-14-3/o-375-16-link-done.txt	172
tmp-records/cycle-316/review-t4-14-3/o-375-16-link-mid.txt	/home/user/yolo-web/tmp/cycle-316/review-t4-14-3/o-375-16-link-mid.txt	171
tmp-records/cycle-316/review-t4-14-3/o-375-16-reload-done.txt	/home/user/yolo-web/tmp/cycle-316/review-t4-14-3/o-375-16-reload-done.txt	172
tmp-records/cycle-316/review-t4-14-3/o-375-16-reload-mid.txt	/home/user/yolo-web/tmp/cycle-316/review-t4-14-3/o-375-16-reload-mid.txt	171
tmp-records/cycle-316/review-t4-14-3/o-375-16-reopen-done.txt	/home/user/yolo-web/tmp/cycle-316/review-t4-14-3/o-375-16-reopen-done.txt	175
tmp-records/cycle-316/review-t4-14-3/o-375-16-reopen-mid.txt	/home/user/yolo-web/tmp/cycle-316/review-t4-14-3/o-375-16-reopen-mid.txt	198
tmp-records/cycle-316/review-t4-14-3/o-375-32-back-done.txt	/home/user/yolo-web/tmp/cycle-316/review-t4-14-3/o-375-32-back-done.txt	176
tmp-records/cycle-316/review-t4-14-3/o-375-32-back-mid.txt	/home/user/yolo-web/tmp/cycle-316/review-t4-14-3/o-375-32-back-mid.txt	200
tmp-records/cycle-316/review-t4-14-3/o-375-32-first.txt	/home/user/yolo-web/tmp/cycle-316/review-t4-14-3/o-375-32-first.txt	201
tmp-records/cycle-316/review-t4-14-3/o-375-32-link-done.txt	/home/user/yolo-web/tmp/cycle-316/review-t4-14-3/o-375-32-link-done.txt	172
tmp-records/cycle-316/review-t4-14-3/o-375-32-link-mid.txt	/home/user/yolo-web/tmp/cycle-316/review-t4-14-3/o-375-32-link-mid.txt	171
tmp-records/cycle-316/review-t4-14-3/o-375-32-reload-done.txt	/home/user/yolo-web/tmp/cycle-316/review-t4-14-3/o-375-32-reload-done.txt	172
tmp-records/cycle-316/review-t4-14-3/o-375-32-reload-mid.txt	/home/user/yolo-web/tmp/cycle-316/review-t4-14-3/o-375-32-reload-mid.txt	211
tmp-records/cycle-316/review-t4-14-3/o-375-32-reopen-done.txt	/home/user/yolo-web/tmp/cycle-316/review-t4-14-3/o-375-32-reopen-done.txt	175
tmp-records/cycle-316/review-t4-14-3/o-375-32-reopen-mid.txt	/home/user/yolo-web/tmp/cycle-316/review-t4-14-3/o-375-32-reopen-mid.txt	206
tmp-records/cycle-316/review-t4-14-3/p1.txt	/home/user/yolo-web/tmp/cycle-316/review-t4-14-3/p1.txt	3149
tmp-records/cycle-316/review-t4-14-3/p2.txt	/home/user/yolo-web/tmp/cycle-316/review-t4-14-3/p2.txt	3167
tmp-records/cycle-316/review-t4-14-3/p3.txt	/home/user/yolo-web/tmp/cycle-316/review-t4-14-3/p3.txt	3153
tmp-records/cycle-316/review-t4-14-3/page.html	/home/user/yolo-web/tmp/cycle-316/review-t4-14-3/page.html	62906
tmp-records/cycle-316/review-t4-14-3/play.mjs	/home/user/yolo-web/tmp/cycle-316/review-t4-14-3/play.mjs	4330
tmp-records/cycle-316/review-t4-14-3/res.mjs	/home/user/yolo-web/tmp/cycle-316/review-t4-14-3/res.mjs	593
tmp-records/cycle-316/review-t4-14-3/rot.mjs	/home/user/yolo-web/tmp/cycle-316/review-t4-14-3/rot.mjs	2005
tmp-records/cycle-316/review-t4-14-3/rot16.txt	/home/user/yolo-web/tmp/cycle-316/review-t4-14-3/rot16.txt	410
tmp-records/cycle-316/review-t4-14-3/run.sh	/home/user/yolo-web/tmp/cycle-316/review-t4-14-3/run.sh	372
tmp-records/cycle-316/review-t4-14-3/s1.txt	/home/user/yolo-web/tmp/cycle-316/review-t4-14-3/s1.txt	1737
tmp-records/cycle-316/review-t4-14-3/s2.txt	/home/user/yolo-web/tmp/cycle-316/review-t4-14-3/s2.txt	1424
tmp-records/cycle-316/review-t4-14-3/server.log	/home/user/yolo-web/tmp/cycle-316/review-t4-14-3/server.log	390
tmp-records/cycle-316/review-t4-14-3/shots/edge-1280-16.png	/home/user/yolo-web/tmp/cycle-316/review-t4-14-3/shots/edge-1280-16.png	48165
tmp-records/cycle-316/review-t4-14-3/shots/edge-320-16.png	/home/user/yolo-web/tmp/cycle-316/review-t4-14-3/shots/edge-320-16.png	28104
tmp-records/cycle-316/review-t4-14-3/shots/edge-320-32.png	/home/user/yolo-web/tmp/cycle-316/review-t4-14-3/shots/edge-320-32.png	27862
tmp-records/cycle-316/review-t4-14-3/shots/edge-375-32-dark.png	/home/user/yolo-web/tmp/cycle-316/review-t4-14-3/shots/edge-375-32-dark.png	24787
tmp-records/cycle-316/review-t4-14-3/shots/edge-hover-1280-16.png	/home/user/yolo-web/tmp/cycle-316/review-t4-14-3/shots/edge-hover-1280-16.png	48165
tmp-records/cycle-316/review-t4-14-3/shots/edge-hover-320-16.png	/home/user/yolo-web/tmp/cycle-316/review-t4-14-3/shots/edge-hover-320-16.png	28104
tmp-records/cycle-316/review-t4-14-3/shots/edge-hover-320-32.png	/home/user/yolo-web/tmp/cycle-316/review-t4-14-3/shots/edge-hover-320-32.png	27862
tmp-records/cycle-316/review-t4-14-3/shots/edge-hover-375-32-dark.png	/home/user/yolo-web/tmp/cycle-316/review-t4-14-3/shots/edge-hover-375-32-dark.png	24787
tmp-records/cycle-316/review-t4-14-3/shots/first-1280-16.png	/home/user/yolo-web/tmp/cycle-316/review-t4-14-3/shots/first-1280-16.png	49640
tmp-records/cycle-316/review-t4-14-3/shots/first-320-16.png	/home/user/yolo-web/tmp/cycle-316/review-t4-14-3/shots/first-320-16.png	28296
tmp-records/cycle-316/review-t4-14-3/shots/first-320-32.png	/home/user/yolo-web/tmp/cycle-316/review-t4-14-3/shots/first-320-32.png	32151
tmp-records/cycle-316/review-t4-14-3/shots/first-375-32-dark.png	/home/user/yolo-web/tmp/cycle-316/review-t4-14-3/shots/first-375-32-dark.png	39736
tmp-records/cycle-316/review-t4-14-3/shots/ir-1280-16.png	/home/user/yolo-web/tmp/cycle-316/review-t4-14-3/shots/ir-1280-16.png	65642
tmp-records/cycle-316/review-t4-14-3/shots/ir-320-16.png	/home/user/yolo-web/tmp/cycle-316/review-t4-14-3/shots/ir-320-16.png	27690
tmp-records/cycle-316/review-t4-14-3/shots/ir-375-32.png	/home/user/yolo-web/tmp/cycle-316/review-t4-14-3/shots/ir-375-32.png	25184
tmp-records/cycle-316/review-t4-14-3/shots/judged-1280-16.png	/home/user/yolo-web/tmp/cycle-316/review-t4-14-3/shots/judged-1280-16.png	43024
tmp-records/cycle-316/review-t4-14-3/shots/judged-320-16.png	/home/user/yolo-web/tmp/cycle-316/review-t4-14-3/shots/judged-320-16.png	30651
tmp-records/cycle-316/review-t4-14-3/shots/judged-320-32.png	/home/user/yolo-web/tmp/cycle-316/review-t4-14-3/shots/judged-320-32.png	31447
tmp-records/cycle-316/review-t4-14-3/shots/judged-375-32-dark.png	/home/user/yolo-web/tmp/cycle-316/review-t4-14-3/shots/judged-375-32-dark.png	34182
tmp-records/cycle-316/review-t4-14-3/shots/pw-1280-16.png	/home/user/yolo-web/tmp/cycle-316/review-t4-14-3/shots/pw-1280-16.png	42258
tmp-records/cycle-316/review-t4-14-3/shots/pw-320-16.png	/home/user/yolo-web/tmp/cycle-316/review-t4-14-3/shots/pw-320-16.png	29605
tmp-records/cycle-316/review-t4-14-3/shots/pw-375-32.png	/home/user/yolo-web/tmp/cycle-316/review-t4-14-3/shots/pw-375-32.png	35957
tmp-records/cycle-316/review-t4-14-3/shots/reopen-share-320-32.png	/home/user/yolo-web/tmp/cycle-316/review-t4-14-3/shots/reopen-share-320-32.png	23733
tmp-records/cycle-316/review-t4-14-3/shots/reopen-table-320-32.png	/home/user/yolo-web/tmp/cycle-316/review-t4-14-3/shots/reopen-table-320-32.png	22365
tmp-records/cycle-316/review-t4-14-3/shots/result-1280-16.png	/home/user/yolo-web/tmp/cycle-316/review-t4-14-3/shots/result-1280-16.png	451810
tmp-records/cycle-316/review-t4-14-3/shots/result-320-16.png	/home/user/yolo-web/tmp/cycle-316/review-t4-14-3/shots/result-320-16.png	396383
tmp-records/cycle-316/review-t4-14-3/shots/result-320-32.png	/home/user/yolo-web/tmp/cycle-316/review-t4-14-3/shots/result-320-32.png	888979
tmp-records/cycle-316/review-t4-14-3/shots/result-375-32-dark.png	/home/user/yolo-web/tmp/cycle-316/review-t4-14-3/shots/result-375-32-dark.png	907538
tmp-records/cycle-316/review-t4-14-3/slider.mjs	/home/user/yolo-web/tmp/cycle-316/review-t4-14-3/slider.mjs	2553
tmp-records/cycle-316/review-t4-14-3/tools.mjs	/home/user/yolo-web/tmp/cycle-316/review-t4-14-3/tools.mjs	1859
tmp-records/cycle-316/review-t4-15a/build.log	/home/user/yolo-web/tmp/cycle-316/review-t4-15a/build.log	1699
tmp-records/cycle-316/review-t4-15a/correct.mjs	/home/user/yolo-web/tmp/cycle-316/review-t4-15a/correct.mjs	2013
tmp-records/cycle-316/review-t4-15a/fontchange.mjs	/home/user/yolo-web/tmp/cycle-316/review-t4-15a/fontchange.mjs	1394
tmp-records/cycle-316/review-t4-15a/measure.json	/home/user/yolo-web/tmp/cycle-316/review-t4-15a/measure.json	69760
tmp-records/cycle-316/review-t4-15a/measure.mjs	/home/user/yolo-web/tmp/cycle-316/review-t4-15a/measure.mjs	4534
tmp-records/cycle-316/review-t4-15a/quiz.mjs	/home/user/yolo-web/tmp/cycle-316/review-t4-15a/quiz.mjs	1795
tmp-records/cycle-316/review-t4-15a/server.log	/home/user/yolo-web/tmp/cycle-316/review-t4-15a/server.log	390
tmp-records/cycle-316/review-t4-15a/shots/box-1280-100-dark.png	/home/user/yolo-web/tmp/cycle-316/review-t4-15a/shots/box-1280-100-dark.png	25603
tmp-records/cycle-316/review-t4-15a/shots/box-1280-100-light.png	/home/user/yolo-web/tmp/cycle-316/review-t4-15a/shots/box-1280-100-light.png	25133
tmp-records/cycle-316/review-t4-15a/shots/box-1280-200-dark.png	/home/user/yolo-web/tmp/cycle-316/review-t4-15a/shots/box-1280-200-dark.png	46001
tmp-records/cycle-316/review-t4-15a/shots/box-1280-200-light.png	/home/user/yolo-web/tmp/cycle-316/review-t4-15a/shots/box-1280-200-light.png	45230
tmp-records/cycle-316/review-t4-15a/shots/box-320-100-dark.png	/home/user/yolo-web/tmp/cycle-316/review-t4-15a/shots/box-320-100-dark.png	19417
tmp-records/cycle-316/review-t4-15a/shots/box-320-100-light.png	/home/user/yolo-web/tmp/cycle-316/review-t4-15a/shots/box-320-100-light.png	18800
tmp-records/cycle-316/review-t4-15a/shots/box-320-200-dark.png	/home/user/yolo-web/tmp/cycle-316/review-t4-15a/shots/box-320-200-dark.png	39403
tmp-records/cycle-316/review-t4-15a/shots/box-320-200-light.png	/home/user/yolo-web/tmp/cycle-316/review-t4-15a/shots/box-320-200-light.png	38621
tmp-records/cycle-316/review-t4-15a/shots/box-375-100-dark.png	/home/user/yolo-web/tmp/cycle-316/review-t4-15a/shots/box-375-100-dark.png	19591
tmp-records/cycle-316/review-t4-15a/shots/box-375-100-light.png	/home/user/yolo-web/tmp/cycle-316/review-t4-15a/shots/box-375-100-light.png	18973
tmp-records/cycle-316/review-t4-15a/shots/box-375-200-dark.png	/home/user/yolo-web/tmp/cycle-316/review-t4-15a/shots/box-375-200-dark.png	39344
tmp-records/cycle-316/review-t4-15a/shots/box-375-200-light.png	/home/user/yolo-web/tmp/cycle-316/review-t4-15a/shots/box-375-200-light.png	38577
tmp-records/cycle-316/review-t4-15a/shots/cc-1280-100-dark-0.png	/home/user/yolo-web/tmp/cycle-316/review-t4-15a/shots/cc-1280-100-dark-0.png	33409
tmp-records/cycle-316/review-t4-15a/shots/cc-1280-100-dark-1234.png	/home/user/yolo-web/tmp/cycle-316/review-t4-15a/shots/cc-1280-100-dark-1234.png	59131
tmp-records/cycle-316/review-t4-15a/shots/cc-1280-100-dark-1234567.png	/home/user/yolo-web/tmp/cycle-316/review-t4-15a/shots/cc-1280-100-dark-1234567.png	57713
tmp-records/cycle-316/review-t4-15a/shots/cc-1280-100-light-0.png	/home/user/yolo-web/tmp/cycle-316/review-t4-15a/shots/cc-1280-100-light-0.png	32811
tmp-records/cycle-316/review-t4-15a/shots/cc-1280-100-light-1234.png	/home/user/yolo-web/tmp/cycle-316/review-t4-15a/shots/cc-1280-100-light-1234.png	57234
tmp-records/cycle-316/review-t4-15a/shots/cc-1280-100-light-1234567.png	/home/user/yolo-web/tmp/cycle-316/review-t4-15a/shots/cc-1280-100-light-1234567.png	55892
tmp-records/cycle-316/review-t4-15a/shots/cc-1280-200-dark-0.png	/home/user/yolo-web/tmp/cycle-316/review-t4-15a/shots/cc-1280-200-dark-0.png	46622
tmp-records/cycle-316/review-t4-15a/shots/cc-1280-200-dark-1234.png	/home/user/yolo-web/tmp/cycle-316/review-t4-15a/shots/cc-1280-200-dark-1234.png	79618
tmp-records/cycle-316/review-t4-15a/shots/cc-1280-200-dark-1234567.png	/home/user/yolo-web/tmp/cycle-316/review-t4-15a/shots/cc-1280-200-dark-1234567.png	61419
tmp-records/cycle-316/review-t4-15a/shots/cc-1280-200-light-0.png	/home/user/yolo-web/tmp/cycle-316/review-t4-15a/shots/cc-1280-200-light-0.png	45858
tmp-records/cycle-316/review-t4-15a/shots/cc-1280-200-light-1234.png	/home/user/yolo-web/tmp/cycle-316/review-t4-15a/shots/cc-1280-200-light-1234.png	78236
tmp-records/cycle-316/review-t4-15a/shots/cc-1280-200-light-1234567.png	/home/user/yolo-web/tmp/cycle-316/review-t4-15a/shots/cc-1280-200-light-1234567.png	60523
tmp-records/cycle-316/review-t4-15a/shots/cc-320-100-dark-0.png	/home/user/yolo-web/tmp/cycle-316/review-t4-15a/shots/cc-320-100-dark-0.png	21129
tmp-records/cycle-316/review-t4-15a/shots/cc-320-100-dark-1234.png	/home/user/yolo-web/tmp/cycle-316/review-t4-15a/shots/cc-320-100-dark-1234.png	20118
tmp-records/cycle-316/review-t4-15a/shots/cc-320-100-dark-1234567.png	/home/user/yolo-web/tmp/cycle-316/review-t4-15a/shots/cc-320-100-dark-1234567.png	26119
tmp-records/cycle-316/review-t4-15a/shots/cc-320-100-light-0.png	/home/user/yolo-web/tmp/cycle-316/review-t4-15a/shots/cc-320-100-light-0.png	20509
tmp-records/cycle-316/review-t4-15a/shots/cc-320-100-light-1234.png	/home/user/yolo-web/tmp/cycle-316/review-t4-15a/shots/cc-320-100-light-1234.png	19778
tmp-records/cycle-316/review-t4-15a/shots/cc-320-100-light-1234567.png	/home/user/yolo-web/tmp/cycle-316/review-t4-15a/shots/cc-320-100-light-1234567.png	25442
tmp-records/cycle-316/review-t4-15a/shots/cc-320-200-dark-0.png	/home/user/yolo-web/tmp/cycle-316/review-t4-15a/shots/cc-320-200-dark-0.png	19883
tmp-records/cycle-316/review-t4-15a/shots/cc-320-200-dark-1234.png	/home/user/yolo-web/tmp/cycle-316/review-t4-15a/shots/cc-320-200-dark-1234.png	37719
tmp-records/cycle-316/review-t4-15a/shots/cc-320-200-dark-1234567.png	/home/user/yolo-web/tmp/cycle-316/review-t4-15a/shots/cc-320-200-dark-1234567.png	31109
tmp-records/cycle-316/review-t4-15a/shots/cc-320-200-light-0.png	/home/user/yolo-web/tmp/cycle-316/review-t4-15a/shots/cc-320-200-light-0.png	19696
tmp-records/cycle-316/review-t4-15a/shots/cc-320-200-light-1234.png	/home/user/yolo-web/tmp/cycle-316/review-t4-15a/shots/cc-320-200-light-1234.png	36567
tmp-records/cycle-316/review-t4-15a/shots/cc-320-200-light-1234567.png	/home/user/yolo-web/tmp/cycle-316/review-t4-15a/shots/cc-320-200-light-1234567.png	30330
tmp-records/cycle-316/review-t4-15a/shots/cc-375-100-dark-0.png	/home/user/yolo-web/tmp/cycle-316/review-t4-15a/shots/cc-375-100-dark-0.png	22344
tmp-records/cycle-316/review-t4-15a/shots/cc-375-100-dark-1234.png	/home/user/yolo-web/tmp/cycle-316/review-t4-15a/shots/cc-375-100-dark-1234.png	41973
tmp-records/cycle-316/review-t4-15a/shots/cc-375-100-dark-1234567.png	/home/user/yolo-web/tmp/cycle-316/review-t4-15a/shots/cc-375-100-dark-1234567.png	40824
tmp-records/cycle-316/review-t4-15a/shots/cc-375-100-light-0.png	/home/user/yolo-web/tmp/cycle-316/review-t4-15a/shots/cc-375-100-light-0.png	21835
tmp-records/cycle-316/review-t4-15a/shots/cc-375-100-light-1234.png	/home/user/yolo-web/tmp/cycle-316/review-t4-15a/shots/cc-375-100-light-1234.png	40912
tmp-records/cycle-316/review-t4-15a/shots/cc-375-100-light-1234567.png	/home/user/yolo-web/tmp/cycle-316/review-t4-15a/shots/cc-375-100-light-1234567.png	39599
tmp-records/cycle-316/review-t4-15a/shots/cc-375-200-dark-0.png	/home/user/yolo-web/tmp/cycle-316/review-t4-15a/shots/cc-375-200-dark-0.png	21466
tmp-records/cycle-316/review-t4-15a/shots/cc-375-200-dark-1234.png	/home/user/yolo-web/tmp/cycle-316/review-t4-15a/shots/cc-375-200-dark-1234.png	44464
tmp-records/cycle-316/review-t4-15a/shots/cc-375-200-dark-1234567.png	/home/user/yolo-web/tmp/cycle-316/review-t4-15a/shots/cc-375-200-dark-1234567.png	35035
tmp-records/cycle-316/review-t4-15a/shots/cc-375-200-light-0.png	/home/user/yolo-web/tmp/cycle-316/review-t4-15a/shots/cc-375-200-light-0.png	21202
tmp-records/cycle-316/review-t4-15a/shots/cc-375-200-light-1234.png	/home/user/yolo-web/tmp/cycle-316/review-t4-15a/shots/cc-375-200-light-1234.png	43513
tmp-records/cycle-316/review-t4-15a/shots/cc-375-200-light-1234567.png	/home/user/yolo-web/tmp/cycle-316/review-t4-15a/shots/cc-375-200-light-1234567.png	34174
tmp-records/cycle-316/review-t4-15a/shots/fontchange-375.png	/home/user/yolo-web/tmp/cycle-316/review-t4-15a/shots/fontchange-375.png	42564
tmp-records/cycle-316/review-t4-15a/shots/quiz-kanji-level-1280.png	/home/user/yolo-web/tmp/cycle-316/review-t4-15a/shots/quiz-kanji-level-1280.png	9719
tmp-records/cycle-316/review-t4-15a/shots/quiz-kanji-level-320.png	/home/user/yolo-web/tmp/cycle-316/review-t4-15a/shots/quiz-kanji-level-320.png	4638
tmp-records/cycle-316/review-t4-15a/shots/quiz-kanji-level-375.png	/home/user/yolo-web/tmp/cycle-316/review-t4-15a/shots/quiz-kanji-level-375.png	4634
tmp-records/cycle-316/review-t4-15a/shots/quiz-yoji-level-1280.png	/home/user/yolo-web/tmp/cycle-316/review-t4-15a/shots/quiz-yoji-level-1280.png	10324
tmp-records/cycle-316/review-t4-15a/shots/quiz-yoji-level-320.png	/home/user/yolo-web/tmp/cycle-316/review-t4-15a/shots/quiz-yoji-level-320.png	4647
tmp-records/cycle-316/review-t4-15a/shots/quiz-yoji-level-375.png	/home/user/yolo-web/tmp/cycle-316/review-t4-15a/shots/quiz-yoji-level-375.png	4572
tmp-records/cycle-316/review-t4-15a/wbr.mjs	/home/user/yolo-web/tmp/cycle-316/review-t4-15a/wbr.mjs	600
tmp-records/cycle-316/review-t4-8-2/check.mjs	/home/user/yolo-web/tmp/cycle-316/review-t4-8-2/check.mjs	2562
tmp-records/cycle-316/review-t4-8-2/cls.mjs	/home/user/yolo-web/tmp/cycle-316/review-t4-8-2/cls.mjs	1316
tmp-records/cycle-316/review-t4-8-2/denchu-1280-light.png	/home/user/yolo-web/tmp/cycle-316/review-t4-8-2/denchu-1280-light.png	79363
tmp-records/cycle-316/review-t4-8-2/denchu-320-light.png	/home/user/yolo-web/tmp/cycle-316/review-t4-8-2/denchu-320-light.png	122915
tmp-records/cycle-316/review-t4-8-2/denchu-375-dark.png	/home/user/yolo-web/tmp/cycle-316/review-t4-8-2/denchu-375-dark.png	126901
tmp-records/cycle-316/review-t4-8-2/kaidan-1280-light.png	/home/user/yolo-web/tmp/cycle-316/review-t4-8-2/kaidan-1280-light.png	79984
tmp-records/cycle-316/review-t4-8-2/kaidan-320-light.png	/home/user/yolo-web/tmp/cycle-316/review-t4-8-2/kaidan-320-light.png	120732
tmp-records/cycle-316/review-t4-8-2/kaidan-375-dark.png	/home/user/yolo-web/tmp/cycle-316/review-t4-8-2/kaidan-375-dark.png	124180
tmp-records/cycle-316/review-t4-8-2/nojs-1280.png	/home/user/yolo-web/tmp/cycle-316/review-t4-8-2/nojs-1280.png	101849
tmp-records/cycle-316/review-t4-8-2/nojs-320.png	/home/user/yolo-web/tmp/cycle-316/review-t4-8-2/nojs-320.png	78562
tmp-records/cycle-316/review-t4-8-2/nojs-375.png	/home/user/yolo-web/tmp/cycle-316/review-t4-8-2/nojs-375.png	78137
tmp-records/cycle-316/review-t4-8-2/shots.mjs	/home/user/yolo-web/tmp/cycle-316/review-t4-8-2/shots.mjs	1227
tmp-records/cycle-316/review-t4-8/1280x800-dark.png	/home/user/yolo-web/tmp/cycle-316/review-t4-8/1280x800-dark.png	84252
tmp-records/cycle-316/review-t4-8/1280x800-light-full.png	/home/user/yolo-web/tmp/cycle-316/review-t4-8/1280x800-light-full.png	154368
tmp-records/cycle-316/review-t4-8/1280x800-light.png	/home/user/yolo-web/tmp/cycle-316/review-t4-8/1280x800-light.png	82290
tmp-records/cycle-316/review-t4-8/320-200pct.png	/home/user/yolo-web/tmp/cycle-316/review-t4-8/320-200pct.png	36693
tmp-records/cycle-316/review-t4-8/320x568-dark.png	/home/user/yolo-web/tmp/cycle-316/review-t4-8/320x568-dark.png	38972
tmp-records/cycle-316/review-t4-8/320x568-light-full.png	/home/user/yolo-web/tmp/cycle-316/review-t4-8/320x568-light-full.png	123539
tmp-records/cycle-316/review-t4-8/320x568-light.png	/home/user/yolo-web/tmp/cycle-316/review-t4-8/320x568-light.png	37817
tmp-records/cycle-316/review-t4-8/375-200pct.png	/home/user/yolo-web/tmp/cycle-316/review-t4-8/375-200pct.png	37987
tmp-records/cycle-316/review-t4-8/375-nojs.png	/home/user/yolo-web/tmp/cycle-316/review-t4-8/375-nojs.png	50421
tmp-records/cycle-316/review-t4-8/375x667-dark.png	/home/user/yolo-web/tmp/cycle-316/review-t4-8/375x667-dark.png	56067
tmp-records/cycle-316/review-t4-8/375x667-light-full.png	/home/user/yolo-web/tmp/cycle-316/review-t4-8/375x667-light-full.png	123599
tmp-records/cycle-316/review-t4-8/375x667-light.png	/home/user/yolo-web/tmp/cycle-316/review-t4-8/375x667-light.png	54216
tmp-records/cycle-316/review-t4-8/check.mjs	/home/user/yolo-web/tmp/cycle-316/review-t4-8/check.mjs	4533
tmp-records/cycle-316/rv-t4-17/cell.mjs	/home/user/yolo-web/tmp/cycle-316/rv-t4-17/cell.mjs	1015
tmp-records/cycle-316/rv-t4-17/cron2-1280.png	/home/user/yolo-web/tmp/cycle-316/rv-t4-17/cron2-1280.png	51500
tmp-records/cycle-316/rv-t4-17/cron2-375-before.png	/home/user/yolo-web/tmp/cycle-316/rv-t4-17/cron2-375-before.png	38647
tmp-records/cycle-316/rv-t4-17/cron2-375.png	/home/user/yolo-web/tmp/cycle-316/rv-t4-17/cron2-375.png	43570
tmp-records/cycle-316/rv-t4-17/focus-pre-dark.png	/home/user/yolo-web/tmp/cycle-316/rv-t4-17/focus-pre-dark.png	8199
tmp-records/cycle-316/rv-t4-17/focus-pre-light.png	/home/user/yolo-web/tmp/cycle-316/rv-t4-17/focus-pre-light.png	7919
tmp-records/cycle-316/rv-t4-17/focus-table-dark.png	/home/user/yolo-web/tmp/cycle-316/rv-t4-17/focus-table-dark.png	8864
tmp-records/cycle-316/rv-t4-17/focus-table-light.png	/home/user/yolo-web/tmp/cycle-316/rv-t4-17/focus-table-light.png	8522
tmp-records/cycle-316/rv-t4-17/focus-table-scrolled-dark.png	/home/user/yolo-web/tmp/cycle-316/rv-t4-17/focus-table-scrolled-dark.png	13496
tmp-records/cycle-316/rv-t4-17/focus-table-scrolled-light.png	/home/user/yolo-web/tmp/cycle-316/rv-t4-17/focus-table-scrolled-light.png	13065
tmp-records/cycle-316/rv-t4-17/focus.mjs	/home/user/yolo-web/tmp/cycle-316/rv-t4-17/focus.mjs	2998
tmp-records/cycle-316/rv-t4-17/hyd-1280-before.png	/home/user/yolo-web/tmp/cycle-316/rv-t4-17/hyd-1280-before.png	75494
tmp-records/cycle-316/rv-t4-17/hyd-1280.png	/home/user/yolo-web/tmp/cycle-316/rv-t4-17/hyd-1280.png	97832
tmp-records/cycle-316/rv-t4-17/m-after.log	/home/user/yolo-web/tmp/cycle-316/rv-t4-17/m-after.log	11
tmp-records/cycle-316/rv-t4-17/m-before.log	/home/user/yolo-web/tmp/cycle-316/rv-t4-17/m-before.log	12
tmp-records/cycle-316/rv-t4-17/metrics-after.json	/home/user/yolo-web/tmp/cycle-316/rv-t4-17/metrics-after.json	393976
tmp-records/cycle-316/rv-t4-17/metrics-before.json	/home/user/yolo-web/tmp/cycle-316/rv-t4-17/metrics-before.json	491573
tmp-records/cycle-316/rv-t4-17/metrics.mjs	/home/user/yolo-web/tmp/cycle-316/rv-t4-17/metrics.mjs	4111
tmp-records/cycle-316/rv-t4-17/pv-1280-0-dark.png	/home/user/yolo-web/tmp/cycle-316/rv-t4-17/pv-1280-0-dark.png	45913
tmp-records/cycle-316/rv-t4-17/pv-1280-0-light.png	/home/user/yolo-web/tmp/cycle-316/rv-t4-17/pv-1280-0-light.png	44310
tmp-records/cycle-316/rv-t4-17/pv-320-32-light.png	/home/user/yolo-web/tmp/cycle-316/rv-t4-17/pv-320-32-light.png	147480
tmp-records/cycle-316/rv-t4-17/pv-375-0-dark.png	/home/user/yolo-web/tmp/cycle-316/rv-t4-17/pv-375-0-dark.png	38124
tmp-records/cycle-316/rv-t4-17/pv-375-0-light.png	/home/user/yolo-web/tmp/cycle-316/rv-t4-17/pv-375-0-light.png	38067
tmp-records/cycle-316/rv-t4-17/pv.mjs	/home/user/yolo-web/tmp/cycle-316/rv-t4-17/pv.mjs	1784
tmp-records/cycle-316/rv-t4-17/slugs.txt	/home/user/yolo-web/tmp/cycle-316/rv-t4-17/slugs.txt	2852
tmp-records/cycle-316/rv-t4-17/small.mjs	/home/user/yolo-web/tmp/cycle-316/rv-t4-17/small.mjs	1665
tmp-records/cycle-316/rv-t4-4-2/check.mjs	/home/user/yolo-web/tmp/cycle-316/rv-t4-4-2/check.mjs	4344
tmp-records/cycle-316/rv-t4-4-2/kb-line.mjs	/home/user/yolo-web/tmp/cycle-316/rv-t4-4-2/kb-line.mjs	2147
tmp-records/cycle-316/rv-t4-4-2/kb-prod.mjs	/home/user/yolo-web/tmp/cycle-316/rv-t4-4-2/kb-prod.mjs	2108
tmp-records/cycle-316/rv-t4-4-2/kb.mjs	/home/user/yolo-web/tmp/cycle-316/rv-t4-4-2/kb.mjs	2143
tmp-records/cycle-316/rv-t4-4-2/record.json	/home/user/yolo-web/tmp/cycle-316/rv-t4-4-2/record.json	7493
tmp-records/cycle-316/rv-t4-4-2/server.log	/home/user/yolo-web/tmp/cycle-316/rv-t4-4-2/server.log	232
tmp-records/cycle-316/rv-t4-4-2/tool-all-fail-375.png	/home/user/yolo-web/tmp/cycle-316/rv-t4-4-2/tool-all-fail-375.png	49181
tmp-records/cycle-316/rv-t4-4-2/tool-no-api-real-exec-375.png	/home/user/yolo-web/tmp/cycle-316/rv-t4-4-2/tool-no-api-real-exec-375.png	45357
tmp-records/cycle-316/rv-t4-4-2/tool-normal-375.png	/home/user/yolo-web/tmp/cycle-316/rv-t4-4-2/tool-normal-375.png	45357
tmp-records/cycle-316/rv-t4-4-2/tool-reject-real-exec-375.png	/home/user/yolo-web/tmp/cycle-316/rv-t4-4-2/tool-reject-real-exec-375.png	45357
tmp-records/cycle-316/rv-t4-4-2/yojiGame-all-fail-375.png	/home/user/yolo-web/tmp/cycle-316/rv-t4-4-2/yojiGame-all-fail-375.png	39191
tmp-records/cycle-316/rv-t4-4-2/yojiGame-no-api-real-exec-375.png	/home/user/yolo-web/tmp/cycle-316/rv-t4-4-2/yojiGame-no-api-real-exec-375.png	35938
tmp-records/cycle-316/rv-t4-4-2/yojiGame-normal-375.png	/home/user/yolo-web/tmp/cycle-316/rv-t4-4-2/yojiGame-normal-375.png	35779
tmp-records/cycle-316/rv-t4-4-2/yojiGame-reject-real-exec-375.png	/home/user/yolo-web/tmp/cycle-316/rv-t4-4-2/yojiGame-reject-real-exec-375.png	35878
tmp-records/cycle-316/rv-t4-4-3/build.log	/home/user/yolo-web/tmp/cycle-316/rv-t4-4-3/build.log	18552
tmp-records/cycle-316/rv-t4-4-3/dialog.mjs	/home/user/yolo-web/tmp/cycle-316/rv-t4-4-3/dialog.mjs	4923
tmp-records/cycle-316/rv-t4-4-3/drag2.mjs	/home/user/yolo-web/tmp/cycle-316/rv-t4-4-3/drag2.mjs	2405
tmp-records/cycle-316/rv-t4-4-3/img/fuda-all-fail-dark.png	/home/user/yolo-web/tmp/cycle-316/rv-t4-4-3/img/fuda-all-fail-dark.png	9929
tmp-records/cycle-316/rv-t4-4-3/img/fuda-all-fail-light.png	/home/user/yolo-web/tmp/cycle-316/rv-t4-4-3/img/fuda-all-fail-light.png	9895
tmp-records/cycle-316/rv-t4-4-3/img/fuda-api-denied-light.png	/home/user/yolo-web/tmp/cycle-316/rv-t4-4-3/img/fuda-api-denied-light.png	5929
tmp-records/cycle-316/rv-t4-4-3/img/invite-all-fail-dark.png	/home/user/yolo-web/tmp/cycle-316/rv-t4-4-3/img/invite-all-fail-dark.png	10622
tmp-records/cycle-316/rv-t4-4-3/img/invite-all-fail-light.png	/home/user/yolo-web/tmp/cycle-316/rv-t4-4-3/img/invite-all-fail-light.png	10244
tmp-records/cycle-316/rv-t4-4-3/img/invite-api-denied-light.png	/home/user/yolo-web/tmp/cycle-316/rv-t4-4-3/img/invite-api-denied-light.png	9248
tmp-records/cycle-316/rv-t4-4-3/img/yoji-dialog-375.png	/home/user/yolo-web/tmp/cycle-316/rv-t4-4-3/img/yoji-dialog-375.png	35138
tmp-records/cycle-316/rv-t4-4-3/quiz.mjs	/home/user/yolo-web/tmp/cycle-316/rv-t4-4-3/quiz.mjs	3527
tmp-records/cycle-316/rv-t4-4-3/server.log	/home/user/yolo-web/tmp/cycle-316/rv-t4-4-3/server.log	390
tmp-records/cycle-316/rv-t4-4-4/check.mjs	/home/user/yolo-web/tmp/cycle-316/rv-t4-4-4/check.mjs	4483
tmp-records/cycle-316/rv-t4-4-4/rv-t4-4-4-build.log	/home/user/yolo-web/tmp/cycle-316/rv-t4-4-4/rv-t4-4-4-build.log	18553
tmp-records/cycle-316/rv-t4-4-4/rv-t4-4-4-server.log	/home/user/yolo-web/tmp/cycle-316/rv-t4-4-4/rv-t4-4-4-server.log	311
tmp-records/cycle-316/rv-t4-7-3/cf-accidentalprophet-1280.png	/home/user/yolo-web/tmp/cycle-316/rv-t4-7-3/cf-accidentalprophet-1280.png	403611
tmp-records/cycle-316/rv-t4-7-3/cf-accidentalprophet-375.png	/home/user/yolo-web/tmp/cycle-316/rv-t4-7-3/cf-accidentalprophet-375.png	344052
tmp-records/cycle-316/rv-t4-7-3/cf-cosmicworrier-1280.png	/home/user/yolo-web/tmp/cycle-316/rv-t4-7-3/cf-cosmicworrier-1280.png	411150
tmp-records/cycle-316/rv-t4-7-3/cf-cosmicworrier-375.png	/home/user/yolo-web/tmp/cycle-316/rv-t4-7-3/cf-cosmicworrier-375.png	350293
tmp-records/cycle-316/rv-t4-7-3/cf-top-375-dark.png	/home/user/yolo-web/tmp/cycle-316/rv-t4-7-3/cf-top-375-dark.png	117434
tmp-records/cycle-316/rv-t4-7-3/cf-top-375.png	/home/user/yolo-web/tmp/cycle-316/rv-t4-7-3/cf-top-375.png	154351
tmp-records/cycle-316/rv-t4-7-3/character-fortune-1280.png	/home/user/yolo-web/tmp/cycle-316/rv-t4-7-3/character-fortune-1280.png	439246
tmp-records/cycle-316/rv-t4-7-3/character-fortune-375.png	/home/user/yolo-web/tmp/cycle-316/rv-t4-7-3/character-fortune-375.png	368706
tmp-records/cycle-316/rv-t4-7-3/check.mjs	/home/user/yolo-web/tmp/cycle-316/rv-t4-7-3/check.mjs	2361
tmp-records/cycle-316/rv-t4-7-3/science-thinking-1280.png	/home/user/yolo-web/tmp/cycle-316/rv-t4-7-3/science-thinking-1280.png	484261
tmp-records/cycle-316/rv-t4-7-3/science-thinking-375.png	/home/user/yolo-web/tmp/cycle-316/rv-t4-7-3/science-thinking-375.png	426065
tmp-records/cycle-316/rv-t4-7-3/shot.mjs	/home/user/yolo-web/tmp/cycle-316/rv-t4-7-3/shot.mjs	645
tmp-records/cycle-316/rv-t4-7-3/split.txt	/home/user/yolo-web/tmp/cycle-316/rv-t4-7-3/split.txt	357
tmp-records/cycle-316/rv-t4-7-3/word-sense-personality-1280.png	/home/user/yolo-web/tmp/cycle-316/rv-t4-7-3/word-sense-personality-1280.png	493592
tmp-records/cycle-316/rv-t4-7-3/word-sense-personality-375.png	/home/user/yolo-web/tmp/cycle-316/rv-t4-7-3/word-sense-personality-375.png	436586
tmp-records/cycle-316/rv-t416/act.mjs	/home/user/yolo-web/tmp/cycle-316/rv-t416/act.mjs	2057
tmp-records/cycle-316/rv-t416/shot.mjs	/home/user/yolo-web/tmp/cycle-316/rv-t416/shot.mjs	2382
tmp-records/cycle-316/rv-t416/w1280-bar-initial.png	/home/user/yolo-web/tmp/cycle-316/rv-t416/w1280-bar-initial.png	6745
tmp-records/cycle-316/rv-t416/w1280-font200-bar-initial.png	/home/user/yolo-web/tmp/cycle-316/rv-t416/w1280-font200-bar-initial.png	15007
tmp-records/cycle-316/rv-t416/w1280-font200-initial.png	/home/user/yolo-web/tmp/cycle-316/rv-t416/w1280-font200-initial.png	88888
tmp-records/cycle-316/rv-t416/w1280-initial.png	/home/user/yolo-web/tmp/cycle-316/rv-t416/w1280-initial.png	60188
tmp-records/cycle-316/rv-t416/w320-bar-initial.png	/home/user/yolo-web/tmp/cycle-316/rv-t416/w320-bar-initial.png	6616
tmp-records/cycle-316/rv-t416/w320-font200-bar-initial.png	/home/user/yolo-web/tmp/cycle-316/rv-t416/w320-font200-bar-initial.png	14669
tmp-records/cycle-316/rv-t416/w320-font200-initial.png	/home/user/yolo-web/tmp/cycle-316/rv-t416/w320-font200-initial.png	45784
tmp-records/cycle-316/rv-t416/w320-initial.png	/home/user/yolo-web/tmp/cycle-316/rv-t416/w320-initial.png	42391
tmp-records/cycle-316/rv-t416/w375-bar-copied.png	/home/user/yolo-web/tmp/cycle-316/rv-t416/w375-bar-copied.png	7683
tmp-records/cycle-316/rv-t416/w375-bar-focus.png	/home/user/yolo-web/tmp/cycle-316/rv-t416/w375-bar-focus.png	6424
tmp-records/cycle-316/rv-t416/w375-bar-initial.png	/home/user/yolo-web/tmp/cycle-316/rv-t416/w375-bar-initial.png	6637
tmp-records/cycle-316/rv-t416/w375-bar-paused.png	/home/user/yolo-web/tmp/cycle-316/rv-t416/w375-bar-paused.png	6764
tmp-records/cycle-316/rv-t416/w375-dark-bar-initial.png	/home/user/yolo-web/tmp/cycle-316/rv-t416/w375-dark-bar-initial.png	6682
tmp-records/cycle-316/rv-t416/w375-dark-initial.png	/home/user/yolo-web/tmp/cycle-316/rv-t416/w375-dark-initial.png	46910
tmp-records/cycle-316/rv-t416/w375-font200-bar-initial.png	/home/user/yolo-web/tmp/cycle-316/rv-t416/w375-font200-bar-initial.png	15478
tmp-records/cycle-316/rv-t416/w375-font200-initial.png	/home/user/yolo-web/tmp/cycle-316/rv-t416/w375-font200-initial.png	49413
tmp-records/cycle-316/rv-t416/w375-initial.png	/home/user/yolo-web/tmp/cycle-316/rv-t416/w375-initial.png	46092
tmp-records/cycle-316/rv-t416/w375-reduced-bar-initial.png	/home/user/yolo-web/tmp/cycle-316/rv-t416/w375-reduced-bar-initial.png	6434
tmp-records/cycle-316/rv-t416/w375-reduced-initial.png	/home/user/yolo-web/tmp/cycle-316/rv-t416/w375-reduced-initial.png	45892
tmp-records/cycle-316/rv34/_dictionary_kanji_E6_B0_B4_1280_dark.png	/home/user/yolo-web/tmp/cycle-316/rv34/_dictionary_kanji_E6_B0_B4_1280_dark.png	46422
tmp-records/cycle-316/rv34/_dictionary_kanji_E6_B0_B4_1280_dark_full.png	/home/user/yolo-web/tmp/cycle-316/rv34/_dictionary_kanji_E6_B0_B4_1280_dark_full.png	218072
tmp-records/cycle-316/rv34/_dictionary_kanji_E6_B0_B4_1280_light.png	/home/user/yolo-web/tmp/cycle-316/rv34/_dictionary_kanji_E6_B0_B4_1280_light.png	45488
tmp-records/cycle-316/rv34/_dictionary_kanji_E6_B0_B4_1280_light_full.png	/home/user/yolo-web/tmp/cycle-316/rv34/_dictionary_kanji_E6_B0_B4_1280_light_full.png	212664
tmp-records/cycle-316/rv34/_dictionary_kanji_E6_B0_B4_320_dark.png	/home/user/yolo-web/tmp/cycle-316/rv34/_dictionary_kanji_E6_B0_B4_320_dark.png	32340
tmp-records/cycle-316/rv34/_dictionary_kanji_E6_B0_B4_320_dark_full.png	/home/user/yolo-web/tmp/cycle-316/rv34/_dictionary_kanji_E6_B0_B4_320_dark_full.png	202091
tmp-records/cycle-316/rv34/_dictionary_kanji_E6_B0_B4_320_light.png	/home/user/yolo-web/tmp/cycle-316/rv34/_dictionary_kanji_E6_B0_B4_320_light.png	31708
tmp-records/cycle-316/rv34/_dictionary_kanji_E6_B0_B4_320_light_full.png	/home/user/yolo-web/tmp/cycle-316/rv34/_dictionary_kanji_E6_B0_B4_320_light_full.png	195789
tmp-records/cycle-316/rv34/_dictionary_kanji_E6_B0_B4_375_dark.png	/home/user/yolo-web/tmp/cycle-316/rv34/_dictionary_kanji_E6_B0_B4_375_dark.png	35998
tmp-records/cycle-316/rv34/_dictionary_kanji_E6_B0_B4_375_dark_full.png	/home/user/yolo-web/tmp/cycle-316/rv34/_dictionary_kanji_E6_B0_B4_375_dark_full.png	202481
tmp-records/cycle-316/rv34/_dictionary_kanji_E6_B0_B4_375_light.png	/home/user/yolo-web/tmp/cycle-316/rv34/_dictionary_kanji_E6_B0_B4_375_light.png	35259
tmp-records/cycle-316/rv34/_dictionary_kanji_E6_B0_B4_375_light_full.png	/home/user/yolo-web/tmp/cycle-316/rv34/_dictionary_kanji_E6_B0_B4_375_light_full.png	196199
tmp-records/cycle-316/rv34/_storybook_list_0_1280_dark.png	/home/user/yolo-web/tmp/cycle-316/rv34/_storybook_list_0_1280_dark.png	48540
tmp-records/cycle-316/rv34/_storybook_list_0_1280_dark_full.png	/home/user/yolo-web/tmp/cycle-316/rv34/_storybook_list_0_1280_dark_full.png	48540
tmp-records/cycle-316/rv34/_storybook_list_0_1280_light.png	/home/user/yolo-web/tmp/cycle-316/rv34/_storybook_list_0_1280_light.png	47786
tmp-records/cycle-316/rv34/_storybook_list_0_1280_light_full.png	/home/user/yolo-web/tmp/cycle-316/rv34/_storybook_list_0_1280_light_full.png	47786
tmp-records/cycle-316/rv34/_storybook_list_0_320_dark.png	/home/user/yolo-web/tmp/cycle-316/rv34/_storybook_list_0_320_dark.png	35878
tmp-records/cycle-316/rv34/_storybook_list_0_320_dark_full.png	/home/user/yolo-web/tmp/cycle-316/rv34/_storybook_list_0_320_dark_full.png	35878
tmp-records/cycle-316/rv34/_storybook_list_0_320_light.png	/home/user/yolo-web/tmp/cycle-316/rv34/_storybook_list_0_320_light.png	34627
tmp-records/cycle-316/rv34/_storybook_list_0_320_light_full.png	/home/user/yolo-web/tmp/cycle-316/rv34/_storybook_list_0_320_light_full.png	34627
tmp-records/cycle-316/rv34/_storybook_list_0_375_dark.png	/home/user/yolo-web/tmp/cycle-316/rv34/_storybook_list_0_375_dark.png	35149
tmp-records/cycle-316/rv34/_storybook_list_0_375_dark_full.png	/home/user/yolo-web/tmp/cycle-316/rv34/_storybook_list_0_375_dark_full.png	35149
tmp-records/cycle-316/rv34/_storybook_list_0_375_light.png	/home/user/yolo-web/tmp/cycle-316/rv34/_storybook_list_0_375_light.png	34003
tmp-records/cycle-316/rv34/_storybook_list_0_375_light_full.png	/home/user/yolo-web/tmp/cycle-316/rv34/_storybook_list_0_375_light_full.png	34003
tmp-records/cycle-316/rv34/_storybook_list_100_1280_dark.png	/home/user/yolo-web/tmp/cycle-316/rv34/_storybook_list_100_1280_dark.png	60683
tmp-records/cycle-316/rv34/_storybook_list_100_1280_dark_full.png	/home/user/yolo-web/tmp/cycle-316/rv34/_storybook_list_100_1280_dark_full.png	483913
tmp-records/cycle-316/rv34/_storybook_list_100_1280_light.png	/home/user/yolo-web/tmp/cycle-316/rv34/_storybook_list_100_1280_light.png	59555
tmp-records/cycle-316/rv34/_storybook_list_100_1280_light_full.png	/home/user/yolo-web/tmp/cycle-316/rv34/_storybook_list_100_1280_light_full.png	472340
tmp-records/cycle-316/rv34/_storybook_list_100_320_dark.png	/home/user/yolo-web/tmp/cycle-316/rv34/_storybook_list_100_320_dark.png	37842
tmp-records/cycle-316/rv34/_storybook_list_100_320_dark_full.png	/home/user/yolo-web/tmp/cycle-316/rv34/_storybook_list_100_320_dark_full.png	446782
tmp-records/cycle-316/rv34/_storybook_list_100_320_light.png	/home/user/yolo-web/tmp/cycle-316/rv34/_storybook_list_100_320_light.png	36729
tmp-records/cycle-316/rv34/_storybook_list_100_320_light_full.png	/home/user/yolo-web/tmp/cycle-316/rv34/_storybook_list_100_320_light_full.png	435120
tmp-records/cycle-316/rv34/_storybook_list_100_375_dark.png	/home/user/yolo-web/tmp/cycle-316/rv34/_storybook_list_100_375_dark.png	42729
tmp-records/cycle-316/rv34/_storybook_list_100_375_dark_full.png	/home/user/yolo-web/tmp/cycle-316/rv34/_storybook_list_100_375_dark_full.png	451446
tmp-records/cycle-316/rv34/_storybook_list_100_375_light.png	/home/user/yolo-web/tmp/cycle-316/rv34/_storybook_list_100_375_light.png	41466
tmp-records/cycle-316/rv34/_storybook_list_100_375_light_full.png	/home/user/yolo-web/tmp/cycle-316/rv34/_storybook_list_100_375_light_full.png	439275
tmp-records/cycle-316/rv34/_storybook_list_101_page_3_1280_dark.png	/home/user/yolo-web/tmp/cycle-316/rv34/_storybook_list_101_page_3_1280_dark.png	69144
tmp-records/cycle-316/rv34/_storybook_list_101_page_3_1280_dark_full.png	/home/user/yolo-web/tmp/cycle-316/rv34/_storybook_list_101_page_3_1280_dark_full.png	82343
tmp-records/cycle-316/rv34/_storybook_list_101_page_3_1280_light.png	/home/user/yolo-web/tmp/cycle-316/rv34/_storybook_list_101_page_3_1280_light.png	67731
tmp-records/cycle-316/rv34/_storybook_list_101_page_3_1280_light_full.png	/home/user/yolo-web/tmp/cycle-316/rv34/_storybook_list_101_page_3_1280_light_full.png	80564
tmp-records/cycle-316/rv34/_storybook_list_101_page_3_320_dark.png	/home/user/yolo-web/tmp/cycle-316/rv34/_storybook_list_101_page_3_320_dark.png	43316
tmp-records/cycle-316/rv34/_storybook_list_101_page_3_320_dark_full.png	/home/user/yolo-web/tmp/cycle-316/rv34/_storybook_list_101_page_3_320_dark_full.png	67393
tmp-records/cycle-316/rv34/_storybook_list_101_page_3_320_light.png	/home/user/yolo-web/tmp/cycle-316/rv34/_storybook_list_101_page_3_320_light.png	41994
tmp-records/cycle-316/rv34/_storybook_list_101_page_3_320_light_full.png	/home/user/yolo-web/tmp/cycle-316/rv34/_storybook_list_101_page_3_320_light_full.png	65181
tmp-records/cycle-316/rv34/_storybook_list_101_page_3_375_dark.png	/home/user/yolo-web/tmp/cycle-316/rv34/_storybook_list_101_page_3_375_dark.png	49291
tmp-records/cycle-316/rv34/_storybook_list_101_page_3_375_dark_full.png	/home/user/yolo-web/tmp/cycle-316/rv34/_storybook_list_101_page_3_375_dark_full.png	67719
tmp-records/cycle-316/rv34/_storybook_list_101_page_3_375_light.png	/home/user/yolo-web/tmp/cycle-316/rv34/_storybook_list_101_page_3_375_light.png	47776
tmp-records/cycle-316/rv34/_storybook_list_101_page_3_375_light_full.png	/home/user/yolo-web/tmp/cycle-316/rv34/_storybook_list_101_page_3_375_light_full.png	65581
tmp-records/cycle-316/rv34/_storybook_list_11_1280_dark.png	/home/user/yolo-web/tmp/cycle-316/rv34/_storybook_list_11_1280_dark.png	68545
tmp-records/cycle-316/rv34/_storybook_list_11_1280_dark_full.png	/home/user/yolo-web/tmp/cycle-316/rv34/_storybook_list_11_1280_dark_full.png	170969
tmp-records/cycle-316/rv34/_storybook_list_11_1280_light.png	/home/user/yolo-web/tmp/cycle-316/rv34/_storybook_list_11_1280_light.png	67183
tmp-records/cycle-316/rv34/_storybook_list_11_1280_light_full.png	/home/user/yolo-web/tmp/cycle-316/rv34/_storybook_list_11_1280_light_full.png	166582
tmp-records/cycle-316/rv34/_storybook_list_11_320_dark.png	/home/user/yolo-web/tmp/cycle-316/rv34/_storybook_list_11_320_dark.png	38652
tmp-records/cycle-316/rv34/_storybook_list_11_320_dark_full.png	/home/user/yolo-web/tmp/cycle-316/rv34/_storybook_list_11_320_dark_full.png	149423
tmp-records/cycle-316/rv34/_storybook_list_11_320_light.png	/home/user/yolo-web/tmp/cycle-316/rv34/_storybook_list_11_320_light.png	37461
tmp-records/cycle-316/rv34/_storybook_list_11_320_light_full.png	/home/user/yolo-web/tmp/cycle-316/rv34/_storybook_list_11_320_light_full.png	144837
tmp-records/cycle-316/rv34/_storybook_list_11_375_dark.png	/home/user/yolo-web/tmp/cycle-316/rv34/_storybook_list_11_375_dark.png	47212
tmp-records/cycle-316/rv34/_storybook_list_11_375_dark_full.png	/home/user/yolo-web/tmp/cycle-316/rv34/_storybook_list_11_375_dark_full.png	148717
tmp-records/cycle-316/rv34/_storybook_list_11_375_light.png	/home/user/yolo-web/tmp/cycle-316/rv34/_storybook_list_11_375_light.png	45729
tmp-records/cycle-316/rv34/_storybook_list_11_375_light_full.png	/home/user/yolo-web/tmp/cycle-316/rv34/_storybook_list_11_375_light_full.png	144233
tmp-records/cycle-316/rv34/edge.mjs	/home/user/yolo-web/tmp/cycle-316/rv34/edge.mjs	2530
tmp-records/cycle-316/rv34/hydr.mjs	/home/user/yolo-web/tmp/cycle-316/rv34/hydr.mjs	3225
tmp-records/cycle-316/rv34/hydr2.mjs	/home/user/yolo-web/tmp/cycle-316/rv34/hydr2.mjs	1249
tmp-records/cycle-316/rv34/i_101_1280_btnpage2.png	/home/user/yolo-web/tmp/cycle-316/rv34/i_101_1280_btnpage2.png	71794
tmp-records/cycle-316/rv34/i_101_375_linkpage2.png	/home/user/yolo-web/tmp/cycle-316/rv34/i_101_375_linkpage2.png	43506
tmp-records/cycle-316/rv34/i_11_375_zero.png	/home/user/yolo-web/tmp/cycle-316/rv34/i_11_375_zero.png	47215
tmp-records/cycle-316/rv34/idx.mjs	/home/user/yolo-web/tmp/cycle-316/rv34/idx.mjs	1753
tmp-records/cycle-316/rv34/idx_kanji_1280_dark.png	/home/user/yolo-web/tmp/cycle-316/rv34/idx_kanji_1280_dark.png	80218
tmp-records/cycle-316/rv34/idx_kanji_1280_light.png	/home/user/yolo-web/tmp/cycle-316/rv34/idx_kanji_1280_light.png	77325
tmp-records/cycle-316/rv34/idx_kanji_320_dark.png	/home/user/yolo-web/tmp/cycle-316/rv34/idx_kanji_320_dark.png	77452
tmp-records/cycle-316/rv34/idx_kanji_320_light.png	/home/user/yolo-web/tmp/cycle-316/rv34/idx_kanji_320_light.png	74246
tmp-records/cycle-316/rv34/idx_yoji_1280_dark.png	/home/user/yolo-web/tmp/cycle-316/rv34/idx_yoji_1280_dark.png	81177
tmp-records/cycle-316/rv34/idx_yoji_1280_light.png	/home/user/yolo-web/tmp/cycle-316/rv34/idx_yoji_1280_light.png	78273
tmp-records/cycle-316/rv34/idx_yoji_320_dark.png	/home/user/yolo-web/tmp/cycle-316/rv34/idx_yoji_320_dark.png	83636
tmp-records/cycle-316/rv34/idx_yoji_320_light.png	/home/user/yolo-web/tmp/cycle-316/rv34/idx_yoji_320_light.png	80478
tmp-records/cycle-316/rv34/interact.mjs	/home/user/yolo-web/tmp/cycle-316/rv34/interact.mjs	7278
tmp-records/cycle-316/rv34/shots.mjs	/home/user/yolo-web/tmp/cycle-316/rv34/shots.mjs	1094
tmp-records/cycle-316/rv34/toggle_focus_375.png	/home/user/yolo-web/tmp/cycle-316/rv34/toggle_focus_375.png	7409
tmp-records/cycle-316/rv34/toggle_open_375.png	/home/user/yolo-web/tmp/cycle-316/rv34/toggle_open_375.png	45947
tmp-records/cycle-316/rv34/zoom.mjs	/home/user/yolo-web/tmp/cycle-316/rv34/zoom.mjs	1523
tmp-records/cycle-316/rv34/zoom_11_1280.png	/home/user/yolo-web/tmp/cycle-316/rv34/zoom_11_1280.png	87585
tmp-records/cycle-316/rv34/zoom_11_320.png	/home/user/yolo-web/tmp/cycle-316/rv34/zoom_11_320.png	50954
tmp-records/cycle-316/rv35/art-1280-dark.png	/home/user/yolo-web/tmp/cycle-316/rv35/art-1280-dark.png	125468
tmp-records/cycle-316/rv35/art-1280-light.png	/home/user/yolo-web/tmp/cycle-316/rv35/art-1280-light.png	123216
tmp-records/cycle-316/rv35/art-320-dark.png	/home/user/yolo-web/tmp/cycle-316/rv35/art-320-dark.png	38658
tmp-records/cycle-316/rv35/art-320-light.png	/home/user/yolo-web/tmp/cycle-316/rv35/art-320-light.png	37394
tmp-records/cycle-316/rv35/art-375-dark.png	/home/user/yolo-web/tmp/cycle-316/rv35/art-375-dark.png	47304
tmp-records/cycle-316/rv35/art-375-light.png	/home/user/yolo-web/tmp/cycle-316/rv35/art-375-light.png	45656
tmp-records/cycle-316/rv35/bc.mjs	/home/user/yolo-web/tmp/cycle-316/rv35/bc.mjs	899
tmp-records/cycle-316/rv35/blog-1280-dark.png	/home/user/yolo-web/tmp/cycle-316/rv35/blog-1280-dark.png	102701
tmp-records/cycle-316/rv35/blog-1280-light.png	/home/user/yolo-web/tmp/cycle-316/rv35/blog-1280-light.png	100069
tmp-records/cycle-316/rv35/blog-320-dark.png	/home/user/yolo-web/tmp/cycle-316/rv35/blog-320-dark.png	37468
tmp-records/cycle-316/rv35/blog-320-light.png	/home/user/yolo-web/tmp/cycle-316/rv35/blog-320-light.png	36227
tmp-records/cycle-316/rv35/blog-375-dark.png	/home/user/yolo-web/tmp/cycle-316/rv35/blog-375-dark.png	59647
tmp-records/cycle-316/rv35/blog-375-light.png	/home/user/yolo-web/tmp/cycle-316/rv35/blog-375-light.png	57446
tmp-records/cycle-316/rv35/cat-1280-dark.png	/home/user/yolo-web/tmp/cycle-316/rv35/cat-1280-dark.png	96805
tmp-records/cycle-316/rv35/cat-1280-light.png	/home/user/yolo-web/tmp/cycle-316/rv35/cat-1280-light.png	94114
tmp-records/cycle-316/rv35/cat-320-dark.png	/home/user/yolo-web/tmp/cycle-316/rv35/cat-320-dark.png	36926
tmp-records/cycle-316/rv35/cat-320-light.png	/home/user/yolo-web/tmp/cycle-316/rv35/cat-320-light.png	35631
tmp-records/cycle-316/rv35/cat-375-dark.png	/home/user/yolo-web/tmp/cycle-316/rv35/cat-375-dark.png	53016
tmp-records/cycle-316/rv35/cat-375-light.png	/home/user/yolo-web/tmp/cycle-316/rv35/cat-375-light.png	51078
tmp-records/cycle-316/rv35/cat-open-1280-dark.png	/home/user/yolo-web/tmp/cycle-316/rv35/cat-open-1280-dark.png	103457
tmp-records/cycle-316/rv35/cat-open-1280-light.png	/home/user/yolo-web/tmp/cycle-316/rv35/cat-open-1280-light.png	100499
tmp-records/cycle-316/rv35/cat-open-320-light.png	/home/user/yolo-web/tmp/cycle-316/rv35/cat-open-320-light.png	37510
tmp-records/cycle-316/rv35/cat-open-375-dark.png	/home/user/yolo-web/tmp/cycle-316/rv35/cat-open-375-dark.png	51350
tmp-records/cycle-316/rv35/cat-open-375-light.png	/home/user/yolo-web/tmp/cycle-316/rv35/cat-open-375-light.png	49382
tmp-records/cycle-316/rv35/cat-open-crop-1280.png	/home/user/yolo-web/tmp/cycle-316/rv35/cat-open-crop-1280.png	62408
tmp-records/cycle-316/rv35/cat-open-full-1280-dark.png	/home/user/yolo-web/tmp/cycle-316/rv35/cat-open-full-1280-dark.png	1539053
tmp-records/cycle-316/rv35/cat-open-full-1280-light.png	/home/user/yolo-web/tmp/cycle-316/rv35/cat-open-full-1280-light.png	1489919
tmp-records/cycle-316/rv35/cat-open-full-320-light.png	/home/user/yolo-web/tmp/cycle-316/rv35/cat-open-full-320-light.png	1496554
tmp-records/cycle-316/rv35/cat-open-full-375-dark.png	/home/user/yolo-web/tmp/cycle-316/rv35/cat-open-full-375-dark.png	1575714
tmp-records/cycle-316/rv35/cat-open-full-375-light.png	/home/user/yolo-web/tmp/cycle-316/rv35/cat-open-full-375-light.png	1517903
tmp-records/cycle-316/rv35/detail.mjs	/home/user/yolo-web/tmp/cycle-316/rv35/detail.mjs	2150
tmp-records/cycle-316/rv35/interact.mjs	/home/user/yolo-web/tmp/cycle-316/rv35/interact.mjs	4966
tmp-records/cycle-316/rv35/link-next-375.png	/home/user/yolo-web/tmp/cycle-316/rv35/link-next-375.png	63119
tmp-records/cycle-316/rv35/oldest-375.png	/home/user/yolo-web/tmp/cycle-316/rv35/oldest-375.png	46403
tmp-records/cycle-316/rv35/p2-1280-dark.png	/home/user/yolo-web/tmp/cycle-316/rv35/p2-1280-dark.png	105579
tmp-records/cycle-316/rv35/p2-1280-light.png	/home/user/yolo-web/tmp/cycle-316/rv35/p2-1280-light.png	102873
tmp-records/cycle-316/rv35/p2-320-dark.png	/home/user/yolo-web/tmp/cycle-316/rv35/p2-320-dark.png	36831
tmp-records/cycle-316/rv35/p2-320-light.png	/home/user/yolo-web/tmp/cycle-316/rv35/p2-320-light.png	35619
tmp-records/cycle-316/rv35/p2-375-dark.png	/home/user/yolo-web/tmp/cycle-316/rv35/p2-375-dark.png	55542
tmp-records/cycle-316/rv35/p2-375-light.png	/home/user/yolo-web/tmp/cycle-316/rv35/p2-375-light.png	53565
tmp-records/cycle-316/rv35/shots.mjs	/home/user/yolo-web/tmp/cycle-316/rv35/shots.mjs	2349
tmp-records/cycle-316/rv35/small-1280-dark.png	/home/user/yolo-web/tmp/cycle-316/rv35/small-1280-dark.png	153622
tmp-records/cycle-316/rv35/small-1280-light.png	/home/user/yolo-web/tmp/cycle-316/rv35/small-1280-light.png	149106
tmp-records/cycle-316/rv35/small-320-dark.png	/home/user/yolo-web/tmp/cycle-316/rv35/small-320-dark.png	38911
tmp-records/cycle-316/rv35/small-320-light.png	/home/user/yolo-web/tmp/cycle-316/rv35/small-320-light.png	37491
tmp-records/cycle-316/rv35/small-375-dark.png	/home/user/yolo-web/tmp/cycle-316/rv35/small-375-dark.png	68051
tmp-records/cycle-316/rv35/small-375-light.png	/home/user/yolo-web/tmp/cycle-316/rv35/small-375-light.png	65650
tmp-records/cycle-316/rv35/tag-1280-dark.png	/home/user/yolo-web/tmp/cycle-316/rv35/tag-1280-dark.png	98307
tmp-records/cycle-316/rv35/tag-1280-light.png	/home/user/yolo-web/tmp/cycle-316/rv35/tag-1280-light.png	95870
tmp-records/cycle-316/rv35/tag-320-dark.png	/home/user/yolo-web/tmp/cycle-316/rv35/tag-320-dark.png	44568
tmp-records/cycle-316/rv35/tag-320-light.png	/home/user/yolo-web/tmp/cycle-316/rv35/tag-320-light.png	42839
tmp-records/cycle-316/rv35/tag-375-dark.png	/home/user/yolo-web/tmp/cycle-316/rv35/tag-375-dark.png	54555
tmp-records/cycle-316/rv35/tag-375-light.png	/home/user/yolo-web/tmp/cycle-316/rv35/tag-375-light.png	52529
tmp-records/cycle-316/rv35/zoom-1280-a11y-static-green-but-broken-dynamic-audit.png	/home/user/yolo-web/tmp/cycle-316/rv35/zoom-1280-a11y-static-green-but-broken-dynamic-audit.png	151705
tmp-records/cycle-316/rv35/zoom-1280-blog.png	/home/user/yolo-web/tmp/cycle-316/rv35/zoom-1280-blog.png	113359
tmp-records/cycle-316/rv35/zoom-1280-tag.png	/home/user/yolo-web/tmp/cycle-316/rv35/zoom-1280-tag.png	123744
tmp-records/cycle-316/rv35/zoom-320-a11y-static-green-but-broken-dynamic-audit.png	/home/user/yolo-web/tmp/cycle-316/rv35/zoom-320-a11y-static-green-but-broken-dynamic-audit.png	43381
tmp-records/cycle-316/rv35/zoom-320-blog.png	/home/user/yolo-web/tmp/cycle-316/rv35/zoom-320-blog.png	46426
tmp-records/cycle-316/rv35/zoom-320-tag.png	/home/user/yolo-web/tmp/cycle-316/rv35/zoom-320-tag.png	46816
tmp-records/cycle-316/rv35/zoom.mjs	/home/user/yolo-web/tmp/cycle-316/rv35/zoom.mjs	2631
tmp-records/cycle-316/rv35r3/colors-orange-320-200.png	/home/user/yolo-web/tmp/cycle-316/rv35r3/colors-orange-320-200.png	39559
tmp-records/cycle-316/rv35r3/diffprobe.mjs	/home/user/yolo-web/tmp/cycle-316/rv35r3/diffprobe.mjs	1901
tmp-records/cycle-316/rv35r3/fit-1280-16-diff.json	/home/user/yolo-web/tmp/cycle-316/rv35r3/fit-1280-16-diff.json	160678
tmp-records/cycle-316/rv35r3/fit-1280-32-diff.json	/home/user/yolo-web/tmp/cycle-316/rv35r3/fit-1280-32-diff.json	160678
tmp-records/cycle-316/rv35r3/fit-320-16-diff.json	/home/user/yolo-web/tmp/cycle-316/rv35r3/fit-320-16-diff.json	158079
tmp-records/cycle-316/rv35r3/fit-320-32-diff.json	/home/user/yolo-web/tmp/cycle-316/rv35r3/fit-320-32-diff.json	158653
tmp-records/cycle-316/rv35r3/fit-375-16-diff.json	/home/user/yolo-web/tmp/cycle-316/rv35r3/fit-375-16-diff.json	158078
tmp-records/cycle-316/rv35r3/fit-375-32-diff.json	/home/user/yolo-web/tmp/cycle-316/rv35r3/fit-375-32-diff.json	158083
tmp-records/cycle-316/rv35r3/fit.mjs	/home/user/yolo-web/tmp/cycle-316/rv35r3/fit.mjs	6695
tmp-records/cycle-316/rv35r3/heading.mjs	/home/user/yolo-web/tmp/cycle-316/rv35r3/heading.mjs	1823
tmp-records/cycle-316/rv35r3/probe.mjs	/home/user/yolo-web/tmp/cycle-316/rv35r3/probe.mjs	1346
tmp-records/cycle-316/rv35r3/runs.log	/home/user/yolo-web/tmp/cycle-316/rv35r3/runs.log	682
tmp-records/cycle-316/rv35r3/shot-article-series-1280-200-light.png	/home/user/yolo-web/tmp/cycle-316/rv35r3/shot-article-series-1280-200-light.png	152236
tmp-records/cycle-316/rv35r3/shot-article-series-320-200-light.png	/home/user/yolo-web/tmp/cycle-316/rv35r3/shot-article-series-320-200-light.png	45617
tmp-records/cycle-316/rv35r3/shot-article-series-375-200-light.png	/home/user/yolo-web/tmp/cycle-316/rv35r3/shot-article-series-375-200-light.png	56775
tmp-records/cycle-316/rv35r3/shot-blog-1280-100-dark.png	/home/user/yolo-web/tmp/cycle-316/rv35r3/shot-blog-1280-100-dark.png	141903
tmp-records/cycle-316/rv35r3/shot-blog-1280-100-light.png	/home/user/yolo-web/tmp/cycle-316/rv35r3/shot-blog-1280-100-light.png	137986
tmp-records/cycle-316/rv35r3/shot-blog-1280-200-dark.png	/home/user/yolo-web/tmp/cycle-316/rv35r3/shot-blog-1280-200-dark.png	129294
tmp-records/cycle-316/rv35r3/shot-blog-1280-200-light.png	/home/user/yolo-web/tmp/cycle-316/rv35r3/shot-blog-1280-200-light.png	127923
tmp-records/cycle-316/rv35r3/shot-blog-320-100-dark.png	/home/user/yolo-web/tmp/cycle-316/rv35r3/shot-blog-320-100-dark.png	62814
tmp-records/cycle-316/rv35r3/shot-blog-320-100-light.png	/home/user/yolo-web/tmp/cycle-316/rv35r3/shot-blog-320-100-light.png	60675
tmp-records/cycle-316/rv35r3/shot-blog-320-200-dark.png	/home/user/yolo-web/tmp/cycle-316/rv35r3/shot-blog-320-200-dark.png	53235
tmp-records/cycle-316/rv35r3/shot-blog-320-200-light.png	/home/user/yolo-web/tmp/cycle-316/rv35r3/shot-blog-320-200-light.png	52559
tmp-records/cycle-316/rv35r3/shot-blog-375-100-dark.png	/home/user/yolo-web/tmp/cycle-316/rv35r3/shot-blog-375-100-dark.png	87551
tmp-records/cycle-316/rv35r3/shot-blog-375-100-light.png	/home/user/yolo-web/tmp/cycle-316/rv35r3/shot-blog-375-100-light.png	84302
tmp-records/cycle-316/rv35r3/shot-blog-375-200-dark.png	/home/user/yolo-web/tmp/cycle-316/rv35r3/shot-blog-375-200-dark.png	57618
tmp-records/cycle-316/rv35r3/shot-blog-375-200-light.png	/home/user/yolo-web/tmp/cycle-316/rv35r3/shot-blog-375-200-light.png	56831
tmp-records/cycle-316/rv35r3/shot-cat-dev-1280-200-dark.png	/home/user/yolo-web/tmp/cycle-316/rv35r3/shot-cat-dev-1280-200-dark.png	121381
tmp-records/cycle-316/rv35r3/shot-cat-dev-320-200-dark.png	/home/user/yolo-web/tmp/cycle-316/rv35r3/shot-cat-dev-320-200-dark.png	50118
tmp-records/cycle-316/rv35r3/shot-cat-dev-375-200-dark.png	/home/user/yolo-web/tmp/cycle-316/rv35r3/shot-cat-dev-375-200-dark.png	58768
tmp-records/cycle-316/rv35r3/shot-kanji-g1-1280-200-light.png	/home/user/yolo-web/tmp/cycle-316/rv35r3/shot-kanji-g1-1280-200-light.png	46004
tmp-records/cycle-316/rv35r3/shot-kanji-g1-320-200-light.png	/home/user/yolo-web/tmp/cycle-316/rv35r3/shot-kanji-g1-320-200-light.png	23358
tmp-records/cycle-316/rv35r3/shot-kanji-g1-375-200-light.png	/home/user/yolo-web/tmp/cycle-316/rv35r3/shot-kanji-g1-375-200-light.png	24773
tmp-records/cycle-316/rv35r3/shot-play-1280-200-light.png	/home/user/yolo-web/tmp/cycle-316/rv35r3/shot-play-1280-200-light.png	118152
tmp-records/cycle-316/rv35r3/shot-play-320-200-light.png	/home/user/yolo-web/tmp/cycle-316/rv35r3/shot-play-320-200-light.png	43039
tmp-records/cycle-316/rv35r3/shot-play-375-200-light.png	/home/user/yolo-web/tmp/cycle-316/rv35r3/shot-play-375-200-light.png	63574
tmp-records/cycle-316/rv35r3/shot-sb100-1280-200-light.png	/home/user/yolo-web/tmp/cycle-316/rv35r3/shot-sb100-1280-200-light.png	61243
tmp-records/cycle-316/rv35r3/shot-sb100-320-200-light.png	/home/user/yolo-web/tmp/cycle-316/rv35r3/shot-sb100-320-200-light.png	29011
tmp-records/cycle-316/rv35r3/shot-sb100-375-200-light.png	/home/user/yolo-web/tmp/cycle-316/rv35r3/shot-sb100-375-200-light.png	29597
tmp-records/cycle-316/rv35r3/shot-tag-web-1280-200-light.png	/home/user/yolo-web/tmp/cycle-316/rv35r3/shot-tag-web-1280-200-light.png	217712
tmp-records/cycle-316/rv35r3/shot-tag-web-320-200-light.png	/home/user/yolo-web/tmp/cycle-316/rv35r3/shot-tag-web-320-200-light.png	55057
tmp-records/cycle-316/rv35r3/shot-tag-web-375-200-light.png	/home/user/yolo-web/tmp/cycle-316/rv35r3/shot-tag-web-375-200-light.png	58868
tmp-records/cycle-316/rv35r3/shots.mjs	/home/user/yolo-web/tmp/cycle-316/rv35r3/shots.mjs	2076
tmp-records/cycle-316/rv36/bottom.mjs	/home/user/yolo-web/tmp/cycle-316/rv36/bottom.mjs	1219
tmp-records/cycle-316/rv36/interact.mjs	/home/user/yolo-web/tmp/cycle-316/rv36/interact.mjs	8061
tmp-records/cycle-316/rv36/measure.mjs	/home/user/yolo-web/tmp/cycle-316/rv36/measure.mjs	6555
tmp-records/cycle-316/rv36/play.html	/home/user/yolo-web/tmp/cycle-316/rv36/play.html	39958
tmp-records/cycle-316/rv36/play_1280_200_full.png	/home/user/yolo-web/tmp/cycle-316/rv36/play_1280_200_full.png	349720
tmp-records/cycle-316/rv36/play_1280_dark_bottom.png	/home/user/yolo-web/tmp/cycle-316/rv36/play_1280_dark_bottom.png	88230
tmp-records/cycle-316/rv36/play_1280_dark_full.png	/home/user/yolo-web/tmp/cycle-316/rv36/play_1280_dark_full.png	343814
tmp-records/cycle-316/rv36/play_1280_dark_fv.png	/home/user/yolo-web/tmp/cycle-316/rv36/play_1280_dark_fv.png	53419
tmp-records/cycle-316/rv36/play_1280_dark_mid.png	/home/user/yolo-web/tmp/cycle-316/rv36/play_1280_dark_mid.png	117530
tmp-records/cycle-316/rv36/play_1280_light_full.png	/home/user/yolo-web/tmp/cycle-316/rv36/play_1280_light_full.png	334531
tmp-records/cycle-316/rv36/play_1280_light_fv.png	/home/user/yolo-web/tmp/cycle-316/rv36/play_1280_light_fv.png	52038
tmp-records/cycle-316/rv36/play_320_200_full.png	/home/user/yolo-web/tmp/cycle-316/rv36/play_320_200_full.png	335648
tmp-records/cycle-316/rv36/play_320_200_open.png	/home/user/yolo-web/tmp/cycle-316/rv36/play_320_200_open.png	31971
tmp-records/cycle-316/rv36/play_320_200_rows.png	/home/user/yolo-web/tmp/cycle-316/rv36/play_320_200_rows.png	31417
tmp-records/cycle-316/rv36/play_320_dark_fv.png	/home/user/yolo-web/tmp/cycle-316/rv36/play_320_dark_fv.png	30678
tmp-records/cycle-316/rv36/play_320_light_bottom.png	/home/user/yolo-web/tmp/cycle-316/rv36/play_320_light_bottom.png	41685
tmp-records/cycle-316/rv36/play_320_light_full.png	/home/user/yolo-web/tmp/cycle-316/rv36/play_320_light_full.png	309140
tmp-records/cycle-316/rv36/play_320_light_fv.png	/home/user/yolo-web/tmp/cycle-316/rv36/play_320_light_fv.png	29701
tmp-records/cycle-316/rv36/play_320_light_mid.png	/home/user/yolo-web/tmp/cycle-316/rv36/play_320_light_mid.png	57812
tmp-records/cycle-316/rv36/play_375_200_full.png	/home/user/yolo-web/tmp/cycle-316/rv36/play_375_200_full.png	333120
tmp-records/cycle-316/rv36/play_375_dark_full.png	/home/user/yolo-web/tmp/cycle-316/rv36/play_375_dark_full.png	320631
tmp-records/cycle-316/rv36/play_375_dark_fv.png	/home/user/yolo-web/tmp/cycle-316/rv36/play_375_dark_fv.png	39853
tmp-records/cycle-316/rv36/play_375_light_full.png	/home/user/yolo-web/tmp/cycle-316/rv36/play_375_light_full.png	311282
tmp-records/cycle-316/rv36/play_375_light_fv.png	/home/user/yolo-web/tmp/cycle-316/rv36/play_375_light_fv.png	38596
tmp-records/cycle-316/rv36/related_1280.png	/home/user/yolo-web/tmp/cycle-316/rv36/related_1280.png	68357
tmp-records/cycle-316/rv36/related_375_dark.png	/home/user/yolo-web/tmp/cycle-316/rv36/related_375_dark.png	33399
tmp-records/cycle-316/rv36/start.log	/home/user/yolo-web/tmp/cycle-316/rv36/start.log	878
tmp-records/cycle-316/rv36/tools.html	/home/user/yolo-web/tmp/cycle-316/rv36/tools.html	51187
tmp-records/cycle-316/rv36/tools_1280_200_full.png	/home/user/yolo-web/tmp/cycle-316/rv36/tools_1280_200_full.png	454236
tmp-records/cycle-316/rv36/tools_1280_dark_full.png	/home/user/yolo-web/tmp/cycle-316/rv36/tools_1280_dark_full.png	442483
tmp-records/cycle-316/rv36/tools_1280_dark_fv.png	/home/user/yolo-web/tmp/cycle-316/rv36/tools_1280_dark_fv.png	46332
tmp-records/cycle-316/rv36/tools_1280_focusrow.png	/home/user/yolo-web/tmp/cycle-316/rv36/tools_1280_focusrow.png	48700
tmp-records/cycle-316/rv36/tools_1280_hover.png	/home/user/yolo-web/tmp/cycle-316/rv36/tools_1280_hover.png	93171
tmp-records/cycle-316/rv36/tools_1280_light_full.png	/home/user/yolo-web/tmp/cycle-316/rv36/tools_1280_light_full.png	428958
tmp-records/cycle-316/rv36/tools_1280_light_fv.png	/home/user/yolo-web/tmp/cycle-316/rv36/tools_1280_light_fv.png	45031
tmp-records/cycle-316/rv36/tools_1280_zero.png	/home/user/yolo-web/tmp/cycle-316/rv36/tools_1280_zero.png	54585
tmp-records/cycle-316/rv36/tools_320_200_full.png	/home/user/yolo-web/tmp/cycle-316/rv36/tools_320_200_full.png	434481
tmp-records/cycle-316/rv36/tools_320_200_open.png	/home/user/yolo-web/tmp/cycle-316/rv36/tools_320_200_open.png	31060
tmp-records/cycle-316/rv36/tools_320_200_rows.png	/home/user/yolo-web/tmp/cycle-316/rv36/tools_320_200_rows.png	39098
tmp-records/cycle-316/rv36/tools_320_dark_bottom.png	/home/user/yolo-web/tmp/cycle-316/rv36/tools_320_dark_bottom.png	41469
tmp-records/cycle-316/rv36/tools_320_dark_fv.png	/home/user/yolo-web/tmp/cycle-316/rv36/tools_320_dark_fv.png	32776
tmp-records/cycle-316/rv36/tools_320_dark_mid.png	/home/user/yolo-web/tmp/cycle-316/rv36/tools_320_dark_mid.png	44587
tmp-records/cycle-316/rv36/tools_320_light_full.png	/home/user/yolo-web/tmp/cycle-316/rv36/tools_320_light_full.png	400067
tmp-records/cycle-316/rv36/tools_320_light_fv.png	/home/user/yolo-web/tmp/cycle-316/rv36/tools_320_light_fv.png	31599
tmp-records/cycle-316/rv36/tools_375_200_full.png	/home/user/yolo-web/tmp/cycle-316/rv36/tools_375_200_full.png	429263
tmp-records/cycle-316/rv36/tools_375_dark_full.png	/home/user/yolo-web/tmp/cycle-316/rv36/tools_375_dark_full.png	416048
tmp-records/cycle-316/rv36/tools_375_dark_fv.png	/home/user/yolo-web/tmp/cycle-316/rv36/tools_375_dark_fv.png	34765
tmp-records/cycle-316/rv36/tools_375_dark_open.png	/home/user/yolo-web/tmp/cycle-316/rv36/tools_375_dark_open.png	35342
tmp-records/cycle-316/rv36/tools_375_dark_open_full.png	/home/user/yolo-web/tmp/cycle-316/rv36/tools_375_dark_open_full.png	82257
tmp-records/cycle-316/rv36/tools_375_light_bottom.png	/home/user/yolo-web/tmp/cycle-316/rv36/tools_375_light_bottom.png	44260
tmp-records/cycle-316/rv36/tools_375_light_full.png	/home/user/yolo-web/tmp/cycle-316/rv36/tools_375_light_full.png	401683
tmp-records/cycle-316/rv36/tools_375_light_fv.png	/home/user/yolo-web/tmp/cycle-316/rv36/tools_375_light_fv.png	33321
tmp-records/cycle-316/rv36/tools_375_light_mid.png	/home/user/yolo-web/tmp/cycle-316/rv36/tools_375_light_mid.png	46073
tmp-records/cycle-316/rv36/tools_375_light_open.png	/home/user/yolo-web/tmp/cycle-316/rv36/tools_375_light_open.png	34048
tmp-records/cycle-316/rv36/tools_375_light_open_full.png	/home/user/yolo-web/tmp/cycle-316/rv36/tools_375_light_open_full.png	79509
tmp-records/cycle-316/rv36/zoom.mjs	/home/user/yolo-web/tmp/cycle-316/rv36/zoom.mjs	2140
tmp-records/cycle-316/rv38/shots/kanji_320_200_bushu.png	/home/user/yolo-web/tmp/cycle-316/rv38/shots/kanji_320_200_bushu.png	28771
tmp-records/cycle-316/rv41603/_dictionary_colors_toki-w375-f32-now.png	/home/user/yolo-web/tmp/cycle-316/rv41603/_dictionary_colors_toki-w375-f32-now.png	29339
tmp-records/cycle-316/rv41603/_dictionary_colors_toki-w375-f32-without.png	/home/user/yolo-web/tmp/cycle-316/rv41603/_dictionary_colors_toki-w375-f32-without.png	31355
tmp-records/cycle-316/rv41603/_dictionary_humor_morning-w320-f32-now.png	/home/user/yolo-web/tmp/cycle-316/rv41603/_dictionary_humor_morning-w320-f32-now.png	31437
tmp-records/cycle-316/rv41603/_dictionary_humor_morning-w320-f32-without.png	/home/user/yolo-web/tmp/cycle-316/rv41603/_dictionary_humor_morning-w320-f32-without.png	32061
tmp-records/cycle-316/rv41603/_tools_business-email-w320-f32-now.png	/home/user/yolo-web/tmp/cycle-316/rv41603/_tools_business-email-w320-f32-now.png	33570
tmp-records/cycle-316/rv41603/_tools_business-email-w320-f32-without.png	/home/user/yolo-web/tmp/cycle-316/rv41603/_tools_business-email-w320-f32-without.png	36703
tmp-records/cycle-316/rv41603/_tools_password-generator-w320-f16-now.png	/home/user/yolo-web/tmp/cycle-316/rv41603/_tools_password-generator-w320-f16-now.png	51081
tmp-records/cycle-316/rv41603/_tools_password-generator-w320-f16-without.png	/home/user/yolo-web/tmp/cycle-316/rv41603/_tools_password-generator-w320-f16-without.png	52699
tmp-records/cycle-316/rv41603/_tools_password-generator-w320-f32-now.png	/home/user/yolo-web/tmp/cycle-316/rv41603/_tools_password-generator-w320-f32-now.png	29058
tmp-records/cycle-316/rv41603/_tools_password-generator-w320-f32-without.png	/home/user/yolo-web/tmp/cycle-316/rv41603/_tools_password-generator-w320-f32-without.png	29066
tmp-records/cycle-316/rv41603/_tools_password-generator-w375-f16-now.png	/home/user/yolo-web/tmp/cycle-316/rv41603/_tools_password-generator-w375-f16-now.png	57314
tmp-records/cycle-316/rv41603/_tools_password-generator-w375-f16-without.png	/home/user/yolo-web/tmp/cycle-316/rv41603/_tools_password-generator-w375-f16-without.png	60679
tmp-records/cycle-316/rv41603/_tools_qr-code-w375-f32-now.png	/home/user/yolo-web/tmp/cycle-316/rv41603/_tools_qr-code-w375-f32-now.png	41920
tmp-records/cycle-316/rv41603/_tools_qr-code-w375-f32-without.png	/home/user/yolo-web/tmp/cycle-316/rv41603/_tools_qr-code-w375-f32-without.png	42792
tmp-records/cycle-316/rv41603/alt.mjs	/home/user/yolo-web/tmp/cycle-316/rv41603/alt.mjs	3102
tmp-records/cycle-316/rv41603/shots.mjs	/home/user/yolo-web/tmp/cycle-316/rv41603/shots.mjs	2431
tmp-records/cycle-316/rv41603/sweep.json	/home/user/yolo-web/tmp/cycle-316/rv41603/sweep.json	12352
tmp-records/cycle-316/rv41603/sweep.mjs	/home/user/yolo-web/tmp/cycle-316/rv41603/sweep.mjs	2368
tmp-records/cycle-316/rv41603/table-w320-f32-base.png	/home/user/yolo-web/tmp/cycle-316/rv41603/table-w320-f32-base.png	25874
tmp-records/cycle-316/rv41603/table-w320-f32-local.png	/home/user/yolo-web/tmp/cycle-316/rv41603/table-w320-f32-local.png	32814
tmp-records/cycle-316/rv41603/table-w320-f32-utc.png	/home/user/yolo-web/tmp/cycle-316/rv41603/table-w320-f32-utc.png	28018
tmp-records/cycle-316/rv41603/table-w375-f16-base.png	/home/user/yolo-web/tmp/cycle-316/rv41603/table-w375-f16-base.png	100219
tmp-records/cycle-316/rv41603/table-w375-f16-local.png	/home/user/yolo-web/tmp/cycle-316/rv41603/table-w375-f16-local.png	81201
tmp-records/cycle-316/rv41603/table-w375-f16-utc.png	/home/user/yolo-web/tmp/cycle-316/rv41603/table-w375-f16-utc.png	78407
tmp-records/cycle-316/rv41603/table.mjs	/home/user/yolo-web/tmp/cycle-316/rv41603/table.mjs	1727
tmp-records/cycle-316/rv41603/table2.mjs	/home/user/yolo-web/tmp/cycle-316/rv41603/table2.mjs	2195
tmp-records/cycle-316/rv41603/unix-w1280-f16.png	/home/user/yolo-web/tmp/cycle-316/rv41603/unix-w1280-f16.png	69674
tmp-records/cycle-316/rv41603/unix-w1280-f32.png	/home/user/yolo-web/tmp/cycle-316/rv41603/unix-w1280-f32.png	87899
tmp-records/cycle-316/rv41603/unix-w320-f16.png	/home/user/yolo-web/tmp/cycle-316/rv41603/unix-w320-f16.png	47545
tmp-records/cycle-316/rv41603/unix-w320-f32.png	/home/user/yolo-web/tmp/cycle-316/rv41603/unix-w320-f32.png	33500
tmp-records/cycle-316/rv41603/unix-w375-f16.png	/home/user/yolo-web/tmp/cycle-316/rv41603/unix-w375-f16.png	50130
tmp-records/cycle-316/rv41603/unix-w375-f32.png	/home/user/yolo-web/tmp/cycle-316/rv41603/unix-w375-f32.png	45061
tmp-records/cycle-316/rv41603/unix.mjs	/home/user/yolo-web/tmp/cycle-316/rv41603/unix.mjs	2196
tmp-records/cycle-316/rv416b/bar-focus-copy-375-16.png	/home/user/yolo-web/tmp/cycle-316/rv416b/bar-focus-copy-375-16.png	6944
tmp-records/cycle-316/rvt3c2-blog-p2-1280-16-light.png	/home/user/yolo-web/tmp/cycle-316/rvt3c2-blog-p2-1280-16-light.png	3632
tmp-records/cycle-316/rvt3c2-kanji-p10-1280-32-light.png	/home/user/yolo-web/tmp/cycle-316/rvt3c2-kanji-p10-1280-32-light.png	8167
tmp-records/cycle-316/rvt3c2-kanji-p22-320-32-dark.png	/home/user/yolo-web/tmp/cycle-316/rvt3c2-kanji-p22-320-32-dark.png	4671
tmp-records/cycle-316/rvt3c2-kanji-p22-320-32-light.png	/home/user/yolo-web/tmp/cycle-316/rvt3c2-kanji-p22-320-32-light.png	4578
tmp-records/cycle-316/rvt3c2-kanji-p4-1280-16-light.png	/home/user/yolo-web/tmp/cycle-316/rvt3c2-kanji-p4-1280-16-light.png	4865
tmp-records/cycle-316/rvt3c2-kanji-p5-1280-16-dark.png	/home/user/yolo-web/tmp/cycle-316/rvt3c2-kanji-p5-1280-16-dark.png	4763
tmp-records/cycle-316/rvt3c2-kanji-p5-1280-16-light.png	/home/user/yolo-web/tmp/cycle-316/rvt3c2-kanji-p5-1280-16-light.png	4561
tmp-records/cycle-316/rvt3c2-kanji-p5-320-32-light.png	/home/user/yolo-web/tmp/cycle-316/rvt3c2-kanji-p5-320-32-light.png	6427
tmp-records/cycle-316/rvt3c2-kanji-p5-375-16-light.png	/home/user/yolo-web/tmp/cycle-316/rvt3c2-kanji-p5-375-16-light.png	3509
tmp-records/cycle-316/rvt3c2-kanji-p9-1280-32-light.png	/home/user/yolo-web/tmp/cycle-316/rvt3c2-kanji-p9-1280-32-light.png	8395
tmp-records/cycle-316/rvt3c2-yoji-p4-1280-16-dark.png	/home/user/yolo-web/tmp/cycle-316/rvt3c2-yoji-p4-1280-16-dark.png	4907
tmp-records/cycle-316/rvt3c2-yoji-p4-1280-16-light.png	/home/user/yolo-web/tmp/cycle-316/rvt3c2-yoji-p4-1280-16-light.png	4687
tmp-records/cycle-316/t3-7/interact.mjs	/home/user/yolo-web/tmp/cycle-316/t3-7/interact.mjs	4711
tmp-records/cycle-316/t4-16-fix/light-w320-f32-ticking.png	/home/user/yolo-web/tmp/cycle-316/t4-16-fix/light-w320-f32-ticking.png	17214
tmp-records/cycle-316/t4-16-fix/light-w375-f16-ticking.png	/home/user/yolo-web/tmp/cycle-316/t4-16-fix/light-w375-f16-ticking.png	11805
tmp-records/cycle-316/t4-16-fix/light-w375-f32-stopped.png	/home/user/yolo-web/tmp/cycle-316/t4-16-fix/light-w375-f32-stopped.png	22800
tmp-records/cycle-316/t4-16-fix3/results.json	/home/user/yolo-web/tmp/cycle-316/t4-16-fix3/results.json	68134
tmp-records/cycle-316/t4-2-fix/sample/t4-2-sample/page.tsx	/home/user/yolo-web/tmp/cycle-316/t4-2-fix/sample/t4-2-sample/page.tsx	1130
tmp-records/cycle-316/t4-3-fix/build.log	/home/user/yolo-web/tmp/cycle-316/t4-3-fix/build.log	18602
tmp-records/cycle-316/t4-3-fix/cls-200.json	/home/user/yolo-web/tmp/cycle-316/t4-3-fix/cls-200.json	422
tmp-records/cycle-316/t4-3-fix/cls-debug.mjs	/home/user/yolo-web/tmp/cycle-316/t4-3-fix/cls-debug.mjs	1909
tmp-records/cycle-316/t4-3-fix/cls.mjs	/home/user/yolo-web/tmp/cycle-316/t4-3-fix/cls.mjs	1259
tmp-records/cycle-316/t4-3-fix/cls2.jsonl	/home/user/yolo-web/tmp/cycle-316/t4-3-fix/cls2.jsonl	4694
tmp-records/cycle-316/t4-3-fix/cls2.mjs	/home/user/yolo-web/tmp/cycle-316/t4-3-fix/cls2.mjs	1849
tmp-records/cycle-316/t4-3-fix/cls3.jsonl	/home/user/yolo-web/tmp/cycle-316/t4-3-fix/cls3.jsonl	2364
tmp-records/cycle-316/t4-3-fix/cls3.mjs	/home/user/yolo-web/tmp/cycle-316/t4-3-fix/cls3.mjs	1894
tmp-records/cycle-316/t4-3-fix/dev-console.json	/home/user/yolo-web/tmp/cycle-316/t4-3-fix/dev-console.json	1417
tmp-records/cycle-316/t4-3-fix/dev.log	/home/user/yolo-web/tmp/cycle-316/t4-3-fix/dev.log	1346
tmp-records/cycle-316/t4-3-fix/dev.mjs	/home/user/yolo-web/tmp/cycle-316/t4-3-fix/dev.mjs	1248
tmp-records/cycle-316/t4-3-fix/head-code-1280.png	/home/user/yolo-web/tmp/cycle-316/t4-3-fix/head-code-1280.png	14338
tmp-records/cycle-316/t4-3-fix/head-code-320.png	/home/user/yolo-web/tmp/cycle-316/t4-3-fix/head-code-320.png	8147
tmp-records/cycle-316/t4-3-fix/head-code-375.png	/home/user/yolo-web/tmp/cycle-316/t4-3-fix/head-code-375.png	7156
tmp-records/cycle-316/t4-3-fix/irodori-1280-200.png	/home/user/yolo-web/tmp/cycle-316/t4-3-fix/irodori-1280-200.png	69389
tmp-records/cycle-316/t4-3-fix/irodori-320-200.png	/home/user/yolo-web/tmp/cycle-316/t4-3-fix/irodori-320-200.png	39153
tmp-records/cycle-316/t4-3-fix/irodori-320-default.png	/home/user/yolo-web/tmp/cycle-316/t4-3-fix/irodori-320-default.png	21506
tmp-records/cycle-316/t4-3-fix/irodori-375-200.png	/home/user/yolo-web/tmp/cycle-316/t4-3-fix/irodori-375-200.png	39691
tmp-records/cycle-316/t4-3-fix/measure.json	/home/user/yolo-web/tmp/cycle-316/t4-3-fix/measure.json	105748
tmp-records/cycle-316/t4-3-fix/measure.mjs	/home/user/yolo-web/tmp/cycle-316/t4-3-fix/measure.mjs	15113
tmp-records/cycle-316/t4-3-fix/nojs-irodori-1280-default.png	/home/user/yolo-web/tmp/cycle-316/t4-3-fix/nojs-irodori-1280-default.png	38182
tmp-records/cycle-316/t4-3-fix/nojs-irodori-320-200.png	/home/user/yolo-web/tmp/cycle-316/t4-3-fix/nojs-irodori-320-200.png	39153
tmp-records/cycle-316/t4-3-fix/nojs-irodori-320-default.png	/home/user/yolo-web/tmp/cycle-316/t4-3-fix/nojs-irodori-320-default.png	33294
tmp-records/cycle-316/t4-3-fix/nojs-irodori-375-200.png	/home/user/yolo-web/tmp/cycle-316/t4-3-fix/nojs-irodori-375-200.png	39691
tmp-records/cycle-316/t4-3-fix/quantity-bars-1280-default.png	/home/user/yolo-web/tmp/cycle-316/t4-3-fix/quantity-bars-1280-default.png	97365
tmp-records/cycle-316/t4-3-fix/quantity-bars-320-default.png	/home/user/yolo-web/tmp/cycle-316/t4-3-fix/quantity-bars-320-default.png	80019
tmp-records/cycle-316/t4-3-fix/quantity-bars-375-dark.png	/home/user/yolo-web/tmp/cycle-316/t4-3-fix/quantity-bars-375-dark.png	80899
tmp-records/cycle-316/t4-3-fix/quantity-bars-375-default.png	/home/user/yolo-web/tmp/cycle-316/t4-3-fix/quantity-bars-375-default.png	78652
tmp-records/cycle-316/t4-3-fix/result-box-375-dark.png	/home/user/yolo-web/tmp/cycle-316/t4-3-fix/result-box-375-dark.png	950521
tmp-records/cycle-316/t4-3-fix/server.log	/home/user/yolo-web/tmp/cycle-316/t4-3-fix/server.log	390
tmp-records/cycle-316/t4-3-fix/vitest.log	/home/user/yolo-web/tmp/cycle-316/t4-3-fix/vitest.log	455
tmp-records/cycle-316/t4-3/build.log	/home/user/yolo-web/tmp/cycle-316/t4-3/build.log	18542
tmp-records/cycle-316/t4-3/build2.log	/home/user/yolo-web/tmp/cycle-316/t4-3/build2.log	18544
tmp-records/cycle-316/t4-3/irodori-1280-200.png	/home/user/yolo-web/tmp/cycle-316/t4-3/irodori-1280-200.png	69311
tmp-records/cycle-316/t4-3/irodori-320-200.png	/home/user/yolo-web/tmp/cycle-316/t4-3/irodori-320-200.png	36574
tmp-records/cycle-316/t4-3/irodori-320-default.png	/home/user/yolo-web/tmp/cycle-316/t4-3/irodori-320-default.png	20294
tmp-records/cycle-316/t4-3/irodori-375-200.png	/home/user/yolo-web/tmp/cycle-316/t4-3/irodori-375-200.png	37410
tmp-records/cycle-316/t4-3/measure.json	/home/user/yolo-web/tmp/cycle-316/t4-3/measure.json	94445
tmp-records/cycle-316/t4-3/measure.mjs	/home/user/yolo-web/tmp/cycle-316/t4-3/measure.mjs	11717
tmp-records/cycle-316/t4-3/quantity-bars-1280-default.png	/home/user/yolo-web/tmp/cycle-316/t4-3/quantity-bars-1280-default.png	99417
tmp-records/cycle-316/t4-3/quantity-bars-320-default.png	/home/user/yolo-web/tmp/cycle-316/t4-3/quantity-bars-320-default.png	78933
tmp-records/cycle-316/t4-3/quantity-bars-375-dark.png	/home/user/yolo-web/tmp/cycle-316/t4-3/quantity-bars-375-dark.png	78767
tmp-records/cycle-316/t4-3/quantity-bars-375-default.png	/home/user/yolo-web/tmp/cycle-316/t4-3/quantity-bars-375-default.png	78203
tmp-records/cycle-316/t4-3/result-box-1280.png	/home/user/yolo-web/tmp/cycle-316/t4-3/result-box-1280.png	3193403
tmp-records/cycle-316/t4-3/result-box-375-dark.png	/home/user/yolo-web/tmp/cycle-316/t4-3/result-box-375-dark.png	914087
tmp-records/cycle-316/t4-3/result-box-375.png	/home/user/yolo-web/tmp/cycle-316/t4-3/result-box-375.png	781085
tmp-records/cycle-316/t4-3/result-box-code-1280.png	/home/user/yolo-web/tmp/cycle-316/t4-3/result-box-code-1280.png	71071
tmp-records/cycle-316/t4-3/result-box-code-375.png	/home/user/yolo-web/tmp/cycle-316/t4-3/result-box-code-375.png	42402
tmp-records/cycle-316/t4-3/result-box-top-1280.png	/home/user/yolo-web/tmp/cycle-316/t4-3/result-box-top-1280.png	137926
tmp-records/cycle-316/t4-3/result-box-top-375.png	/home/user/yolo-web/tmp/cycle-316/t4-3/result-box-top-375.png	100023
tmp-records/cycle-316/t4-3/server.log	/home/user/yolo-web/tmp/cycle-316/t4-3/server.log	232
tmp-records/cycle-316/t4-3/shot.mjs	/home/user/yolo-web/tmp/cycle-316/t4-3/shot.mjs	744
tmp-records/cycle-316/t4-3/vitest.log	/home/user/yolo-web/tmp/cycle-316/t4-3/vitest.log	455
tmp-records/cycle-316/t4-4-fix/after/blog-g0-1280-dark.png	/home/user/yolo-web/tmp/cycle-316/t4-4-fix/after/blog-g0-1280-dark.png	134408
tmp-records/cycle-316/t4-4-fix/after/blog-g0-1280-light.png	/home/user/yolo-web/tmp/cycle-316/t4-4-fix/after/blog-g0-1280-light.png	131393
tmp-records/cycle-316/t4-4-fix/after/blog-g0-375-dark.png	/home/user/yolo-web/tmp/cycle-316/t4-4-fix/after/blog-g0-375-dark.png	54494
tmp-records/cycle-316/t4-4-fix/after/blog-g0-375-light.png	/home/user/yolo-web/tmp/cycle-316/t4-4-fix/after/blog-g0-375-light.png	52240
tmp-records/cycle-316/t4-4-fix/after/daily-g0-1280-dark.png	/home/user/yolo-web/tmp/cycle-316/t4-4-fix/after/daily-g0-1280-dark.png	75306
tmp-records/cycle-316/t4-4-fix/after/daily-g0-1280-light.png	/home/user/yolo-web/tmp/cycle-316/t4-4-fix/after/daily-g0-1280-light.png	73173
tmp-records/cycle-316/t4-4-fix/after/daily-g0-375-dark.png	/home/user/yolo-web/tmp/cycle-316/t4-4-fix/after/daily-g0-375-dark.png	39870
tmp-records/cycle-316/t4-4-fix/after/daily-g0-375-light.png	/home/user/yolo-web/tmp/cycle-316/t4-4-fix/after/daily-g0-375-light.png	38778
tmp-records/cycle-316/t4-4-fix/after/fortuneResult-g0-1280-dark.png	/home/user/yolo-web/tmp/cycle-316/t4-4-fix/after/fortuneResult-g0-1280-dark.png	115926
tmp-records/cycle-316/t4-4-fix/after/fortuneResult-g0-1280-light.png	/home/user/yolo-web/tmp/cycle-316/t4-4-fix/after/fortuneResult-g0-1280-light.png	111709
tmp-records/cycle-316/t4-4-fix/after/fortuneResult-g0-375-dark.png	/home/user/yolo-web/tmp/cycle-316/t4-4-fix/after/fortuneResult-g0-375-dark.png	49695
tmp-records/cycle-316/t4-4-fix/after/fortuneResult-g0-375-light.png	/home/user/yolo-web/tmp/cycle-316/t4-4-fix/after/fortuneResult-g0-375-light.png	47847
tmp-records/cycle-316/t4-4-fix/after/fortuneResult-g1-1280-dark.png	/home/user/yolo-web/tmp/cycle-316/t4-4-fix/after/fortuneResult-g1-1280-dark.png	71059
tmp-records/cycle-316/t4-4-fix/after/fortuneResult-g1-1280-light.png	/home/user/yolo-web/tmp/cycle-316/t4-4-fix/after/fortuneResult-g1-1280-light.png	68865
tmp-records/cycle-316/t4-4-fix/after/fortuneResult-g1-375-dark.png	/home/user/yolo-web/tmp/cycle-316/t4-4-fix/after/fortuneResult-g1-375-dark.png	37070
tmp-records/cycle-316/t4-4-fix/after/fortuneResult-g1-375-light.png	/home/user/yolo-web/tmp/cycle-316/t4-4-fix/after/fortuneResult-g1-375-light.png	35808
tmp-records/cycle-316/t4-4-fix/after/gamePage-g0-1280-dark.png	/home/user/yolo-web/tmp/cycle-316/t4-4-fix/after/gamePage-g0-1280-dark.png	66523
tmp-records/cycle-316/t4-4-fix/after/gamePage-g0-1280-light.png	/home/user/yolo-web/tmp/cycle-316/t4-4-fix/after/gamePage-g0-1280-light.png	64820
tmp-records/cycle-316/t4-4-fix/after/gamePage-g0-375-dark.png	/home/user/yolo-web/tmp/cycle-316/t4-4-fix/after/gamePage-g0-375-dark.png	39584
tmp-records/cycle-316/t4-4-fix/after/gamePage-g0-375-light.png	/home/user/yolo-web/tmp/cycle-316/t4-4-fix/after/gamePage-g0-375-light.png	38347
tmp-records/cycle-316/t4-4-fix/after/humor-g0-1280-dark.png	/home/user/yolo-web/tmp/cycle-316/t4-4-fix/after/humor-g0-1280-dark.png	63106
tmp-records/cycle-316/t4-4-fix/after/humor-g0-1280-light.png	/home/user/yolo-web/tmp/cycle-316/t4-4-fix/after/humor-g0-1280-light.png	61042
tmp-records/cycle-316/t4-4-fix/after/humor-g0-375-dark.png	/home/user/yolo-web/tmp/cycle-316/t4-4-fix/after/humor-g0-375-dark.png	34981
tmp-records/cycle-316/t4-4-fix/after/humor-g0-375-light.png	/home/user/yolo-web/tmp/cycle-316/t4-4-fix/after/humor-g0-375-light.png	33764
tmp-records/cycle-316/t4-4-fix/after/irodori-g0-1280-dark.png	/home/user/yolo-web/tmp/cycle-316/t4-4-fix/after/irodori-g0-1280-dark.png	54830
tmp-records/cycle-316/t4-4-fix/after/irodori-g0-1280-light.png	/home/user/yolo-web/tmp/cycle-316/t4-4-fix/after/irodori-g0-1280-light.png	53857
tmp-records/cycle-316/t4-4-fix/after/irodori-g0-375-dark.png	/home/user/yolo-web/tmp/cycle-316/t4-4-fix/after/irodori-g0-375-dark.png	27358
tmp-records/cycle-316/t4-4-fix/after/irodori-g0-375-light.png	/home/user/yolo-web/tmp/cycle-316/t4-4-fix/after/irodori-g0-375-light.png	26858
tmp-records/cycle-316/t4-4-fix/after/kanji-g0-1280-dark.png	/home/user/yolo-web/tmp/cycle-316/t4-4-fix/after/kanji-g0-1280-dark.png	69384
tmp-records/cycle-316/t4-4-fix/after/kanji-g0-1280-light.png	/home/user/yolo-web/tmp/cycle-316/t4-4-fix/after/kanji-g0-1280-light.png	67438
tmp-records/cycle-316/t4-4-fix/after/kanji-g0-375-dark.png	/home/user/yolo-web/tmp/cycle-316/t4-4-fix/after/kanji-g0-375-dark.png	41884
tmp-records/cycle-316/t4-4-fix/after/kanji-g0-375-light.png	/home/user/yolo-web/tmp/cycle-316/t4-4-fix/after/kanji-g0-375-light.png	40385
tmp-records/cycle-316/t4-4-fix/after/kanjiGame-g0-1280-dark.png	/home/user/yolo-web/tmp/cycle-316/t4-4-fix/after/kanjiGame-g0-1280-dark.png	57449
tmp-records/cycle-316/t4-4-fix/after/kanjiGame-g0-1280-light.png	/home/user/yolo-web/tmp/cycle-316/t4-4-fix/after/kanjiGame-g0-1280-light.png	56543
tmp-records/cycle-316/t4-4-fix/after/kanjiGame-g0-375-dark.png	/home/user/yolo-web/tmp/cycle-316/t4-4-fix/after/kanjiGame-g0-375-dark.png	30857
tmp-records/cycle-316/t4-4-fix/after/kanjiGame-g0-375-light.png	/home/user/yolo-web/tmp/cycle-316/t4-4-fix/after/kanjiGame-g0-375-light.png	30014
tmp-records/cycle-316/t4-4-fix/after/nakamawake-g0-1280-dark.png	/home/user/yolo-web/tmp/cycle-316/t4-4-fix/after/nakamawake-g0-1280-dark.png	63173
tmp-records/cycle-316/t4-4-fix/after/nakamawake-g0-1280-light.png	/home/user/yolo-web/tmp/cycle-316/t4-4-fix/after/nakamawake-g0-1280-light.png	62471
tmp-records/cycle-316/t4-4-fix/after/nakamawake-g0-375-dark.png	/home/user/yolo-web/tmp/cycle-316/t4-4-fix/after/nakamawake-g0-375-dark.png	36923
tmp-records/cycle-316/t4-4-fix/after/nakamawake-g0-375-light.png	/home/user/yolo-web/tmp/cycle-316/t4-4-fix/after/nakamawake-g0-375-light.png	36465
tmp-records/cycle-316/t4-4-fix/after/quizSolved-g0-1280-dark.png	/home/user/yolo-web/tmp/cycle-316/t4-4-fix/after/quizSolved-g0-1280-dark.png	112656
tmp-records/cycle-316/t4-4-fix/after/quizSolved-g0-1280-light.png	/home/user/yolo-web/tmp/cycle-316/t4-4-fix/after/quizSolved-g0-1280-light.png	109613
tmp-records/cycle-316/t4-4-fix/after/quizSolved-g0-375-dark.png	/home/user/yolo-web/tmp/cycle-316/t4-4-fix/after/quizSolved-g0-375-dark.png	56042
tmp-records/cycle-316/t4-4-fix/after/quizSolved-g0-375-light.png	/home/user/yolo-web/tmp/cycle-316/t4-4-fix/after/quizSolved-g0-375-light.png	54450
tmp-records/cycle-316/t4-4-fix/after/quizSolved-g1-1280-dark.png	/home/user/yolo-web/tmp/cycle-316/t4-4-fix/after/quizSolved-g1-1280-dark.png	84766
tmp-records/cycle-316/t4-4-fix/after/quizSolved-g1-1280-light.png	/home/user/yolo-web/tmp/cycle-316/t4-4-fix/after/quizSolved-g1-1280-light.png	84272
tmp-records/cycle-316/t4-4-fix/after/quizSolved-g1-375-dark.png	/home/user/yolo-web/tmp/cycle-316/t4-4-fix/after/quizSolved-g1-375-dark.png	42237
tmp-records/cycle-316/t4-4-fix/after/quizSolved-g1-375-light.png	/home/user/yolo-web/tmp/cycle-316/t4-4-fix/after/quizSolved-g1-375-light.png	41780
tmp-records/cycle-316/t4-4-fix/after/quizSolved-g2-1280-dark.png	/home/user/yolo-web/tmp/cycle-316/t4-4-fix/after/quizSolved-g2-1280-dark.png	101794
tmp-records/cycle-316/t4-4-fix/after/quizSolved-g2-1280-light.png	/home/user/yolo-web/tmp/cycle-316/t4-4-fix/after/quizSolved-g2-1280-light.png	99495
tmp-records/cycle-316/t4-4-fix/after/quizSolved-g2-375-dark.png	/home/user/yolo-web/tmp/cycle-316/t4-4-fix/after/quizSolved-g2-375-dark.png	48097
tmp-records/cycle-316/t4-4-fix/after/quizSolved-g2-375-light.png	/home/user/yolo-web/tmp/cycle-316/t4-4-fix/after/quizSolved-g2-375-light.png	46948
tmp-records/cycle-316/t4-4-fix/after/record.json	/home/user/yolo-web/tmp/cycle-316/t4-4-fix/after/record.json	77703
tmp-records/cycle-316/t4-4-fix/after/resultPage-g0-1280-dark.png	/home/user/yolo-web/tmp/cycle-316/t4-4-fix/after/resultPage-g0-1280-dark.png	84875
tmp-records/cycle-316/t4-4-fix/after/resultPage-g0-1280-light.png	/home/user/yolo-web/tmp/cycle-316/t4-4-fix/after/resultPage-g0-1280-light.png	82251
tmp-records/cycle-316/t4-4-fix/after/resultPage-g0-375-dark.png	/home/user/yolo-web/tmp/cycle-316/t4-4-fix/after/resultPage-g0-375-dark.png	44079
tmp-records/cycle-316/t4-4-fix/after/resultPage-g0-375-light.png	/home/user/yolo-web/tmp/cycle-316/t4-4-fix/after/resultPage-g0-375-light.png	42483
tmp-records/cycle-316/t4-4-fix/after/tool-g0-1280-dark.png	/home/user/yolo-web/tmp/cycle-316/t4-4-fix/after/tool-g0-1280-dark.png	80764
tmp-records/cycle-316/t4-4-fix/after/tool-g0-1280-light.png	/home/user/yolo-web/tmp/cycle-316/t4-4-fix/after/tool-g0-1280-light.png	78551
tmp-records/cycle-316/t4-4-fix/after/tool-g0-375-dark.png	/home/user/yolo-web/tmp/cycle-316/t4-4-fix/after/tool-g0-375-dark.png	45571
tmp-records/cycle-316/t4-4-fix/after/tool-g0-375-light.png	/home/user/yolo-web/tmp/cycle-316/t4-4-fix/after/tool-g0-375-light.png	43906
tmp-records/cycle-316/t4-4-fix/after/yojiGame-g0-1280-dark.png	/home/user/yolo-web/tmp/cycle-316/t4-4-fix/after/yojiGame-g0-1280-dark.png	56931
tmp-records/cycle-316/t4-4-fix/after/yojiGame-g0-1280-light.png	/home/user/yolo-web/tmp/cycle-316/t4-4-fix/after/yojiGame-g0-1280-light.png	55697
tmp-records/cycle-316/t4-4-fix/after/yojiGame-g0-375-dark.png	/home/user/yolo-web/tmp/cycle-316/t4-4-fix/after/yojiGame-g0-375-dark.png	35799
tmp-records/cycle-316/t4-4-fix/after/yojiGame-g0-375-light.png	/home/user/yolo-web/tmp/cycle-316/t4-4-fix/after/yojiGame-g0-375-light.png	34859
tmp-records/cycle-316/t4-4-fix/before-c05d08e-all.json	/home/user/yolo-web/tmp/cycle-316/t4-4-fix/before-c05d08e-all.json	73202
tmp-records/cycle-316/t4-4-fix/before/kanjiGame-g0-1280-dark.png	/home/user/yolo-web/tmp/cycle-316/t4-4-fix/before/kanjiGame-g0-1280-dark.png	56482
tmp-records/cycle-316/t4-4-fix/before/kanjiGame-g0-1280-light.png	/home/user/yolo-web/tmp/cycle-316/t4-4-fix/before/kanjiGame-g0-1280-light.png	55486
tmp-records/cycle-316/t4-4-fix/before/kanjiGame-g0-375-dark.png	/home/user/yolo-web/tmp/cycle-316/t4-4-fix/before/kanjiGame-g0-375-dark.png	31062
tmp-records/cycle-316/t4-4-fix/before/kanjiGame-g0-375-light.png	/home/user/yolo-web/tmp/cycle-316/t4-4-fix/before/kanjiGame-g0-375-light.png	30286
tmp-records/cycle-316/t4-4-fix/before/record.json	/home/user/yolo-web/tmp/cycle-316/t4-4-fix/before/record.json	7256
tmp-records/cycle-316/t4-4-fix/before/yojiGame-g0-1280-dark.png	/home/user/yolo-web/tmp/cycle-316/t4-4-fix/before/yojiGame-g0-1280-dark.png	56214
tmp-records/cycle-316/t4-4-fix/before/yojiGame-g0-1280-light.png	/home/user/yolo-web/tmp/cycle-316/t4-4-fix/before/yojiGame-g0-1280-light.png	55070
tmp-records/cycle-316/t4-4-fix/before/yojiGame-g0-375-dark.png	/home/user/yolo-web/tmp/cycle-316/t4-4-fix/before/yojiGame-g0-375-dark.png	36393
tmp-records/cycle-316/t4-4-fix/before/yojiGame-g0-375-light.png	/home/user/yolo-web/tmp/cycle-316/t4-4-fix/before/yojiGame-g0-375-light.png	35484
tmp-records/cycle-316/t4-4-fix/build-before.log	/home/user/yolo-web/tmp/cycle-316/t4-4-fix/build-before.log	18566
tmp-records/cycle-316/t4-4-fix/build.log	/home/user/yolo-web/tmp/cycle-316/t4-4-fix/build.log	18550
tmp-records/cycle-316/t4-4-fix/compare.py	/home/user/yolo-web/tmp/cycle-316/t4-4-fix/compare.py	1815
tmp-records/cycle-316/t4-4-fix/compare.txt	/home/user/yolo-web/tmp/cycle-316/t4-4-fix/compare.txt	2798
tmp-records/cycle-316/t4-4-fix/copyfail.mjs	/home/user/yolo-web/tmp/cycle-316/t4-4-fix/copyfail.mjs	3437
tmp-records/cycle-316/t4-4-fix/copyfail/record.json	/home/user/yolo-web/tmp/cycle-316/t4-4-fix/copyfail/record.json	2056
tmp-records/cycle-316/t4-4-fix/copyfail/tool-all-fail-1280.png	/home/user/yolo-web/tmp/cycle-316/t4-4-fix/copyfail/tool-all-fail-1280.png	83940
tmp-records/cycle-316/t4-4-fix/copyfail/tool-all-fail-375.png	/home/user/yolo-web/tmp/cycle-316/t4-4-fix/copyfail/tool-all-fail-375.png	49225
tmp-records/cycle-316/t4-4-fix/copyfail/tool-execCommand-ok-1280.png	/home/user/yolo-web/tmp/cycle-316/t4-4-fix/copyfail/tool-execCommand-ok-1280.png	79565
tmp-records/cycle-316/t4-4-fix/copyfail/tool-execCommand-ok-375.png	/home/user/yolo-web/tmp/cycle-316/t4-4-fix/copyfail/tool-execCommand-ok-375.png	45402
tmp-records/cycle-316/t4-4-fix/copyfail/yojiGame-all-fail-1280.png	/home/user/yolo-web/tmp/cycle-316/t4-4-fix/copyfail/yojiGame-all-fail-1280.png	62217
tmp-records/cycle-316/t4-4-fix/copyfail/yojiGame-all-fail-375.png	/home/user/yolo-web/tmp/cycle-316/t4-4-fix/copyfail/yojiGame-all-fail-375.png	39605
tmp-records/cycle-316/t4-4-fix/copyfail/yojiGame-execCommand-ok-1280.png	/home/user/yolo-web/tmp/cycle-316/t4-4-fix/copyfail/yojiGame-execCommand-ok-1280.png	57317
tmp-records/cycle-316/t4-4-fix/copyfail/yojiGame-execCommand-ok-375.png	/home/user/yolo-web/tmp/cycle-316/t4-4-fix/copyfail/yojiGame-execCommand-ok-375.png	35225
tmp-records/cycle-316/t4-4-fix/server-before.log	/home/user/yolo-web/tmp/cycle-316/t4-4-fix/server-before.log	349
tmp-records/cycle-316/t4-4-fix/server.log	/home/user/yolo-web/tmp/cycle-316/t4-4-fix/server.log	428
tmp-records/cycle-316/t4-4-fix/share-run.log	/home/user/yolo-web/tmp/cycle-316/t4-4-fix/share-run.log	176
tmp-records/cycle-316/t4-4-fix/share.mjs	/home/user/yolo-web/tmp/cycle-316/t4-4-fix/share.mjs	11257
tmp-records/cycle-316/t4-4-fix2/after/blog-g0-1280-dark.png	/home/user/yolo-web/tmp/cycle-316/t4-4-fix2/after/blog-g0-1280-dark.png	134408
tmp-records/cycle-316/t4-4-fix2/after/blog-g0-1280-light.png	/home/user/yolo-web/tmp/cycle-316/t4-4-fix2/after/blog-g0-1280-light.png	131393
tmp-records/cycle-316/t4-4-fix2/after/blog-g0-375-dark.png	/home/user/yolo-web/tmp/cycle-316/t4-4-fix2/after/blog-g0-375-dark.png	54494
tmp-records/cycle-316/t4-4-fix2/after/blog-g0-375-light.png	/home/user/yolo-web/tmp/cycle-316/t4-4-fix2/after/blog-g0-375-light.png	52240
tmp-records/cycle-316/t4-4-fix2/after/daily-g0-1280-dark.png	/home/user/yolo-web/tmp/cycle-316/t4-4-fix2/after/daily-g0-1280-dark.png	75306
tmp-records/cycle-316/t4-4-fix2/after/daily-g0-1280-light.png	/home/user/yolo-web/tmp/cycle-316/t4-4-fix2/after/daily-g0-1280-light.png	73173
tmp-records/cycle-316/t4-4-fix2/after/daily-g0-375-dark.png	/home/user/yolo-web/tmp/cycle-316/t4-4-fix2/after/daily-g0-375-dark.png	39870
tmp-records/cycle-316/t4-4-fix2/after/daily-g0-375-light.png	/home/user/yolo-web/tmp/cycle-316/t4-4-fix2/after/daily-g0-375-light.png	38778
tmp-records/cycle-316/t4-4-fix2/after/fortuneResult-g0-1280-dark.png	/home/user/yolo-web/tmp/cycle-316/t4-4-fix2/after/fortuneResult-g0-1280-dark.png	115926
tmp-records/cycle-316/t4-4-fix2/after/fortuneResult-g0-1280-light.png	/home/user/yolo-web/tmp/cycle-316/t4-4-fix2/after/fortuneResult-g0-1280-light.png	111709
tmp-records/cycle-316/t4-4-fix2/after/fortuneResult-g0-375-dark.png	/home/user/yolo-web/tmp/cycle-316/t4-4-fix2/after/fortuneResult-g0-375-dark.png	49695
tmp-records/cycle-316/t4-4-fix2/after/fortuneResult-g0-375-light.png	/home/user/yolo-web/tmp/cycle-316/t4-4-fix2/after/fortuneResult-g0-375-light.png	47847
tmp-records/cycle-316/t4-4-fix2/after/fortuneResult-g1-1280-dark.png	/home/user/yolo-web/tmp/cycle-316/t4-4-fix2/after/fortuneResult-g1-1280-dark.png	71059
tmp-records/cycle-316/t4-4-fix2/after/fortuneResult-g1-1280-light.png	/home/user/yolo-web/tmp/cycle-316/t4-4-fix2/after/fortuneResult-g1-1280-light.png	68865
tmp-records/cycle-316/t4-4-fix2/after/fortuneResult-g1-375-dark.png	/home/user/yolo-web/tmp/cycle-316/t4-4-fix2/after/fortuneResult-g1-375-dark.png	37070
tmp-records/cycle-316/t4-4-fix2/after/fortuneResult-g1-375-light.png	/home/user/yolo-web/tmp/cycle-316/t4-4-fix2/after/fortuneResult-g1-375-light.png	35808
tmp-records/cycle-316/t4-4-fix2/after/gamePage-g0-1280-dark.png	/home/user/yolo-web/tmp/cycle-316/t4-4-fix2/after/gamePage-g0-1280-dark.png	66523
tmp-records/cycle-316/t4-4-fix2/after/gamePage-g0-1280-light.png	/home/user/yolo-web/tmp/cycle-316/t4-4-fix2/after/gamePage-g0-1280-light.png	64820
tmp-records/cycle-316/t4-4-fix2/after/gamePage-g0-375-dark.png	/home/user/yolo-web/tmp/cycle-316/t4-4-fix2/after/gamePage-g0-375-dark.png	39584
tmp-records/cycle-316/t4-4-fix2/after/gamePage-g0-375-light.png	/home/user/yolo-web/tmp/cycle-316/t4-4-fix2/after/gamePage-g0-375-light.png	38347
tmp-records/cycle-316/t4-4-fix2/after/humor-g0-1280-dark.png	/home/user/yolo-web/tmp/cycle-316/t4-4-fix2/after/humor-g0-1280-dark.png	63106
tmp-records/cycle-316/t4-4-fix2/after/humor-g0-1280-light.png	/home/user/yolo-web/tmp/cycle-316/t4-4-fix2/after/humor-g0-1280-light.png	61042
tmp-records/cycle-316/t4-4-fix2/after/humor-g0-375-dark.png	/home/user/yolo-web/tmp/cycle-316/t4-4-fix2/after/humor-g0-375-dark.png	34981
tmp-records/cycle-316/t4-4-fix2/after/humor-g0-375-light.png	/home/user/yolo-web/tmp/cycle-316/t4-4-fix2/after/humor-g0-375-light.png	33764
tmp-records/cycle-316/t4-4-fix2/after/irodori-g0-1280-dark.png	/home/user/yolo-web/tmp/cycle-316/t4-4-fix2/after/irodori-g0-1280-dark.png	55301
tmp-records/cycle-316/t4-4-fix2/after/irodori-g0-1280-light.png	/home/user/yolo-web/tmp/cycle-316/t4-4-fix2/after/irodori-g0-1280-light.png	54356
tmp-records/cycle-316/t4-4-fix2/after/irodori-g0-375-dark.png	/home/user/yolo-web/tmp/cycle-316/t4-4-fix2/after/irodori-g0-375-dark.png	27471
tmp-records/cycle-316/t4-4-fix2/after/irodori-g0-375-light.png	/home/user/yolo-web/tmp/cycle-316/t4-4-fix2/after/irodori-g0-375-light.png	26823
tmp-records/cycle-316/t4-4-fix2/after/kanji-g0-1280-dark.png	/home/user/yolo-web/tmp/cycle-316/t4-4-fix2/after/kanji-g0-1280-dark.png	69384
tmp-records/cycle-316/t4-4-fix2/after/kanji-g0-1280-light.png	/home/user/yolo-web/tmp/cycle-316/t4-4-fix2/after/kanji-g0-1280-light.png	67438
tmp-records/cycle-316/t4-4-fix2/after/kanji-g0-375-dark.png	/home/user/yolo-web/tmp/cycle-316/t4-4-fix2/after/kanji-g0-375-dark.png	41884
tmp-records/cycle-316/t4-4-fix2/after/kanji-g0-375-light.png	/home/user/yolo-web/tmp/cycle-316/t4-4-fix2/after/kanji-g0-375-light.png	40385
tmp-records/cycle-316/t4-4-fix2/after/kanjiGame-g0-1280-dark.png	/home/user/yolo-web/tmp/cycle-316/t4-4-fix2/after/kanjiGame-g0-1280-dark.png	57618
tmp-records/cycle-316/t4-4-fix2/after/kanjiGame-g0-1280-light.png	/home/user/yolo-web/tmp/cycle-316/t4-4-fix2/after/kanjiGame-g0-1280-light.png	56661
tmp-records/cycle-316/t4-4-fix2/after/kanjiGame-g0-375-dark.png	/home/user/yolo-web/tmp/cycle-316/t4-4-fix2/after/kanjiGame-g0-375-dark.png	31046
tmp-records/cycle-316/t4-4-fix2/after/kanjiGame-g0-375-light.png	/home/user/yolo-web/tmp/cycle-316/t4-4-fix2/after/kanjiGame-g0-375-light.png	30222
tmp-records/cycle-316/t4-4-fix2/after/nakamawake-g0-1280-dark.png	/home/user/yolo-web/tmp/cycle-316/t4-4-fix2/after/nakamawake-g0-1280-dark.png	63415
tmp-records/cycle-316/t4-4-fix2/after/nakamawake-g0-1280-light.png	/home/user/yolo-web/tmp/cycle-316/t4-4-fix2/after/nakamawake-g0-1280-light.png	62506
tmp-records/cycle-316/t4-4-fix2/after/nakamawake-g0-375-dark.png	/home/user/yolo-web/tmp/cycle-316/t4-4-fix2/after/nakamawake-g0-375-dark.png	36938
tmp-records/cycle-316/t4-4-fix2/after/nakamawake-g0-375-light.png	/home/user/yolo-web/tmp/cycle-316/t4-4-fix2/after/nakamawake-g0-375-light.png	36624
tmp-records/cycle-316/t4-4-fix2/after/quizSolved-g0-1280-dark.png	/home/user/yolo-web/tmp/cycle-316/t4-4-fix2/after/quizSolved-g0-1280-dark.png	112656
tmp-records/cycle-316/t4-4-fix2/after/quizSolved-g0-1280-light.png	/home/user/yolo-web/tmp/cycle-316/t4-4-fix2/after/quizSolved-g0-1280-light.png	109613
tmp-records/cycle-316/t4-4-fix2/after/quizSolved-g0-375-dark.png	/home/user/yolo-web/tmp/cycle-316/t4-4-fix2/after/quizSolved-g0-375-dark.png	56042
tmp-records/cycle-316/t4-4-fix2/after/quizSolved-g0-375-light.png	/home/user/yolo-web/tmp/cycle-316/t4-4-fix2/after/quizSolved-g0-375-light.png	54450
tmp-records/cycle-316/t4-4-fix2/after/quizSolved-g1-1280-dark.png	/home/user/yolo-web/tmp/cycle-316/t4-4-fix2/after/quizSolved-g1-1280-dark.png	84766
tmp-records/cycle-316/t4-4-fix2/after/quizSolved-g1-1280-light.png	/home/user/yolo-web/tmp/cycle-316/t4-4-fix2/after/quizSolved-g1-1280-light.png	84272
tmp-records/cycle-316/t4-4-fix2/after/quizSolved-g1-375-dark.png	/home/user/yolo-web/tmp/cycle-316/t4-4-fix2/after/quizSolved-g1-375-dark.png	42237
tmp-records/cycle-316/t4-4-fix2/after/quizSolved-g1-375-light.png	/home/user/yolo-web/tmp/cycle-316/t4-4-fix2/after/quizSolved-g1-375-light.png	41780
tmp-records/cycle-316/t4-4-fix2/after/quizSolved-g2-1280-dark.png	/home/user/yolo-web/tmp/cycle-316/t4-4-fix2/after/quizSolved-g2-1280-dark.png	101794
tmp-records/cycle-316/t4-4-fix2/after/quizSolved-g2-1280-light.png	/home/user/yolo-web/tmp/cycle-316/t4-4-fix2/after/quizSolved-g2-1280-light.png	99495
tmp-records/cycle-316/t4-4-fix2/after/quizSolved-g2-375-dark.png	/home/user/yolo-web/tmp/cycle-316/t4-4-fix2/after/quizSolved-g2-375-dark.png	48097
tmp-records/cycle-316/t4-4-fix2/after/quizSolved-g2-375-light.png	/home/user/yolo-web/tmp/cycle-316/t4-4-fix2/after/quizSolved-g2-375-light.png	46948
tmp-records/cycle-316/t4-4-fix2/after/record.json	/home/user/yolo-web/tmp/cycle-316/t4-4-fix2/after/record.json	77693
tmp-records/cycle-316/t4-4-fix2/after/resultPage-g0-1280-dark.png	/home/user/yolo-web/tmp/cycle-316/t4-4-fix2/after/resultPage-g0-1280-dark.png	84875
tmp-records/cycle-316/t4-4-fix2/after/resultPage-g0-1280-light.png	/home/user/yolo-web/tmp/cycle-316/t4-4-fix2/after/resultPage-g0-1280-light.png	82251
tmp-records/cycle-316/t4-4-fix2/after/resultPage-g0-375-dark.png	/home/user/yolo-web/tmp/cycle-316/t4-4-fix2/after/resultPage-g0-375-dark.png	44079
tmp-records/cycle-316/t4-4-fix2/after/resultPage-g0-375-light.png	/home/user/yolo-web/tmp/cycle-316/t4-4-fix2/after/resultPage-g0-375-light.png	42483
tmp-records/cycle-316/t4-4-fix2/after/tool-g0-1280-dark.png	/home/user/yolo-web/tmp/cycle-316/t4-4-fix2/after/tool-g0-1280-dark.png	80764
tmp-records/cycle-316/t4-4-fix2/after/tool-g0-1280-light.png	/home/user/yolo-web/tmp/cycle-316/t4-4-fix2/after/tool-g0-1280-light.png	78551
tmp-records/cycle-316/t4-4-fix2/after/tool-g0-375-dark.png	/home/user/yolo-web/tmp/cycle-316/t4-4-fix2/after/tool-g0-375-dark.png	45571
tmp-records/cycle-316/t4-4-fix2/after/tool-g0-375-light.png	/home/user/yolo-web/tmp/cycle-316/t4-4-fix2/after/tool-g0-375-light.png	43906
tmp-records/cycle-316/t4-4-fix2/after/yojiGame-g0-1280-dark.png	/home/user/yolo-web/tmp/cycle-316/t4-4-fix2/after/yojiGame-g0-1280-dark.png	57800
tmp-records/cycle-316/t4-4-fix2/after/yojiGame-g0-1280-light.png	/home/user/yolo-web/tmp/cycle-316/t4-4-fix2/after/yojiGame-g0-1280-light.png	56164
tmp-records/cycle-316/t4-4-fix2/after/yojiGame-g0-375-dark.png	/home/user/yolo-web/tmp/cycle-316/t4-4-fix2/after/yojiGame-g0-375-dark.png	36224
tmp-records/cycle-316/t4-4-fix2/after/yojiGame-g0-375-light.png	/home/user/yolo-web/tmp/cycle-316/t4-4-fix2/after/yojiGame-g0-375-light.png	35284
tmp-records/cycle-316/t4-4-fix2/build.log	/home/user/yolo-web/tmp/cycle-316/t4-4-fix2/build.log	18552
tmp-records/cycle-316/t4-4-fix2/check-run.log	/home/user/yolo-web/tmp/cycle-316/t4-4-fix2/check-run.log	2080
tmp-records/cycle-316/t4-4-fix2/check.mjs	/home/user/yolo-web/tmp/cycle-316/t4-4-fix2/check.mjs	9101
tmp-records/cycle-316/t4-4-fix2/check/color-detail-all-fail-375.png	/home/user/yolo-web/tmp/cycle-316/t4-4-fix2/check/color-detail-all-fail-375.png	19032
tmp-records/cycle-316/t4-4-fix2/check/fail-tool-1280-dark.png	/home/user/yolo-web/tmp/cycle-316/t4-4-fix2/check/fail-tool-1280-dark.png	86372
tmp-records/cycle-316/t4-4-fix2/check/fail-tool-1280-light.png	/home/user/yolo-web/tmp/cycle-316/t4-4-fix2/check/fail-tool-1280-light.png	83940
tmp-records/cycle-316/t4-4-fix2/check/fail-tool-375-dark.png	/home/user/yolo-web/tmp/cycle-316/t4-4-fix2/check/fail-tool-375-dark.png	51212
tmp-records/cycle-316/t4-4-fix2/check/fail-tool-375-light.png	/home/user/yolo-web/tmp/cycle-316/t4-4-fix2/check/fail-tool-375-light.png	49317
tmp-records/cycle-316/t4-4-fix2/check/fail-yojiGame-1280-dark.png	/home/user/yolo-web/tmp/cycle-316/t4-4-fix2/check/fail-yojiGame-1280-dark.png	63796
tmp-records/cycle-316/t4-4-fix2/check/fail-yojiGame-1280-light.png	/home/user/yolo-web/tmp/cycle-316/t4-4-fix2/check/fail-yojiGame-1280-light.png	62343
tmp-records/cycle-316/t4-4-fix2/check/fail-yojiGame-375-dark.png	/home/user/yolo-web/tmp/cycle-316/t4-4-fix2/check/fail-yojiGame-375-dark.png	41243
tmp-records/cycle-316/t4-4-fix2/check/fail-yojiGame-375-light.png	/home/user/yolo-web/tmp/cycle-316/t4-4-fix2/check/fail-yojiGame-375-light.png	40261
tmp-records/cycle-316/t4-4-fix2/check/record.json	/home/user/yolo-web/tmp/cycle-316/t4-4-fix2/check/record.json	2922
tmp-records/cycle-316/t4-4-fix2/check/tool-all-fail-375.png	/home/user/yolo-web/tmp/cycle-316/t4-4-fix2/check/tool-all-fail-375.png	14958
tmp-records/cycle-316/t4-4-fix2/check/tool-api-denied-375.png	/home/user/yolo-web/tmp/cycle-316/t4-4-fix2/check/tool-api-denied-375.png	15943
tmp-records/cycle-316/t4-4-fix2/check/tool-api-ok-375.png	/home/user/yolo-web/tmp/cycle-316/t4-4-fix2/check/tool-api-ok-375.png	15943
tmp-records/cycle-316/t4-4-fix2/compare.py	/home/user/yolo-web/tmp/cycle-316/t4-4-fix2/compare.py	1815
tmp-records/cycle-316/t4-4-fix2/compare.txt	/home/user/yolo-web/tmp/cycle-316/t4-4-fix2/compare.txt	1686
tmp-records/cycle-316/t4-4-fix2/server.log	/home/user/yolo-web/tmp/cycle-316/t4-4-fix2/server.log	349
tmp-records/cycle-316/t4-4-fix2/share-run.log	/home/user/yolo-web/tmp/cycle-316/t4-4-fix2/share-run.log	176
tmp-records/cycle-316/t4-4-fix2/share.mjs	/home/user/yolo-web/tmp/cycle-316/t4-4-fix2/share.mjs	11258
tmp-records/cycle-316/t4-4-fix3/build.log	/home/user/yolo-web/tmp/cycle-316/t4-4-fix3/build.log	18555
tmp-records/cycle-316/t4-4-fix3/check.mjs	/home/user/yolo-web/tmp/cycle-316/t4-4-fix3/check.mjs	5707
tmp-records/cycle-316/t4-4-fix3/invite-AbortError-375.png	/home/user/yolo-web/tmp/cycle-316/t4-4-fix3/invite-AbortError-375.png	51191
tmp-records/cycle-316/t4-4-fix3/invite-NotAllowedError-375.png	/home/user/yolo-web/tmp/cycle-316/t4-4-fix3/invite-NotAllowedError-375.png	52950
tmp-records/cycle-316/t4-4-fix3/invite-no-share-375.png	/home/user/yolo-web/tmp/cycle-316/t4-4-fix3/invite-no-share-375.png	52950
tmp-records/cycle-316/t4-4-fix3/record.json	/home/user/yolo-web/tmp/cycle-316/t4-4-fix3/record.json	2559
tmp-records/cycle-316/t4-4-fix3/server.log	/home/user/yolo-web/tmp/cycle-316/t4-4-fix3/server.log	428
tmp-records/cycle-316/t4-4/after/blog-g0-1280-dark.png	/home/user/yolo-web/tmp/cycle-316/t4-4/after/blog-g0-1280-dark.png	134408
tmp-records/cycle-316/t4-4/after/blog-g0-1280-light.png	/home/user/yolo-web/tmp/cycle-316/t4-4/after/blog-g0-1280-light.png	131393
tmp-records/cycle-316/t4-4/after/blog-g0-375-dark.png	/home/user/yolo-web/tmp/cycle-316/t4-4/after/blog-g0-375-dark.png	54494
tmp-records/cycle-316/t4-4/after/blog-g0-375-light.png	/home/user/yolo-web/tmp/cycle-316/t4-4/after/blog-g0-375-light.png	52240
tmp-records/cycle-316/t4-4/after/daily-g0-1280-dark.png	/home/user/yolo-web/tmp/cycle-316/t4-4/after/daily-g0-1280-dark.png	75306
tmp-records/cycle-316/t4-4/after/daily-g0-1280-light.png	/home/user/yolo-web/tmp/cycle-316/t4-4/after/daily-g0-1280-light.png	73173
tmp-records/cycle-316/t4-4/after/daily-g0-375-dark.png	/home/user/yolo-web/tmp/cycle-316/t4-4/after/daily-g0-375-dark.png	39870
tmp-records/cycle-316/t4-4/after/daily-g0-375-light.png	/home/user/yolo-web/tmp/cycle-316/t4-4/after/daily-g0-375-light.png	38778
tmp-records/cycle-316/t4-4/after/fortuneResult-g0-1280-dark.png	/home/user/yolo-web/tmp/cycle-316/t4-4/after/fortuneResult-g0-1280-dark.png	115926
tmp-records/cycle-316/t4-4/after/fortuneResult-g0-1280-light.png	/home/user/yolo-web/tmp/cycle-316/t4-4/after/fortuneResult-g0-1280-light.png	111709
tmp-records/cycle-316/t4-4/after/fortuneResult-g0-375-dark.png	/home/user/yolo-web/tmp/cycle-316/t4-4/after/fortuneResult-g0-375-dark.png	49695
tmp-records/cycle-316/t4-4/after/fortuneResult-g0-375-light.png	/home/user/yolo-web/tmp/cycle-316/t4-4/after/fortuneResult-g0-375-light.png	47847
tmp-records/cycle-316/t4-4/after/fortuneResult-g1-1280-dark.png	/home/user/yolo-web/tmp/cycle-316/t4-4/after/fortuneResult-g1-1280-dark.png	71059
tmp-records/cycle-316/t4-4/after/fortuneResult-g1-1280-light.png	/home/user/yolo-web/tmp/cycle-316/t4-4/after/fortuneResult-g1-1280-light.png	68865
tmp-records/cycle-316/t4-4/after/fortuneResult-g1-375-dark.png	/home/user/yolo-web/tmp/cycle-316/t4-4/after/fortuneResult-g1-375-dark.png	37070
tmp-records/cycle-316/t4-4/after/fortuneResult-g1-375-light.png	/home/user/yolo-web/tmp/cycle-316/t4-4/after/fortuneResult-g1-375-light.png	35808
tmp-records/cycle-316/t4-4/after/gamePage-g0-1280-dark.png	/home/user/yolo-web/tmp/cycle-316/t4-4/after/gamePage-g0-1280-dark.png	66523
tmp-records/cycle-316/t4-4/after/gamePage-g0-1280-light.png	/home/user/yolo-web/tmp/cycle-316/t4-4/after/gamePage-g0-1280-light.png	64820
tmp-records/cycle-316/t4-4/after/gamePage-g0-375-dark.png	/home/user/yolo-web/tmp/cycle-316/t4-4/after/gamePage-g0-375-dark.png	39584
tmp-records/cycle-316/t4-4/after/gamePage-g0-375-light.png	/home/user/yolo-web/tmp/cycle-316/t4-4/after/gamePage-g0-375-light.png	38347
tmp-records/cycle-316/t4-4/after/humor-g0-1280-dark.png	/home/user/yolo-web/tmp/cycle-316/t4-4/after/humor-g0-1280-dark.png	63106
tmp-records/cycle-316/t4-4/after/humor-g0-1280-light.png	/home/user/yolo-web/tmp/cycle-316/t4-4/after/humor-g0-1280-light.png	61042
tmp-records/cycle-316/t4-4/after/humor-g0-375-dark.png	/home/user/yolo-web/tmp/cycle-316/t4-4/after/humor-g0-375-dark.png	34981
tmp-records/cycle-316/t4-4/after/humor-g0-375-light.png	/home/user/yolo-web/tmp/cycle-316/t4-4/after/humor-g0-375-light.png	33764
tmp-records/cycle-316/t4-4/after/irodori-g0-1280-dark.png	/home/user/yolo-web/tmp/cycle-316/t4-4/after/irodori-g0-1280-dark.png	54046
tmp-records/cycle-316/t4-4/after/irodori-g0-1280-light.png	/home/user/yolo-web/tmp/cycle-316/t4-4/after/irodori-g0-1280-light.png	53078
tmp-records/cycle-316/t4-4/after/irodori-g0-375-dark.png	/home/user/yolo-web/tmp/cycle-316/t4-4/after/irodori-g0-375-dark.png	26520
tmp-records/cycle-316/t4-4/after/irodori-g0-375-light.png	/home/user/yolo-web/tmp/cycle-316/t4-4/after/irodori-g0-375-light.png	26136
tmp-records/cycle-316/t4-4/after/kanji-g0-1280-dark.png	/home/user/yolo-web/tmp/cycle-316/t4-4/after/kanji-g0-1280-dark.png	69384
tmp-records/cycle-316/t4-4/after/kanji-g0-1280-light.png	/home/user/yolo-web/tmp/cycle-316/t4-4/after/kanji-g0-1280-light.png	67438
tmp-records/cycle-316/t4-4/after/kanji-g0-375-dark.png	/home/user/yolo-web/tmp/cycle-316/t4-4/after/kanji-g0-375-dark.png	41884
tmp-records/cycle-316/t4-4/after/kanji-g0-375-light.png	/home/user/yolo-web/tmp/cycle-316/t4-4/after/kanji-g0-375-light.png	40385
tmp-records/cycle-316/t4-4/after/nakamawake-g0-1280-dark.png	/home/user/yolo-web/tmp/cycle-316/t4-4/after/nakamawake-g0-1280-dark.png	61735
tmp-records/cycle-316/t4-4/after/nakamawake-g0-1280-light.png	/home/user/yolo-web/tmp/cycle-316/t4-4/after/nakamawake-g0-1280-light.png	60837
tmp-records/cycle-316/t4-4/after/nakamawake-g0-375-dark.png	/home/user/yolo-web/tmp/cycle-316/t4-4/after/nakamawake-g0-375-dark.png	37124
tmp-records/cycle-316/t4-4/after/nakamawake-g0-375-light.png	/home/user/yolo-web/tmp/cycle-316/t4-4/after/nakamawake-g0-375-light.png	36829
tmp-records/cycle-316/t4-4/after/quizSolved-g0-1280-dark.png	/home/user/yolo-web/tmp/cycle-316/t4-4/after/quizSolved-g0-1280-dark.png	112656
tmp-records/cycle-316/t4-4/after/quizSolved-g0-1280-light.png	/home/user/yolo-web/tmp/cycle-316/t4-4/after/quizSolved-g0-1280-light.png	109613
tmp-records/cycle-316/t4-4/after/quizSolved-g0-375-dark.png	/home/user/yolo-web/tmp/cycle-316/t4-4/after/quizSolved-g0-375-dark.png	56042
tmp-records/cycle-316/t4-4/after/quizSolved-g0-375-light.png	/home/user/yolo-web/tmp/cycle-316/t4-4/after/quizSolved-g0-375-light.png	54450
tmp-records/cycle-316/t4-4/after/quizSolved-g1-1280-dark.png	/home/user/yolo-web/tmp/cycle-316/t4-4/after/quizSolved-g1-1280-dark.png	84766
tmp-records/cycle-316/t4-4/after/quizSolved-g1-1280-light.png	/home/user/yolo-web/tmp/cycle-316/t4-4/after/quizSolved-g1-1280-light.png	84272
tmp-records/cycle-316/t4-4/after/quizSolved-g1-375-dark.png	/home/user/yolo-web/tmp/cycle-316/t4-4/after/quizSolved-g1-375-dark.png	42237
tmp-records/cycle-316/t4-4/after/quizSolved-g1-375-light.png	/home/user/yolo-web/tmp/cycle-316/t4-4/after/quizSolved-g1-375-light.png	41780
tmp-records/cycle-316/t4-4/after/quizSolved-g2-1280-dark.png	/home/user/yolo-web/tmp/cycle-316/t4-4/after/quizSolved-g2-1280-dark.png	101794
tmp-records/cycle-316/t4-4/after/quizSolved-g2-1280-light.png	/home/user/yolo-web/tmp/cycle-316/t4-4/after/quizSolved-g2-1280-light.png	99495
tmp-records/cycle-316/t4-4/after/quizSolved-g2-375-dark.png	/home/user/yolo-web/tmp/cycle-316/t4-4/after/quizSolved-g2-375-dark.png	48097
tmp-records/cycle-316/t4-4/after/quizSolved-g2-375-light.png	/home/user/yolo-web/tmp/cycle-316/t4-4/after/quizSolved-g2-375-light.png	46948
tmp-records/cycle-316/t4-4/after/record.json	/home/user/yolo-web/tmp/cycle-316/t4-4/after/record.json	65948
tmp-records/cycle-316/t4-4/after/resultPage-g0-1280-dark.png	/home/user/yolo-web/tmp/cycle-316/t4-4/after/resultPage-g0-1280-dark.png	84875
tmp-records/cycle-316/t4-4/after/resultPage-g0-1280-light.png	/home/user/yolo-web/tmp/cycle-316/t4-4/after/resultPage-g0-1280-light.png	82251
tmp-records/cycle-316/t4-4/after/resultPage-g0-375-dark.png	/home/user/yolo-web/tmp/cycle-316/t4-4/after/resultPage-g0-375-dark.png	44079
tmp-records/cycle-316/t4-4/after/resultPage-g0-375-light.png	/home/user/yolo-web/tmp/cycle-316/t4-4/after/resultPage-g0-375-light.png	42483
tmp-records/cycle-316/t4-4/after/tool-g0-1280-dark.png	/home/user/yolo-web/tmp/cycle-316/t4-4/after/tool-g0-1280-dark.png	80764
tmp-records/cycle-316/t4-4/after/tool-g0-1280-light.png	/home/user/yolo-web/tmp/cycle-316/t4-4/after/tool-g0-1280-light.png	78551
tmp-records/cycle-316/t4-4/after/tool-g0-375-dark.png	/home/user/yolo-web/tmp/cycle-316/t4-4/after/tool-g0-375-dark.png	45571
tmp-records/cycle-316/t4-4/after/tool-g0-375-light.png	/home/user/yolo-web/tmp/cycle-316/t4-4/after/tool-g0-375-light.png	43906
tmp-records/cycle-316/t4-4/before/blog-g0-1280-dark.png	/home/user/yolo-web/tmp/cycle-316/t4-4/before/blog-g0-1280-dark.png	134408
tmp-records/cycle-316/t4-4/before/blog-g0-1280-light.png	/home/user/yolo-web/tmp/cycle-316/t4-4/before/blog-g0-1280-light.png	131393
tmp-records/cycle-316/t4-4/before/blog-g0-375-dark.png	/home/user/yolo-web/tmp/cycle-316/t4-4/before/blog-g0-375-dark.png	54494
tmp-records/cycle-316/t4-4/before/blog-g0-375-light.png	/home/user/yolo-web/tmp/cycle-316/t4-4/before/blog-g0-375-light.png	52240
tmp-records/cycle-316/t4-4/before/daily-g0-1280-dark.png	/home/user/yolo-web/tmp/cycle-316/t4-4/before/daily-g0-1280-dark.png	75306
tmp-records/cycle-316/t4-4/before/daily-g0-1280-light.png	/home/user/yolo-web/tmp/cycle-316/t4-4/before/daily-g0-1280-light.png	73173
tmp-records/cycle-316/t4-4/before/daily-g0-375-dark.png	/home/user/yolo-web/tmp/cycle-316/t4-4/before/daily-g0-375-dark.png	39870
tmp-records/cycle-316/t4-4/before/daily-g0-375-light.png	/home/user/yolo-web/tmp/cycle-316/t4-4/before/daily-g0-375-light.png	38778
tmp-records/cycle-316/t4-4/before/fortuneResult-g0-1280-dark.png	/home/user/yolo-web/tmp/cycle-316/t4-4/before/fortuneResult-g0-1280-dark.png	108398
tmp-records/cycle-316/t4-4/before/fortuneResult-g0-1280-light.png	/home/user/yolo-web/tmp/cycle-316/t4-4/before/fortuneResult-g0-1280-light.png	104469
tmp-records/cycle-316/t4-4/before/fortuneResult-g0-375-dark.png	/home/user/yolo-web/tmp/cycle-316/t4-4/before/fortuneResult-g0-375-dark.png	44847
tmp-records/cycle-316/t4-4/before/fortuneResult-g0-375-light.png	/home/user/yolo-web/tmp/cycle-316/t4-4/before/fortuneResult-g0-375-light.png	43180
tmp-records/cycle-316/t4-4/before/fortuneResult-g1-1280-dark.png	/home/user/yolo-web/tmp/cycle-316/t4-4/before/fortuneResult-g1-1280-dark.png	67554
tmp-records/cycle-316/t4-4/before/fortuneResult-g1-1280-light.png	/home/user/yolo-web/tmp/cycle-316/t4-4/before/fortuneResult-g1-1280-light.png	65518
tmp-records/cycle-316/t4-4/before/fortuneResult-g1-375-dark.png	/home/user/yolo-web/tmp/cycle-316/t4-4/before/fortuneResult-g1-375-dark.png	37054
tmp-records/cycle-316/t4-4/before/fortuneResult-g1-375-light.png	/home/user/yolo-web/tmp/cycle-316/t4-4/before/fortuneResult-g1-375-light.png	35789
tmp-records/cycle-316/t4-4/before/gamePage-g0-1280-dark.png	/home/user/yolo-web/tmp/cycle-316/t4-4/before/gamePage-g0-1280-dark.png	66523
tmp-records/cycle-316/t4-4/before/gamePage-g0-1280-light.png	/home/user/yolo-web/tmp/cycle-316/t4-4/before/gamePage-g0-1280-light.png	64820
tmp-records/cycle-316/t4-4/before/gamePage-g0-375-dark.png	/home/user/yolo-web/tmp/cycle-316/t4-4/before/gamePage-g0-375-dark.png	39584
tmp-records/cycle-316/t4-4/before/gamePage-g0-375-light.png	/home/user/yolo-web/tmp/cycle-316/t4-4/before/gamePage-g0-375-light.png	38347
tmp-records/cycle-316/t4-4/before/humor-g0-1280-dark.png	/home/user/yolo-web/tmp/cycle-316/t4-4/before/humor-g0-1280-dark.png	63106
tmp-records/cycle-316/t4-4/before/humor-g0-1280-light.png	/home/user/yolo-web/tmp/cycle-316/t4-4/before/humor-g0-1280-light.png	61042
tmp-records/cycle-316/t4-4/before/humor-g0-375-dark.png	/home/user/yolo-web/tmp/cycle-316/t4-4/before/humor-g0-375-dark.png	34981
tmp-records/cycle-316/t4-4/before/humor-g0-375-light.png	/home/user/yolo-web/tmp/cycle-316/t4-4/before/humor-g0-375-light.png	33764
tmp-records/cycle-316/t4-4/before/irodori-g0-1280-dark.png	/home/user/yolo-web/tmp/cycle-316/t4-4/before/irodori-g0-1280-dark.png	54092
tmp-records/cycle-316/t4-4/before/irodori-g0-1280-light.png	/home/user/yolo-web/tmp/cycle-316/t4-4/before/irodori-g0-1280-light.png	53142
tmp-records/cycle-316/t4-4/before/irodori-g0-375-dark.png	/home/user/yolo-web/tmp/cycle-316/t4-4/before/irodori-g0-375-dark.png	26580
tmp-records/cycle-316/t4-4/before/irodori-g0-375-light.png	/home/user/yolo-web/tmp/cycle-316/t4-4/before/irodori-g0-375-light.png	26213
tmp-records/cycle-316/t4-4/before/kanji-g0-1280-dark.png	/home/user/yolo-web/tmp/cycle-316/t4-4/before/kanji-g0-1280-dark.png	69384
tmp-records/cycle-316/t4-4/before/kanji-g0-1280-light.png	/home/user/yolo-web/tmp/cycle-316/t4-4/before/kanji-g0-1280-light.png	67438
tmp-records/cycle-316/t4-4/before/kanji-g0-375-dark.png	/home/user/yolo-web/tmp/cycle-316/t4-4/before/kanji-g0-375-dark.png	41884
tmp-records/cycle-316/t4-4/before/kanji-g0-375-light.png	/home/user/yolo-web/tmp/cycle-316/t4-4/before/kanji-g0-375-light.png	40385
tmp-records/cycle-316/t4-4/before/nakamawake-g0-1280-dark.png	/home/user/yolo-web/tmp/cycle-316/t4-4/before/nakamawake-g0-1280-dark.png	61872
tmp-records/cycle-316/t4-4/before/nakamawake-g0-1280-light.png	/home/user/yolo-web/tmp/cycle-316/t4-4/before/nakamawake-g0-1280-light.png	61288
tmp-records/cycle-316/t4-4/before/nakamawake-g0-375-dark.png	/home/user/yolo-web/tmp/cycle-316/t4-4/before/nakamawake-g0-375-dark.png	37782
tmp-records/cycle-316/t4-4/before/nakamawake-g0-375-light.png	/home/user/yolo-web/tmp/cycle-316/t4-4/before/nakamawake-g0-375-light.png	37374
tmp-records/cycle-316/t4-4/before/quizSolved-g0-1280-dark.png	/home/user/yolo-web/tmp/cycle-316/t4-4/before/quizSolved-g0-1280-dark.png	112656
tmp-records/cycle-316/t4-4/before/quizSolved-g0-1280-light.png	/home/user/yolo-web/tmp/cycle-316/t4-4/before/quizSolved-g0-1280-light.png	109613
tmp-records/cycle-316/t4-4/before/quizSolved-g0-375-dark.png	/home/user/yolo-web/tmp/cycle-316/t4-4/before/quizSolved-g0-375-dark.png	56042
tmp-records/cycle-316/t4-4/before/quizSolved-g0-375-light.png	/home/user/yolo-web/tmp/cycle-316/t4-4/before/quizSolved-g0-375-light.png	54450
tmp-records/cycle-316/t4-4/before/quizSolved-g1-1280-dark.png	/home/user/yolo-web/tmp/cycle-316/t4-4/before/quizSolved-g1-1280-dark.png	84766
tmp-records/cycle-316/t4-4/before/quizSolved-g1-1280-light.png	/home/user/yolo-web/tmp/cycle-316/t4-4/before/quizSolved-g1-1280-light.png	84272
tmp-records/cycle-316/t4-4/before/quizSolved-g1-375-dark.png	/home/user/yolo-web/tmp/cycle-316/t4-4/before/quizSolved-g1-375-dark.png	42237
tmp-records/cycle-316/t4-4/before/quizSolved-g1-375-light.png	/home/user/yolo-web/tmp/cycle-316/t4-4/before/quizSolved-g1-375-light.png	41780
tmp-records/cycle-316/t4-4/before/quizSolved-g2-1280-dark.png	/home/user/yolo-web/tmp/cycle-316/t4-4/before/quizSolved-g2-1280-dark.png	101794
tmp-records/cycle-316/t4-4/before/quizSolved-g2-1280-light.png	/home/user/yolo-web/tmp/cycle-316/t4-4/before/quizSolved-g2-1280-light.png	99495
tmp-records/cycle-316/t4-4/before/quizSolved-g2-375-dark.png	/home/user/yolo-web/tmp/cycle-316/t4-4/before/quizSolved-g2-375-dark.png	48097
tmp-records/cycle-316/t4-4/before/quizSolved-g2-375-light.png	/home/user/yolo-web/tmp/cycle-316/t4-4/before/quizSolved-g2-375-light.png	46948
tmp-records/cycle-316/t4-4/before/record.json	/home/user/yolo-web/tmp/cycle-316/t4-4/before/record.json	65955
tmp-records/cycle-316/t4-4/before/resultPage-g0-1280-dark.png	/home/user/yolo-web/tmp/cycle-316/t4-4/before/resultPage-g0-1280-dark.png	79291
tmp-records/cycle-316/t4-4/before/resultPage-g0-1280-light.png	/home/user/yolo-web/tmp/cycle-316/t4-4/before/resultPage-g0-1280-light.png	76818
tmp-records/cycle-316/t4-4/before/resultPage-g0-375-dark.png	/home/user/yolo-web/tmp/cycle-316/t4-4/before/resultPage-g0-375-dark.png	40260
tmp-records/cycle-316/t4-4/before/resultPage-g0-375-light.png	/home/user/yolo-web/tmp/cycle-316/t4-4/before/resultPage-g0-375-light.png	38798
tmp-records/cycle-316/t4-4/before/tool-g0-1280-dark.png	/home/user/yolo-web/tmp/cycle-316/t4-4/before/tool-g0-1280-dark.png	80764
tmp-records/cycle-316/t4-4/before/tool-g0-1280-light.png	/home/user/yolo-web/tmp/cycle-316/t4-4/before/tool-g0-1280-light.png	78551
tmp-records/cycle-316/t4-4/before/tool-g0-375-dark.png	/home/user/yolo-web/tmp/cycle-316/t4-4/before/tool-g0-375-dark.png	45571
tmp-records/cycle-316/t4-4/before/tool-g0-375-light.png	/home/user/yolo-web/tmp/cycle-316/t4-4/before/tool-g0-375-light.png	43906
tmp-records/cycle-316/t4-4/sbs/fortuneResult-g0-1280-dark.png	/home/user/yolo-web/tmp/cycle-316/t4-4/sbs/fortuneResult-g0-1280-dark.png	226063
tmp-records/cycle-316/t4-4/sbs/fortuneResult-g0-1280-light.png	/home/user/yolo-web/tmp/cycle-316/t4-4/sbs/fortuneResult-g0-1280-light.png	222140
tmp-records/cycle-316/t4-4/sbs/fortuneResult-g0-375-dark.png	/home/user/yolo-web/tmp/cycle-316/t4-4/sbs/fortuneResult-g0-375-dark.png	68514
tmp-records/cycle-316/t4-4/sbs/fortuneResult-g0-375-light.png	/home/user/yolo-web/tmp/cycle-316/t4-4/sbs/fortuneResult-g0-375-light.png	67270
tmp-records/cycle-316/t4-4/sbs/fortuneResult-g1-1280-dark.png	/home/user/yolo-web/tmp/cycle-316/t4-4/sbs/fortuneResult-g1-1280-dark.png	159169
tmp-records/cycle-316/t4-4/sbs/fortuneResult-g1-1280-light.png	/home/user/yolo-web/tmp/cycle-316/t4-4/sbs/fortuneResult-g1-1280-light.png	157040
tmp-records/cycle-316/t4-4/sbs/fortuneResult-g1-375-dark.png	/home/user/yolo-web/tmp/cycle-316/t4-4/sbs/fortuneResult-g1-375-dark.png	56190
tmp-records/cycle-316/t4-4/sbs/fortuneResult-g1-375-light.png	/home/user/yolo-web/tmp/cycle-316/t4-4/sbs/fortuneResult-g1-375-light.png	55429
tmp-records/cycle-316/t4-4/sbs/irodori-g0-1280-dark.png	/home/user/yolo-web/tmp/cycle-316/t4-4/sbs/irodori-g0-1280-dark.png	120887
tmp-records/cycle-316/t4-4/sbs/irodori-g0-1280-light.png	/home/user/yolo-web/tmp/cycle-316/t4-4/sbs/irodori-g0-1280-light.png	119959
tmp-records/cycle-316/t4-4/sbs/irodori-g0-375-dark.png	/home/user/yolo-web/tmp/cycle-316/t4-4/sbs/irodori-g0-375-dark.png	37160
tmp-records/cycle-316/t4-4/sbs/irodori-g0-375-light.png	/home/user/yolo-web/tmp/cycle-316/t4-4/sbs/irodori-g0-375-light.png	36867
tmp-records/cycle-316/t4-4/sbs/nakamawake-g0-1280-dark.png	/home/user/yolo-web/tmp/cycle-316/t4-4/sbs/nakamawake-g0-1280-dark.png	126700
tmp-records/cycle-316/t4-4/sbs/nakamawake-g0-1280-light.png	/home/user/yolo-web/tmp/cycle-316/t4-4/sbs/nakamawake-g0-1280-light.png	125538
tmp-records/cycle-316/t4-4/sbs/nakamawake-g0-375-dark.png	/home/user/yolo-web/tmp/cycle-316/t4-4/sbs/nakamawake-g0-375-dark.png	47298
tmp-records/cycle-316/t4-4/sbs/nakamawake-g0-375-light.png	/home/user/yolo-web/tmp/cycle-316/t4-4/sbs/nakamawake-g0-375-light.png	47299
tmp-records/cycle-316/t4-4/sbs/resultPage-g0-1280-dark.png	/home/user/yolo-web/tmp/cycle-316/t4-4/sbs/resultPage-g0-1280-dark.png	179757
tmp-records/cycle-316/t4-4/sbs/resultPage-g0-1280-light.png	/home/user/yolo-web/tmp/cycle-316/t4-4/sbs/resultPage-g0-1280-light.png	177295
tmp-records/cycle-316/t4-4/sbs/resultPage-g0-375-dark.png	/home/user/yolo-web/tmp/cycle-316/t4-4/sbs/resultPage-g0-375-dark.png	64068
tmp-records/cycle-316/t4-4/sbs/resultPage-g0-375-light.png	/home/user/yolo-web/tmp/cycle-316/t4-4/sbs/resultPage-g0-375-light.png	63380
tmp-records/cycle-316/t4-4b-3/compare.json	/home/user/yolo-web/tmp/cycle-316/t4-4b-3/compare.json	413476
tmp-records/cycle-316/t4-7/aria.mjs	/home/user/yolo-web/tmp/cycle-316/t4-7/aria.mjs	761
tmp-records/cycle-316/t4-7/build-after.log	/home/user/yolo-web/tmp/cycle-316/t4-7/build-after.log	18651
tmp-records/cycle-316/t4-7/build-before.log	/home/user/yolo-web/tmp/cycle-316/t4-7/build-before.log	18652
tmp-records/cycle-316/t4-7/cta-after-character-fortune_result_commander.png	/home/user/yolo-web/tmp/cycle-316/t4-7/cta-after-character-fortune_result_commander.png	74364
tmp-records/cycle-316/t4-7/cta-after-character-personality_result_blazing-poet.png	/home/user/yolo-web/tmp/cycle-316/t4-7/cta-after-character-personality_result_blazing-poet.png	74372
tmp-records/cycle-316/t4-7/cta-after-science-thinking_result_einstein.png	/home/user/yolo-web/tmp/cycle-316/t4-7/cta-after-science-thinking_result_einstein.png	70769
tmp-records/cycle-316/t4-7/cta-before-character-fortune_result_commander.png	/home/user/yolo-web/tmp/cycle-316/t4-7/cta-before-character-fortune_result_commander.png	56441
tmp-records/cycle-316/t4-7/cta-before-character-personality_result_blazing-poet.png	/home/user/yolo-web/tmp/cycle-316/t4-7/cta-before-character-personality_result_blazing-poet.png	65046
tmp-records/cycle-316/t4-7/cta-before-science-thinking_result_einstein.png	/home/user/yolo-web/tmp/cycle-316/t4-7/cta-before-science-thinking_result_einstein.png	62460
tmp-records/cycle-316/t4-7/cta.mjs	/home/user/yolo-web/tmp/cycle-316/t4-7/cta.mjs	823
tmp-records/cycle-316/t4-7/details-after.txt	/home/user/yolo-web/tmp/cycle-316/t4-7/details-after.txt	7583
tmp-records/cycle-316/t4-7/files.txt	/home/user/yolo-web/tmp/cycle-316/t4-7/files.txt	1392
tmp-records/cycle-316/t4-7/lint.log	/home/user/yolo-web/tmp/cycle-316/t4-7/lint.log	0
tmp-records/cycle-316/t4-7/list-routes.ts	/home/user/yolo-web/tmp/cycle-316/t4-7/list-routes.ts	383
tmp-records/cycle-316/t4-7/measure-after-dash.json	/home/user/yolo-web/tmp/cycle-316/t4-7/measure-after-dash.json	52771
tmp-records/cycle-316/t4-7/measure-after.json	/home/user/yolo-web/tmp/cycle-316/t4-7/measure-after.json	336540
tmp-records/cycle-316/t4-7/measure.mjs	/home/user/yolo-web/tmp/cycle-316/t4-7/measure.mjs	7491
tmp-records/cycle-316/t4-7/probe.mjs	/home/user/yolo-web/tmp/cycle-316/t4-7/probe.mjs	1096
tmp-records/cycle-316/t4-7/routes.json	/home/user/yolo-web/tmp/cycle-316/t4-7/routes.json	12707
tmp-records/cycle-316/t4-7/routes.txt	/home/user/yolo-web/tmp/cycle-316/t4-7/routes.txt	1693
tmp-records/cycle-316/t4-7/server-after.log	/home/user/yolo-web/tmp/cycle-316/t4-7/server-after.log	390
tmp-records/cycle-316/t4-7/server-before.log	/home/user/yolo-web/tmp/cycle-316/t4-7/server-before.log	390
tmp-records/cycle-316/t4-7/shots-after.json	/home/user/yolo-web/tmp/cycle-316/t4-7/shots-after.json	17546
tmp-records/cycle-316/t4-7/shots-after/animal-personality_result_nihon-zaru-1280-light.png	/home/user/yolo-web/tmp/cycle-316/t4-7/shots-after/animal-personality_result_nihon-zaru-1280-light.png	114311
tmp-records/cycle-316/t4-7/shots-after/animal-personality_result_nihon-zaru-375-light-full.png	/home/user/yolo-web/tmp/cycle-316/t4-7/shots-after/animal-personality_result_nihon-zaru-375-light-full.png	354033
tmp-records/cycle-316/t4-7/shots-after/animal-personality_result_nihon-zaru-375-light.png	/home/user/yolo-web/tmp/cycle-316/t4-7/shots-after/animal-personality_result_nihon-zaru-375-light.png	58067
tmp-records/cycle-316/t4-7/shots-after/character-fortune_result_commander-1280-light.png	/home/user/yolo-web/tmp/cycle-316/t4-7/shots-after/character-fortune_result_commander-1280-light.png	104491
tmp-records/cycle-316/t4-7/shots-after/character-fortune_result_commander-375-light-full.png	/home/user/yolo-web/tmp/cycle-316/t4-7/shots-after/character-fortune_result_commander-375-light-full.png	370930
tmp-records/cycle-316/t4-7/shots-after/character-fortune_result_commander-375-light.png	/home/user/yolo-web/tmp/cycle-316/t4-7/shots-after/character-fortune_result_commander-375-light.png	59156
tmp-records/cycle-316/t4-7/shots-after/character-personality_result_blazing-poet-1280-dark.png	/home/user/yolo-web/tmp/cycle-316/t4-7/shots-after/character-personality_result_blazing-poet-1280-dark.png	138466
tmp-records/cycle-316/t4-7/shots-after/character-personality_result_blazing-poet-1280-light.png	/home/user/yolo-web/tmp/cycle-316/t4-7/shots-after/character-personality_result_blazing-poet-1280-light.png	135231
tmp-records/cycle-316/t4-7/shots-after/character-personality_result_blazing-poet-375-dark.png	/home/user/yolo-web/tmp/cycle-316/t4-7/shots-after/character-personality_result_blazing-poet-375-dark.png	64934
tmp-records/cycle-316/t4-7/shots-after/character-personality_result_blazing-poet-375-light-full.png	/home/user/yolo-web/tmp/cycle-316/t4-7/shots-after/character-personality_result_blazing-poet-375-light-full.png	500161
tmp-records/cycle-316/t4-7/shots-after/character-personality_result_blazing-poet-375-light.png	/home/user/yolo-web/tmp/cycle-316/t4-7/shots-after/character-personality_result_blazing-poet-375-light.png	62734
tmp-records/cycle-316/t4-7/shots-after/contrarian-fortune_result_reverseoptimist-1280-light.png	/home/user/yolo-web/tmp/cycle-316/t4-7/shots-after/contrarian-fortune_result_reverseoptimist-1280-light.png	90757
tmp-records/cycle-316/t4-7/shots-after/contrarian-fortune_result_reverseoptimist-375-light-full.png	/home/user/yolo-web/tmp/cycle-316/t4-7/shots-after/contrarian-fortune_result_reverseoptimist-375-light-full.png	322795
tmp-records/cycle-316/t4-7/shots-after/contrarian-fortune_result_reverseoptimist-375-light.png	/home/user/yolo-web/tmp/cycle-316/t4-7/shots-after/contrarian-fortune_result_reverseoptimist-375-light.png	57757
tmp-records/cycle-316/t4-7/shots-after/impossible-advice_result_timemagician-1280-light.png	/home/user/yolo-web/tmp/cycle-316/t4-7/shots-after/impossible-advice_result_timemagician-1280-light.png	116094
tmp-records/cycle-316/t4-7/shots-after/impossible-advice_result_timemagician-375-light-full.png	/home/user/yolo-web/tmp/cycle-316/t4-7/shots-after/impossible-advice_result_timemagician-375-light-full.png	264970
tmp-records/cycle-316/t4-7/shots-after/impossible-advice_result_timemagician-375-light.png	/home/user/yolo-web/tmp/cycle-316/t4-7/shots-after/impossible-advice_result_timemagician-375-light.png	57457
tmp-records/cycle-316/t4-7/shots-after/japanese-culture_result_sado-1280-light.png	/home/user/yolo-web/tmp/cycle-316/t4-7/shots-after/japanese-culture_result_sado-1280-light.png	109522
tmp-records/cycle-316/t4-7/shots-after/japanese-culture_result_sado-375-light-full.png	/home/user/yolo-web/tmp/cycle-316/t4-7/shots-after/japanese-culture_result_sado-375-light-full.png	160191
tmp-records/cycle-316/t4-7/shots-after/japanese-culture_result_sado-375-light.png	/home/user/yolo-web/tmp/cycle-316/t4-7/shots-after/japanese-culture_result_sado-375-light.png	63841
tmp-records/cycle-316/t4-7/shots-after/kanji-level_result_master-1280-light.png	/home/user/yolo-web/tmp/cycle-316/t4-7/shots-after/kanji-level_result_master-1280-light.png	78838
tmp-records/cycle-316/t4-7/shots-after/kanji-level_result_master-375-light-full.png	/home/user/yolo-web/tmp/cycle-316/t4-7/shots-after/kanji-level_result_master-375-light-full.png	123453
tmp-records/cycle-316/t4-7/shots-after/kanji-level_result_master-375-light.png	/home/user/yolo-web/tmp/cycle-316/t4-7/shots-after/kanji-level_result_master-375-light.png	42954
tmp-records/cycle-316/t4-7/shots-after/music-personality_result_festival-pioneer-1280-light.png	/home/user/yolo-web/tmp/cycle-316/t4-7/shots-after/music-personality_result_festival-pioneer-1280-light.png	111801
tmp-records/cycle-316/t4-7/shots-after/music-personality_result_festival-pioneer-375-light-full.png	/home/user/yolo-web/tmp/cycle-316/t4-7/shots-after/music-personality_result_festival-pioneer-375-light-full.png	295149
tmp-records/cycle-316/t4-7/shots-after/music-personality_result_festival-pioneer-375-light.png	/home/user/yolo-web/tmp/cycle-316/t4-7/shots-after/music-personality_result_festival-pioneer-375-light.png	63223
tmp-records/cycle-316/t4-7/shots-after/science-thinking_result_einstein-1280-light.png	/home/user/yolo-web/tmp/cycle-316/t4-7/shots-after/science-thinking_result_einstein-1280-light.png	136206
tmp-records/cycle-316/t4-7/shots-after/science-thinking_result_einstein-375-light-full.png	/home/user/yolo-web/tmp/cycle-316/t4-7/shots-after/science-thinking_result_einstein-375-light-full.png	364697
tmp-records/cycle-316/t4-7/shots-after/science-thinking_result_einstein-375-light.png	/home/user/yolo-web/tmp/cycle-316/t4-7/shots-after/science-thinking_result_einstein-375-light.png	59133
tmp-records/cycle-316/t4-7/shots-after/traditional-color_result_ai-1280-dark.png	/home/user/yolo-web/tmp/cycle-316/t4-7/shots-after/traditional-color_result_ai-1280-dark.png	105521
tmp-records/cycle-316/t4-7/shots-after/traditional-color_result_ai-1280-light.png	/home/user/yolo-web/tmp/cycle-316/t4-7/shots-after/traditional-color_result_ai-1280-light.png	102852
tmp-records/cycle-316/t4-7/shots-after/traditional-color_result_ai-375-dark.png	/home/user/yolo-web/tmp/cycle-316/t4-7/shots-after/traditional-color_result_ai-375-dark.png	58337
tmp-records/cycle-316/t4-7/shots-after/traditional-color_result_ai-375-light-full.png	/home/user/yolo-web/tmp/cycle-316/t4-7/shots-after/traditional-color_result_ai-375-light-full.png	295792
tmp-records/cycle-316/t4-7/shots-after/traditional-color_result_ai-375-light.png	/home/user/yolo-web/tmp/cycle-316/t4-7/shots-after/traditional-color_result_ai-375-light.png	56492
tmp-records/cycle-316/t4-7/shots-after/unexpected-compatibility_result_vendingmachine-1280-light.png	/home/user/yolo-web/tmp/cycle-316/t4-7/shots-after/unexpected-compatibility_result_vendingmachine-1280-light.png	114232
tmp-records/cycle-316/t4-7/shots-after/unexpected-compatibility_result_vendingmachine-375-light-full.png	/home/user/yolo-web/tmp/cycle-316/t4-7/shots-after/unexpected-compatibility_result_vendingmachine-375-light-full.png	287234
tmp-records/cycle-316/t4-7/shots-after/unexpected-compatibility_result_vendingmachine-375-light.png	/home/user/yolo-web/tmp/cycle-316/t4-7/shots-after/unexpected-compatibility_result_vendingmachine-375-light.png	58424
tmp-records/cycle-316/t4-7/shots-after/word-sense-personality_result_poetic-sensory-1280-light.png	/home/user/yolo-web/tmp/cycle-316/t4-7/shots-after/word-sense-personality_result_poetic-sensory-1280-light.png	125077
tmp-records/cycle-316/t4-7/shots-after/word-sense-personality_result_poetic-sensory-375-light-full.png	/home/user/yolo-web/tmp/cycle-316/t4-7/shots-after/word-sense-personality_result_poetic-sensory-375-light-full.png	397110
tmp-records/cycle-316/t4-7/shots-after/word-sense-personality_result_poetic-sensory-375-light.png	/home/user/yolo-web/tmp/cycle-316/t4-7/shots-after/word-sense-personality_result_poetic-sensory-375-light.png	58095
tmp-records/cycle-316/t4-7/shots-after/yoji-personality_result_shoshikantetsu-1280-light.png	/home/user/yolo-web/tmp/cycle-316/t4-7/shots-after/yoji-personality_result_shoshikantetsu-1280-light.png	98259
tmp-records/cycle-316/t4-7/shots-after/yoji-personality_result_shoshikantetsu-375-light-full.png	/home/user/yolo-web/tmp/cycle-316/t4-7/shots-after/yoji-personality_result_shoshikantetsu-375-light-full.png	291040
tmp-records/cycle-316/t4-7/shots-after/yoji-personality_result_shoshikantetsu-375-light.png	/home/user/yolo-web/tmp/cycle-316/t4-7/shots-after/yoji-personality_result_shoshikantetsu-375-light.png	57942
tmp-records/cycle-316/t4-7/shots-before.json	/home/user/yolo-web/tmp/cycle-316/t4-7/shots-before.json	17468
tmp-records/cycle-316/t4-7/shots-before/animal-personality_result_nihon-zaru-1280-light.png	/home/user/yolo-web/tmp/cycle-316/t4-7/shots-before/animal-personality_result_nihon-zaru-1280-light.png	96752
tmp-records/cycle-316/t4-7/shots-before/animal-personality_result_nihon-zaru-375-light-full.png	/home/user/yolo-web/tmp/cycle-316/t4-7/shots-before/animal-personality_result_nihon-zaru-375-light-full.png	374649
tmp-records/cycle-316/t4-7/shots-before/animal-personality_result_nihon-zaru-375-light.png	/home/user/yolo-web/tmp/cycle-316/t4-7/shots-before/animal-personality_result_nihon-zaru-375-light.png	40550
tmp-records/cycle-316/t4-7/shots-before/character-fortune_result_commander-1280-light.png	/home/user/yolo-web/tmp/cycle-316/t4-7/shots-before/character-fortune_result_commander-1280-light.png	74505
tmp-records/cycle-316/t4-7/shots-before/character-fortune_result_commander-375-light-full.png	/home/user/yolo-web/tmp/cycle-316/t4-7/shots-before/character-fortune_result_commander-375-light-full.png	377879
tmp-records/cycle-316/t4-7/shots-before/character-fortune_result_commander-375-light.png	/home/user/yolo-web/tmp/cycle-316/t4-7/shots-before/character-fortune_result_commander-375-light.png	48751
tmp-records/cycle-316/t4-7/shots-before/character-personality_result_blazing-poet-1280-dark.png	/home/user/yolo-web/tmp/cycle-316/t4-7/shots-before/character-personality_result_blazing-poet-1280-dark.png	100520
tmp-records/cycle-316/t4-7/shots-before/character-personality_result_blazing-poet-1280-light.png	/home/user/yolo-web/tmp/cycle-316/t4-7/shots-before/character-personality_result_blazing-poet-1280-light.png	98207
tmp-records/cycle-316/t4-7/shots-before/character-personality_result_blazing-poet-375-dark.png	/home/user/yolo-web/tmp/cycle-316/t4-7/shots-before/character-personality_result_blazing-poet-375-dark.png	42553
tmp-records/cycle-316/t4-7/shots-before/character-personality_result_blazing-poet-375-light-full.png	/home/user/yolo-web/tmp/cycle-316/t4-7/shots-before/character-personality_result_blazing-poet-375-light-full.png	527485
tmp-records/cycle-316/t4-7/shots-before/character-personality_result_blazing-poet-375-light.png	/home/user/yolo-web/tmp/cycle-316/t4-7/shots-before/character-personality_result_blazing-poet-375-light.png	41564
tmp-records/cycle-316/t4-7/shots-before/contrarian-fortune_result_reverseoptimist-1280-light.png	/home/user/yolo-web/tmp/cycle-316/t4-7/shots-before/contrarian-fortune_result_reverseoptimist-1280-light.png	78695
tmp-records/cycle-316/t4-7/shots-before/contrarian-fortune_result_reverseoptimist-375-light-full.png	/home/user/yolo-web/tmp/cycle-316/t4-7/shots-before/contrarian-fortune_result_reverseoptimist-375-light-full.png	347438
tmp-records/cycle-316/t4-7/shots-before/contrarian-fortune_result_reverseoptimist-375-light.png	/home/user/yolo-web/tmp/cycle-316/t4-7/shots-before/contrarian-fortune_result_reverseoptimist-375-light.png	35668
tmp-records/cycle-316/t4-7/shots-before/impossible-advice_result_timemagician-1280-light.png	/home/user/yolo-web/tmp/cycle-316/t4-7/shots-before/impossible-advice_result_timemagician-1280-light.png	84241
tmp-records/cycle-316/t4-7/shots-before/impossible-advice_result_timemagician-375-light-full.png	/home/user/yolo-web/tmp/cycle-316/t4-7/shots-before/impossible-advice_result_timemagician-375-light-full.png	282483
tmp-records/cycle-316/t4-7/shots-before/impossible-advice_result_timemagician-375-light.png	/home/user/yolo-web/tmp/cycle-316/t4-7/shots-before/impossible-advice_result_timemagician-375-light.png	39113
tmp-records/cycle-316/t4-7/shots-before/japanese-culture_result_sado-1280-light.png	/home/user/yolo-web/tmp/cycle-316/t4-7/shots-before/japanese-culture_result_sado-1280-light.png	95611
tmp-records/cycle-316/t4-7/shots-before/japanese-culture_result_sado-375-light-full.png	/home/user/yolo-web/tmp/cycle-316/t4-7/shots-before/japanese-culture_result_sado-375-light-full.png	179688
tmp-records/cycle-316/t4-7/shots-before/japanese-culture_result_sado-375-light.png	/home/user/yolo-web/tmp/cycle-316/t4-7/shots-before/japanese-culture_result_sado-375-light.png	44436
tmp-records/cycle-316/t4-7/shots-before/kanji-level_result_master-1280-light.png	/home/user/yolo-web/tmp/cycle-316/t4-7/shots-before/kanji-level_result_master-1280-light.png	71119
tmp-records/cycle-316/t4-7/shots-before/kanji-level_result_master-375-light-full.png	/home/user/yolo-web/tmp/cycle-316/t4-7/shots-before/kanji-level_result_master-375-light-full.png	127622
tmp-records/cycle-316/t4-7/shots-before/kanji-level_result_master-375-light.png	/home/user/yolo-web/tmp/cycle-316/t4-7/shots-before/kanji-level_result_master-375-light.png	46169
tmp-records/cycle-316/t4-7/shots-before/music-personality_result_festival-pioneer-1280-light.png	/home/user/yolo-web/tmp/cycle-316/t4-7/shots-before/music-personality_result_festival-pioneer-1280-light.png	81906
tmp-records/cycle-316/t4-7/shots-before/music-personality_result_festival-pioneer-375-light-full.png	/home/user/yolo-web/tmp/cycle-316/t4-7/shots-before/music-personality_result_festival-pioneer-375-light-full.png	314837
tmp-records/cycle-316/t4-7/shots-before/music-personality_result_festival-pioneer-375-light.png	/home/user/yolo-web/tmp/cycle-316/t4-7/shots-before/music-personality_result_festival-pioneer-375-light.png	34498
tmp-records/cycle-316/t4-7/shots-before/science-thinking_result_einstein-1280-light.png	/home/user/yolo-web/tmp/cycle-316/t4-7/shots-before/science-thinking_result_einstein-1280-light.png	81581
tmp-records/cycle-316/t4-7/shots-before/science-thinking_result_einstein-375-light-full.png	/home/user/yolo-web/tmp/cycle-316/t4-7/shots-before/science-thinking_result_einstein-375-light-full.png	373300
tmp-records/cycle-316/t4-7/shots-before/science-thinking_result_einstein-375-light.png	/home/user/yolo-web/tmp/cycle-316/t4-7/shots-before/science-thinking_result_einstein-375-light.png	45122
tmp-records/cycle-316/t4-7/shots-before/traditional-color_result_ai-1280-dark.png	/home/user/yolo-web/tmp/cycle-316/t4-7/shots-before/traditional-color_result_ai-1280-dark.png	77472
tmp-records/cycle-316/t4-7/shots-before/traditional-color_result_ai-1280-light.png	/home/user/yolo-web/tmp/cycle-316/t4-7/shots-before/traditional-color_result_ai-1280-light.png	75753
tmp-records/cycle-316/t4-7/shots-before/traditional-color_result_ai-375-dark.png	/home/user/yolo-web/tmp/cycle-316/t4-7/shots-before/traditional-color_result_ai-375-dark.png	40201
tmp-records/cycle-316/t4-7/shots-before/traditional-color_result_ai-375-light-full.png	/home/user/yolo-web/tmp/cycle-316/t4-7/shots-before/traditional-color_result_ai-375-light-full.png	319079
tmp-records/cycle-316/t4-7/shots-before/traditional-color_result_ai-375-light.png	/home/user/yolo-web/tmp/cycle-316/t4-7/shots-before/traditional-color_result_ai-375-light.png	39298
tmp-records/cycle-316/t4-7/shots-before/unexpected-compatibility_result_vendingmachine-1280-light.png	/home/user/yolo-web/tmp/cycle-316/t4-7/shots-before/unexpected-compatibility_result_vendingmachine-1280-light.png	84585
tmp-records/cycle-316/t4-7/shots-before/unexpected-compatibility_result_vendingmachine-375-light-full.png	/home/user/yolo-web/tmp/cycle-316/t4-7/shots-before/unexpected-compatibility_result_vendingmachine-375-light-full.png	302074
tmp-records/cycle-316/t4-7/shots-before/unexpected-compatibility_result_vendingmachine-375-light.png	/home/user/yolo-web/tmp/cycle-316/t4-7/shots-before/unexpected-compatibility_result_vendingmachine-375-light.png	40081
tmp-records/cycle-316/t4-7/shots-before/word-sense-personality_result_poetic-sensory-1280-light.png	/home/user/yolo-web/tmp/cycle-316/t4-7/shots-before/word-sense-personality_result_poetic-sensory-1280-light.png	83238
tmp-records/cycle-316/t4-7/shots-before/word-sense-personality_result_poetic-sensory-375-light-full.png	/home/user/yolo-web/tmp/cycle-316/t4-7/shots-before/word-sense-personality_result_poetic-sensory-375-light-full.png	400972
tmp-records/cycle-316/t4-7/shots-before/word-sense-personality_result_poetic-sensory-375-light.png	/home/user/yolo-web/tmp/cycle-316/t4-7/shots-before/word-sense-personality_result_poetic-sensory-375-light.png	39302
tmp-records/cycle-316/t4-7/shots-before/yoji-personality_result_shoshikantetsu-1280-light.png	/home/user/yolo-web/tmp/cycle-316/t4-7/shots-before/yoji-personality_result_shoshikantetsu-1280-light.png	75610
tmp-records/cycle-316/t4-7/shots-before/yoji-personality_result_shoshikantetsu-375-light-full.png	/home/user/yolo-web/tmp/cycle-316/t4-7/shots-before/yoji-personality_result_shoshikantetsu-375-light-full.png	309039
tmp-records/cycle-316/t4-7/shots-before/yoji-personality_result_shoshikantetsu-375-light.png	/home/user/yolo-web/tmp/cycle-316/t4-7/shots-before/yoji-personality_result_shoshikantetsu-375-light.png	42427
tmp-records/cycle-316/t4-7/shots.mjs	/home/user/yolo-web/tmp/cycle-316/t4-7/shots.mjs	4111
tmp-records/cycle-316/t4-7/summary-after-dash.txt	/home/user/yolo-web/tmp/cycle-316/t4-7/summary-after-dash.txt	2761
tmp-records/cycle-316/t4-7/summary-after.txt	/home/user/yolo-web/tmp/cycle-316/t4-7/summary-after.txt	2803
tmp-records/cycle-316/t4-7/test.log	/home/user/yolo-web/tmp/cycle-316/t4-7/test.log	531
tmp-records/cycle-316/t4-7/tsc.log	/home/user/yolo-web/tmp/cycle-316/t4-7/tsc.log	0
tmp-records/cycle-316/t4-8/after-kasa-1280x800-dark-full.png	/home/user/yolo-web/tmp/cycle-316/t4-8/after-kasa-1280x800-dark-full.png	171054
tmp-records/cycle-316/t4-8/after-kasa-1280x800-dark.png	/home/user/yolo-web/tmp/cycle-316/t4-8/after-kasa-1280x800-dark.png	96722
tmp-records/cycle-316/t4-8/after-kasa-1280x800-light-full.png	/home/user/yolo-web/tmp/cycle-316/t4-8/after-kasa-1280x800-light-full.png	166723
tmp-records/cycle-316/t4-8/after-kasa-1280x800-light.png	/home/user/yolo-web/tmp/cycle-316/t4-8/after-kasa-1280x800-light.png	94284
tmp-records/cycle-316/t4-8/after-kasa-320x667-dark-full.png	/home/user/yolo-web/tmp/cycle-316/t4-8/after-kasa-320x667-dark-full.png	140400
tmp-records/cycle-316/t4-8/after-kasa-320x667-dark.png	/home/user/yolo-web/tmp/cycle-316/t4-8/after-kasa-320x667-dark.png	48283
tmp-records/cycle-316/t4-8/after-kasa-320x667-light-full.png	/home/user/yolo-web/tmp/cycle-316/t4-8/after-kasa-320x667-light-full.png	135887
tmp-records/cycle-316/t4-8/after-kasa-320x667-light.png	/home/user/yolo-web/tmp/cycle-316/t4-8/after-kasa-320x667-light.png	46682
tmp-records/cycle-316/t4-8/after-kasa-375x667-dark-full.png	/home/user/yolo-web/tmp/cycle-316/t4-8/after-kasa-375x667-dark-full.png	141802
tmp-records/cycle-316/t4-8/after-kasa-375x667-dark.png	/home/user/yolo-web/tmp/cycle-316/t4-8/after-kasa-375x667-dark.png	64652
tmp-records/cycle-316/t4-8/after-kasa-375x667-light-full.png	/home/user/yolo-web/tmp/cycle-316/t4-8/after-kasa-375x667-light-full.png	137279
tmp-records/cycle-316/t4-8/after-kasa-375x667-light.png	/home/user/yolo-web/tmp/cycle-316/t4-8/after-kasa-375x667-light.png	62539
tmp-records/cycle-316/t4-8/after-megane-1280x800-dark-full.png	/home/user/yolo-web/tmp/cycle-316/t4-8/after-megane-1280x800-dark-full.png	161547
tmp-records/cycle-316/t4-8/after-megane-1280x800-dark.png	/home/user/yolo-web/tmp/cycle-316/t4-8/after-megane-1280x800-dark.png	87555
tmp-records/cycle-316/t4-8/after-megane-1280x800-light-full.png	/home/user/yolo-web/tmp/cycle-316/t4-8/after-megane-1280x800-light-full.png	157686
tmp-records/cycle-316/t4-8/after-megane-1280x800-light.png	/home/user/yolo-web/tmp/cycle-316/t4-8/after-megane-1280x800-light.png	85483
tmp-records/cycle-316/t4-8/after-megane-320x667-200pct.png	/home/user/yolo-web/tmp/cycle-316/t4-8/after-megane-320x667-200pct.png	36693
tmp-records/cycle-316/t4-8/after-megane-320x667-dark-full.png	/home/user/yolo-web/tmp/cycle-316/t4-8/after-megane-320x667-dark-full.png	130407
tmp-records/cycle-316/t4-8/after-megane-320x667-dark.png	/home/user/yolo-web/tmp/cycle-316/t4-8/after-megane-320x667-dark.png	44448
tmp-records/cycle-316/t4-8/after-megane-320x667-light-full.png	/home/user/yolo-web/tmp/cycle-316/t4-8/after-megane-320x667-light-full.png	126098
tmp-records/cycle-316/t4-8/after-megane-320x667-light.png	/home/user/yolo-web/tmp/cycle-316/t4-8/after-megane-320x667-light.png	42879
tmp-records/cycle-316/t4-8/after-megane-375x667-200pct.png	/home/user/yolo-web/tmp/cycle-316/t4-8/after-megane-375x667-200pct.png	37987
tmp-records/cycle-316/t4-8/after-megane-375x667-dark-full.png	/home/user/yolo-web/tmp/cycle-316/t4-8/after-megane-375x667-dark-full.png	130259
tmp-records/cycle-316/t4-8/after-megane-375x667-dark.png	/home/user/yolo-web/tmp/cycle-316/t4-8/after-megane-375x667-dark.png	58613
tmp-records/cycle-316/t4-8/after-megane-375x667-light-full.png	/home/user/yolo-web/tmp/cycle-316/t4-8/after-megane-375x667-light-full.png	126038
tmp-records/cycle-316/t4-8/after-megane-375x667-light.png	/home/user/yolo-web/tmp/cycle-316/t4-8/after-megane-375x667-light.png	56532
tmp-records/cycle-316/t4-8/after-shots.json	/home/user/yolo-web/tmp/cycle-316/t4-8/after-shots.json	11276
tmp-records/cycle-316/t4-8/before-kasa-1280x800-dark-full.png	/home/user/yolo-web/tmp/cycle-316/t4-8/before-kasa-1280x800-dark-full.png	155503
tmp-records/cycle-316/t4-8/before-kasa-1280x800-dark.png	/home/user/yolo-web/tmp/cycle-316/t4-8/before-kasa-1280x800-dark.png	63043
tmp-records/cycle-316/t4-8/before-kasa-1280x800-light-full.png	/home/user/yolo-web/tmp/cycle-316/t4-8/before-kasa-1280x800-light-full.png	151320
tmp-records/cycle-316/t4-8/before-kasa-1280x800-light.png	/home/user/yolo-web/tmp/cycle-316/t4-8/before-kasa-1280x800-light.png	61450
tmp-records/cycle-316/t4-8/before-kasa-320x667-dark-full.png	/home/user/yolo-web/tmp/cycle-316/t4-8/before-kasa-320x667-dark-full.png	137242
tmp-records/cycle-316/t4-8/before-kasa-320x667-dark.png	/home/user/yolo-web/tmp/cycle-316/t4-8/before-kasa-320x667-dark.png	28300
tmp-records/cycle-316/t4-8/before-kasa-320x667-light-full.png	/home/user/yolo-web/tmp/cycle-316/t4-8/before-kasa-320x667-light-full.png	133422
tmp-records/cycle-316/t4-8/before-kasa-320x667-light.png	/home/user/yolo-web/tmp/cycle-316/t4-8/before-kasa-320x667-light.png	27684
tmp-records/cycle-316/t4-8/before-kasa-375x667-dark-full.png	/home/user/yolo-web/tmp/cycle-316/t4-8/before-kasa-375x667-dark-full.png	139378
tmp-records/cycle-316/t4-8/before-kasa-375x667-dark.png	/home/user/yolo-web/tmp/cycle-316/t4-8/before-kasa-375x667-dark.png	36824
tmp-records/cycle-316/t4-8/before-kasa-375x667-light-full.png	/home/user/yolo-web/tmp/cycle-316/t4-8/before-kasa-375x667-light-full.png	135421
tmp-records/cycle-316/t4-8/before-kasa-375x667-light.png	/home/user/yolo-web/tmp/cycle-316/t4-8/before-kasa-375x667-light.png	36104
tmp-records/cycle-316/t4-8/before-megane-1280x800-dark-full.png	/home/user/yolo-web/tmp/cycle-316/t4-8/before-megane-1280x800-dark-full.png	144310
tmp-records/cycle-316/t4-8/before-megane-1280x800-dark.png	/home/user/yolo-web/tmp/cycle-316/t4-8/before-megane-1280x800-dark.png	51645
tmp-records/cycle-316/t4-8/before-megane-1280x800-light-full.png	/home/user/yolo-web/tmp/cycle-316/t4-8/before-megane-1280x800-light-full.png	140511
tmp-records/cycle-316/t4-8/before-megane-1280x800-light.png	/home/user/yolo-web/tmp/cycle-316/t4-8/before-megane-1280x800-light.png	50453
tmp-records/cycle-316/t4-8/before-megane-320x667-200pct.png	/home/user/yolo-web/tmp/cycle-316/t4-8/before-megane-320x667-200pct.png	31182
tmp-records/cycle-316/t4-8/before-megane-320x667-dark-full.png	/home/user/yolo-web/tmp/cycle-316/t4-8/before-megane-320x667-dark-full.png	127333
tmp-records/cycle-316/t4-8/before-megane-320x667-dark.png	/home/user/yolo-web/tmp/cycle-316/t4-8/before-megane-320x667-dark.png	27534
tmp-records/cycle-316/t4-8/before-megane-320x667-light-full.png	/home/user/yolo-web/tmp/cycle-316/t4-8/before-megane-320x667-light-full.png	123624
tmp-records/cycle-316/t4-8/before-megane-320x667-light.png	/home/user/yolo-web/tmp/cycle-316/t4-8/before-megane-320x667-light.png	26872
tmp-records/cycle-316/t4-8/before-megane-375x667-200pct.png	/home/user/yolo-web/tmp/cycle-316/t4-8/before-megane-375x667-200pct.png	40070
tmp-records/cycle-316/t4-8/before-megane-375x667-dark-full.png	/home/user/yolo-web/tmp/cycle-316/t4-8/before-megane-375x667-dark-full.png	128515
tmp-records/cycle-316/t4-8/before-megane-375x667-dark.png	/home/user/yolo-web/tmp/cycle-316/t4-8/before-megane-375x667-dark.png	30692
tmp-records/cycle-316/t4-8/before-megane-375x667-light-full.png	/home/user/yolo-web/tmp/cycle-316/t4-8/before-megane-375x667-light-full.png	124731
tmp-records/cycle-316/t4-8/before-megane-375x667-light.png	/home/user/yolo-web/tmp/cycle-316/t4-8/before-megane-375x667-light.png	29941
tmp-records/cycle-316/t4-8/before-shots.json	/home/user/yolo-web/tmp/cycle-316/t4-8/before-shots.json	7520
tmp-records/cycle-316/t4-8/measure-summary.txt	/home/user/yolo-web/tmp/cycle-316/t4-8/measure-summary.txt	3437
tmp-records/cycle-316/t4-8/measure-table.txt	/home/user/yolo-web/tmp/cycle-316/t4-8/measure-table.txt	1734
tmp-records/cycle-316/t4-8/measure.json	/home/user/yolo-web/tmp/cycle-316/t4-8/measure.json	196844
tmp-records/cycle-316/t4-8/measure.mjs	/home/user/yolo-web/tmp/cycle-316/t4-8/measure.mjs	6891
tmp-records/cycle-316/t4-8/seeds.json	/home/user/yolo-web/tmp/cycle-316/t4-8/seeds.json	6166
tmp-records/cycle-316/t4-8/seeds.ts	/home/user/yolo-web/tmp/cycle-316/t4-8/seeds.ts	782
tmp-records/cycle-316/t4-8/shots.mjs	/home/user/yolo-web/tmp/cycle-316/t4-8/shots.mjs	4123
tmp-records/cycle-316/t4-8/zoom.mjs	/home/user/yolo-web/tmp/cycle-316/t4-8/zoom.mjs	1484
tmp-records/cycle-316/t5-21/about-1280-dark-200.png	/home/user/yolo-web/tmp/cycle-316/t5-21/about-1280-dark-200.png	716158
tmp-records/cycle-316/t5-21/about-1280-dark-default.png	/home/user/yolo-web/tmp/cycle-316/t5-21/about-1280-dark-default.png	362140
tmp-records/cycle-316/t5-21/about-1280-light-200.png	/home/user/yolo-web/tmp/cycle-316/t5-21/about-1280-light-200.png	700976
tmp-records/cycle-316/t5-21/about-1280-light-default.png	/home/user/yolo-web/tmp/cycle-316/t5-21/about-1280-light-default.png	349458
tmp-records/cycle-316/t5-21/about-320-dark-200.png	/home/user/yolo-web/tmp/cycle-316/t5-21/about-320-dark-200.png	770545
tmp-records/cycle-316/t5-21/about-320-dark-default.png	/home/user/yolo-web/tmp/cycle-316/t5-21/about-320-dark-default.png	318174
tmp-records/cycle-316/t5-21/about-320-light-200.png	/home/user/yolo-web/tmp/cycle-316/t5-21/about-320-light-200.png	749111
tmp-records/cycle-316/t5-21/about-320-light-default.png	/home/user/yolo-web/tmp/cycle-316/t5-21/about-320-light-default.png	306168
tmp-records/cycle-316/t5-21/about-375-dark-200.png	/home/user/yolo-web/tmp/cycle-316/t5-21/about-375-dark-200.png	756709
tmp-records/cycle-316/t5-21/about-375-dark-default.png	/home/user/yolo-web/tmp/cycle-316/t5-21/about-375-dark-default.png	321468
tmp-records/cycle-316/t5-21/about-375-light-200.png	/home/user/yolo-web/tmp/cycle-316/t5-21/about-375-light-200.png	736930
tmp-records/cycle-316/t5-21/about-375-light-default.png	/home/user/yolo-web/tmp/cycle-316/t5-21/about-375-light-default.png	309325
tmp-records/cycle-316/t5-21/privacy-1280-dark-200.png	/home/user/yolo-web/tmp/cycle-316/t5-21/privacy-1280-dark-200.png	1052037
tmp-records/cycle-316/t5-21/privacy-1280-dark-default.png	/home/user/yolo-web/tmp/cycle-316/t5-21/privacy-1280-dark-default.png	560064
tmp-records/cycle-316/t5-21/privacy-1280-light-200.png	/home/user/yolo-web/tmp/cycle-316/t5-21/privacy-1280-light-200.png	1030589
tmp-records/cycle-316/t5-21/privacy-1280-light-default.png	/home/user/yolo-web/tmp/cycle-316/t5-21/privacy-1280-light-default.png	543458
tmp-records/cycle-316/t5-21/privacy-320-dark-200.png	/home/user/yolo-web/tmp/cycle-316/t5-21/privacy-320-dark-200.png	1113821
tmp-records/cycle-316/t5-21/privacy-320-dark-default.png	/home/user/yolo-web/tmp/cycle-316/t5-21/privacy-320-dark-default.png	468346
tmp-records/cycle-316/t5-21/privacy-320-light-200.png	/home/user/yolo-web/tmp/cycle-316/t5-21/privacy-320-light-200.png	1085269
tmp-records/cycle-316/t5-21/privacy-320-light-default.png	/home/user/yolo-web/tmp/cycle-316/t5-21/privacy-320-light-default.png	451919
tmp-records/cycle-316/t5-21/privacy-375-dark-200.png	/home/user/yolo-web/tmp/cycle-316/t5-21/privacy-375-dark-200.png	1098655
tmp-records/cycle-316/t5-21/privacy-375-dark-default.png	/home/user/yolo-web/tmp/cycle-316/t5-21/privacy-375-dark-default.png	478068
tmp-records/cycle-316/t5-21/privacy-375-light-200.png	/home/user/yolo-web/tmp/cycle-316/t5-21/privacy-375-light-200.png	1072133
tmp-records/cycle-316/t5-21/privacy-375-light-default-h3-ad-crop.png	/home/user/yolo-web/tmp/cycle-316/t5-21/privacy-375-light-default-h3-ad-crop.png	49262
tmp-records/cycle-316/t5-21/privacy-375-light-default-h3-crop.png	/home/user/yolo-web/tmp/cycle-316/t5-21/privacy-375-light-default-h3-crop.png	43705
tmp-records/cycle-316/t5-21/privacy-375-light-default.png	/home/user/yolo-web/tmp/cycle-316/t5-21/privacy-375-light-default.png	460721
tmp-records/cycle-316/t5-21/tiles/about-1280-dark-200-t0.png	/home/user/yolo-web/tmp/cycle-316/t5-21/tiles/about-1280-dark-200-t0.png	496185
tmp-records/cycle-316/t5-21/tiles/about-1280-dark-200-t1.png	/home/user/yolo-web/tmp/cycle-316/t5-21/tiles/about-1280-dark-200-t1.png	138912
tmp-records/cycle-316/t5-21/tiles/about-1280-dark-default-t0.png	/home/user/yolo-web/tmp/cycle-316/t5-21/tiles/about-1280-dark-default-t0.png	379536
tmp-records/cycle-316/t5-21/tiles/about-1280-light-200-t0.png	/home/user/yolo-web/tmp/cycle-316/t5-21/tiles/about-1280-light-200-t0.png	491756
tmp-records/cycle-316/t5-21/tiles/about-1280-light-200-t1.png	/home/user/yolo-web/tmp/cycle-316/t5-21/tiles/about-1280-light-200-t1.png	137753
tmp-records/cycle-316/t5-21/tiles/about-1280-light-default-t0.png	/home/user/yolo-web/tmp/cycle-316/t5-21/tiles/about-1280-light-default-t0.png	374185
tmp-records/cycle-316/t5-21/tiles/about-320-dark-200-t0.png	/home/user/yolo-web/tmp/cycle-316/t5-21/tiles/about-320-dark-200-t0.png	437985
tmp-records/cycle-316/t5-21/tiles/about-320-dark-200-t1.png	/home/user/yolo-web/tmp/cycle-316/t5-21/tiles/about-320-dark-200-t1.png	215065
tmp-records/cycle-316/t5-21/tiles/about-320-dark-default-t0.png	/home/user/yolo-web/tmp/cycle-316/t5-21/tiles/about-320-dark-default-t0.png	284839
tmp-records/cycle-316/t5-21/tiles/about-320-light-200-t0.png	/home/user/yolo-web/tmp/cycle-316/t5-21/tiles/about-320-light-200-t0.png	433456
tmp-records/cycle-316/t5-21/tiles/about-320-light-200-t1.png	/home/user/yolo-web/tmp/cycle-316/t5-21/tiles/about-320-light-200-t1.png	213179
tmp-records/cycle-316/t5-21/tiles/about-320-light-default-t0.png	/home/user/yolo-web/tmp/cycle-316/t5-21/tiles/about-320-light-default-t0.png	280036
tmp-records/cycle-316/t5-21/tiles/about-375-dark-200-t0.png	/home/user/yolo-web/tmp/cycle-316/t5-21/tiles/about-375-dark-200-t0.png	547650
tmp-records/cycle-316/t5-21/tiles/about-375-dark-200-t1.png	/home/user/yolo-web/tmp/cycle-316/t5-21/tiles/about-375-dark-200-t1.png	109664
tmp-records/cycle-316/t5-21/tiles/about-375-dark-default-t0.png	/home/user/yolo-web/tmp/cycle-316/t5-21/tiles/about-375-dark-default-t0.png	293617
tmp-records/cycle-316/t5-21/tiles/about-375-light-200-t0.png	/home/user/yolo-web/tmp/cycle-316/t5-21/tiles/about-375-light-200-t0.png	542373
tmp-records/cycle-316/t5-21/tiles/about-375-light-200-t1.png	/home/user/yolo-web/tmp/cycle-316/t5-21/tiles/about-375-light-200-t1.png	108336
tmp-records/cycle-316/t5-21/tiles/about-375-light-default-t0.png	/home/user/yolo-web/tmp/cycle-316/t5-21/tiles/about-375-light-default-t0.png	288281
tmp-records/cycle-316/t5-21/tiles/privacy-1280-dark-200-t0.png	/home/user/yolo-web/tmp/cycle-316/t5-21/tiles/privacy-1280-dark-200-t0.png	443213
tmp-records/cycle-316/t5-21/tiles/privacy-1280-dark-200-t1.png	/home/user/yolo-web/tmp/cycle-316/t5-21/tiles/privacy-1280-dark-200-t1.png	481271
tmp-records/cycle-316/t5-21/tiles/privacy-1280-dark-default-t0.png	/home/user/yolo-web/tmp/cycle-316/t5-21/tiles/privacy-1280-dark-default-t0.png	409651
tmp-records/cycle-316/t5-21/tiles/privacy-1280-dark-default-t1.png	/home/user/yolo-web/tmp/cycle-316/t5-21/tiles/privacy-1280-dark-default-t1.png	159362
tmp-records/cycle-316/t5-21/tiles/privacy-1280-light-200-t0.png	/home/user/yolo-web/tmp/cycle-316/t5-21/tiles/privacy-1280-light-200-t0.png	439643
tmp-records/cycle-316/t5-21/tiles/privacy-1280-light-200-t1.png	/home/user/yolo-web/tmp/cycle-316/t5-21/tiles/privacy-1280-light-200-t1.png	476450
tmp-records/cycle-316/t5-21/tiles/privacy-1280-light-default-t0.png	/home/user/yolo-web/tmp/cycle-316/t5-21/tiles/privacy-1280-light-default-t0.png	404238
tmp-records/cycle-316/t5-21/tiles/privacy-1280-light-default-t1.png	/home/user/yolo-web/tmp/cycle-316/t5-21/tiles/privacy-1280-light-default-t1.png	157494
tmp-records/cycle-316/t5-21/tiles/privacy-320-dark-200-t0.png	/home/user/yolo-web/tmp/cycle-316/t5-21/tiles/privacy-320-dark-200-t0.png	441815
tmp-records/cycle-316/t5-21/tiles/privacy-320-dark-200-t1.png	/home/user/yolo-web/tmp/cycle-316/t5-21/tiles/privacy-320-dark-200-t1.png	446104
tmp-records/cycle-316/t5-21/tiles/privacy-320-dark-200-t2.png	/home/user/yolo-web/tmp/cycle-316/t5-21/tiles/privacy-320-dark-200-t2.png	57628
tmp-records/cycle-316/t5-21/tiles/privacy-320-dark-default-t0.png	/home/user/yolo-web/tmp/cycle-316/t5-21/tiles/privacy-320-dark-default-t0.png	412884
tmp-records/cycle-316/t5-21/tiles/privacy-320-light-200-t0.png	/home/user/yolo-web/tmp/cycle-316/t5-21/tiles/privacy-320-light-200-t0.png	437953
tmp-records/cycle-316/t5-21/tiles/privacy-320-light-200-t1.png	/home/user/yolo-web/tmp/cycle-316/t5-21/tiles/privacy-320-light-200-t1.png	442071
tmp-records/cycle-316/t5-21/tiles/privacy-320-light-200-t2.png	/home/user/yolo-web/tmp/cycle-316/t5-21/tiles/privacy-320-light-200-t2.png	57262
tmp-records/cycle-316/t5-21/tiles/privacy-320-light-default-t0.png	/home/user/yolo-web/tmp/cycle-316/t5-21/tiles/privacy-320-light-default-t0.png	405477
tmp-records/cycle-316/t5-21/tiles/privacy-375-dark-200-t0.png	/home/user/yolo-web/tmp/cycle-316/t5-21/tiles/privacy-375-dark-200-t0.png	524779
tmp-records/cycle-316/t5-21/tiles/privacy-375-dark-200-t1.png	/home/user/yolo-web/tmp/cycle-316/t5-21/tiles/privacy-375-dark-200-t1.png	418975
tmp-records/cycle-316/t5-21/tiles/privacy-375-dark-default-t0.png	/home/user/yolo-web/tmp/cycle-316/t5-21/tiles/privacy-375-dark-default-t0.png	419516
tmp-records/cycle-316/t5-21/tiles/privacy-375-light-200-t0.png	/home/user/yolo-web/tmp/cycle-316/t5-21/tiles/privacy-375-light-200-t0.png	520219
tmp-records/cycle-316/t5-21/tiles/privacy-375-light-200-t1.png	/home/user/yolo-web/tmp/cycle-316/t5-21/tiles/privacy-375-light-200-t1.png	414598
tmp-records/cycle-316/t5-21/tiles/privacy-375-light-default-t0.png	/home/user/yolo-web/tmp/cycle-316/t5-21/tiles/privacy-375-light-default-t0.png	413021
tmp-records/design-t528.patch	/home/user/yolo-web/tmp/design-t528.patch	2599
tmp-records/fav-check.mjs	/home/user/yolo-web/tmp/fav-check.mjs	1520
tmp-records/plex/package/LICENSE.txt	/home/user/yolo-web/tmp/plex/package/LICENSE.txt	4456
tmp-records/plex/package/README.md	/home/user/yolo-web/tmp/plex/package/README.md	5908
tmp-records/plex/package/css/ibm-plex-sans-all.css	/home/user/yolo-web/tmp/plex/package/css/ibm-plex-sans-all.css	44758
tmp-records/plex/package/css/ibm-plex-sans-all.min.css	/home/user/yolo-web/tmp/plex/package/css/ibm-plex-sans-all.min.css	40583
tmp-records/plex/package/css/ibm-plex-sans-default.css	/home/user/yolo-web/tmp/plex/package/css/ibm-plex-sans-default.css	8166
tmp-records/plex/package/css/ibm-plex-sans-default.min.css	/home/user/yolo-web/tmp/plex/package/css/ibm-plex-sans-default.min.css	7384
tmp-records/plex/package/fonts/complete/woff/IBMPlexSans-Bold.woff	/home/user/yolo-web/tmp/plex/package/fonts/complete/woff/IBMPlexSans-Bold.woff	87076
tmp-records/plex/package/fonts/complete/woff/IBMPlexSans-Regular.woff	/home/user/yolo-web/tmp/plex/package/fonts/complete/woff/IBMPlexSans-Regular.woff	87508
tmp-records/plex/package/fonts/complete/woff/license.txt	/home/user/yolo-web/tmp/plex/package/fonts/complete/woff/license.txt	4360
tmp-records/plex/package/fonts/complete/woff2/license.txt	/home/user/yolo-web/tmp/plex/package/fonts/complete/woff2/license.txt	4360
tmp-records/plex/package/fonts/split/woff2/IBMPlexSans-Bold.css	/home/user/yolo-web/tmp/plex/package/fonts/split/woff2/IBMPlexSans-Bold.css	2514
tmp-records/plex/package/fonts/split/woff2/IBMPlexSans-BoldItalic.css	/home/user/yolo-web/tmp/plex/package/fonts/split/woff2/IBMPlexSans-BoldItalic.css	2628
tmp-records/plex/package/fonts/split/woff2/IBMPlexSans-ExtraLight.css	/home/user/yolo-web/tmp/plex/package/fonts/split/woff2/IBMPlexSans-ExtraLight.css	2562
tmp-records/plex/package/fonts/split/woff2/IBMPlexSans-ExtraLightItalic.css	/home/user/yolo-web/tmp/plex/package/fonts/split/woff2/IBMPlexSans-ExtraLightItalic.css	2676
tmp-records/plex/package/fonts/split/woff2/IBMPlexSans-Italic.css	/home/user/yolo-web/tmp/plex/package/fonts/split/woff2/IBMPlexSans-Italic.css	2550
tmp-records/plex/package/fonts/split/woff2/IBMPlexSans-Light.css	/home/user/yolo-web/tmp/plex/package/fonts/split/woff2/IBMPlexSans-Light.css	2532
tmp-records/plex/package/fonts/split/woff2/IBMPlexSans-LightItalic.css	/home/user/yolo-web/tmp/plex/package/fonts/split/woff2/IBMPlexSans-LightItalic.css	2646
tmp-records/plex/package/fonts/split/woff2/IBMPlexSans-Medium.css	/home/user/yolo-web/tmp/plex/package/fonts/split/woff2/IBMPlexSans-Medium.css	2526
tmp-records/plex/package/fonts/split/woff2/IBMPlexSans-MediumItalic.css	/home/user/yolo-web/tmp/plex/package/fonts/split/woff2/IBMPlexSans-MediumItalic.css	2640
tmp-records/plex/package/fonts/split/woff2/IBMPlexSans-Regular.css	/home/user/yolo-web/tmp/plex/package/fonts/split/woff2/IBMPlexSans-Regular.css	2472
tmp-records/plex/package/fonts/split/woff2/IBMPlexSans-SemiBold.css	/home/user/yolo-web/tmp/plex/package/fonts/split/woff2/IBMPlexSans-SemiBold.css	2550
tmp-records/plex/package/fonts/split/woff2/IBMPlexSans-SemiBoldItalic.css	/home/user/yolo-web/tmp/plex/package/fonts/split/woff2/IBMPlexSans-SemiBoldItalic.css	2664
tmp-records/plex/package/fonts/split/woff2/IBMPlexSans-Text.css	/home/user/yolo-web/tmp/plex/package/fonts/split/woff2/IBMPlexSans-Text.css	2514
tmp-records/plex/package/fonts/split/woff2/IBMPlexSans-TextItalic.css	/home/user/yolo-web/tmp/plex/package/fonts/split/woff2/IBMPlexSans-TextItalic.css	2628
tmp-records/plex/package/fonts/split/woff2/IBMPlexSans-Thin.css	/home/user/yolo-web/tmp/plex/package/fonts/split/woff2/IBMPlexSans-Thin.css	2514
tmp-records/plex/package/fonts/split/woff2/IBMPlexSans-ThinItalic.css	/home/user/yolo-web/tmp/plex/package/fonts/split/woff2/IBMPlexSans-ThinItalic.css	2628
tmp-records/plex/package/fonts/split/woff2/license.txt	/home/user/yolo-web/tmp/plex/package/fonts/split/woff2/license.txt	4360
tmp-records/plex/package/package.json	/home/user/yolo-web/tmp/plex/package/package.json	731
tmp-records/plex/package/telemetry.yml	/home/user/yolo-web/tmp/plex/package/telemetry.yml	264
tmp-records/review-t1-final-2/alt.mjs	/home/user/yolo-web/tmp/review-t1-final-2/alt.mjs	1294
tmp-records/review-t1-final-2/cmp.mjs	/home/user/yolo-web/tmp/review-t1-final-2/cmp.mjs	1336
tmp-records/review-t1-final-2/crop.mjs	/home/user/yolo-web/tmp/review-t1-final-2/crop.mjs	301
tmp-records/review-t1-final-2/flow.mjs	/home/user/yolo-web/tmp/review-t1-final-2/flow.mjs	2363
tmp-records/review-t1-final-2/focus.mjs	/home/user/yolo-web/tmp/review-t1-final-2/focus.mjs	1187
tmp-records/review-t1-final-2/hdr.mjs	/home/user/yolo-web/tmp/review-t1-final-2/hdr.mjs	1328
tmp-records/review-t1-final-2/play.mjs	/home/user/yolo-web/tmp/review-t1-final-2/play.mjs	2416
tmp-records/review-t1-final-2/pre.mjs	/home/user/yolo-web/tmp/review-t1-final-2/pre.mjs	1068
tmp-records/review-t1-final-2/probe-zoom.json	/home/user/yolo-web/tmp/review-t1-final-2/probe-zoom.json	53814
tmp-records/review-t1-final-2/probe.json	/home/user/yolo-web/tmp/review-t1-final-2/probe.json	51032
tmp-records/review-t1-final-2/probe.mjs	/home/user/yolo-web/tmp/review-t1-final-2/probe.mjs	4565
tmp-records/review-t1-final-2/results.json	/home/user/yolo-web/tmp/review-t1-final-2/results.json	86295
tmp-records/review-t1-final-2/run.mjs	/home/user/yolo-web/tmp/review-t1-final-2/run.mjs	4089
tmp-records/review-t1-final-2/skip.mjs	/home/user/yolo-web/tmp/review-t1-final-2/skip.mjs	1758
tmp-records/review-t1-final/bytes.mjs	/home/user/yolo-web/tmp/review-t1-final/bytes.mjs	812
tmp-records/review-t1-final/dbg.mjs	/home/user/yolo-web/tmp/review-t1-final/dbg.mjs	1163
tmp-records/review-t1-final/dbg2.mjs	/home/user/yolo-web/tmp/review-t1-final/dbg2.mjs	696
tmp-records/review-t1-final/fv.mjs	/home/user/yolo-web/tmp/review-t1-final/fv.mjs	577
tmp-records/review-t1-final/play.mjs	/home/user/yolo-web/tmp/review-t1-final/play.mjs	2393
tmp-records/review-t1-final/results.json	/home/user/yolo-web/tmp/review-t1-final/results.json	53867
tmp-records/review-t1-final/run.mjs	/home/user/yolo-web/tmp/review-t1-final/run.mjs	5253
tmp-records/review-t1-final/zoom.mjs	/home/user/yolo-web/tmp/review-t1-final/zoom.mjs	2287
tmp-records/review-t1-final/zoom2.mjs	/home/user/yolo-web/tmp/review-t1-final/zoom2.mjs	797
tmp-records/review-t2-final/audit-375.txt	/home/user/yolo-web/tmp/review-t2-final/audit-375.txt	54463
tmp-records/review-t2-final/audit.mjs	/home/user/yolo-web/tmp/review-t2-final/audit.mjs	2656
tmp-records/review-t2-final/checks.log	/home/user/yolo-web/tmp/review-t2-final/checks.log	677
tmp-records/review-t2-final/cp-a.png	/home/user/yolo-web/tmp/review-t2-final/cp-a.png	247083
tmp-records/review-t2-final/cp-light-375-0start.png	/home/user/yolo-web/tmp/review-t2-final/cp-light-375-0start.png	70904
tmp-records/review-t2-final/cp-light-375-1q1.png	/home/user/yolo-web/tmp/review-t2-final/cp-light-375-1q1.png	81686
tmp-records/review-t2-final/cp-light-375-2hover.png	/home/user/yolo-web/tmp/review-t2-final/cp-light-375-2hover.png	85785
tmp-records/review-t2-final/cp-light-375-3answered.png	/home/user/yolo-web/tmp/review-t2-final/cp-light-375-3answered.png	85573
tmp-records/review-t2-final/cp-light-375-9result-full.png	/home/user/yolo-web/tmp/review-t2-final/cp-light-375-9result-full.png	573640
tmp-records/review-t2-final/cp-light-375-9result.png	/home/user/yolo-web/tmp/review-t2-final/cp-light-375-9result.png	49884
tmp-records/review-t2-final/date-focus.png	/home/user/yolo-web/tmp/review-t2-final/date-focus.png	33092
tmp-records/review-t2-final/date-picker-focus.png	/home/user/yolo-web/tmp/review-t2-final/date-picker-focus.png	1853
tmp-records/review-t2-final/date-seq.png	/home/user/yolo-web/tmp/review-t2-final/date-seq.png	32851
tmp-records/review-t2-final/dt.mjs	/home/user/yolo-web/tmp/review-t2-final/dt.mjs	489
tmp-records/review-t2-final/dt2.mjs	/home/user/yolo-web/tmp/review-t2-final/dt2.mjs	382
tmp-records/review-t2-final/dt3.mjs	/home/user/yolo-web/tmp/review-t2-final/dt3.mjs	366
tmp-records/review-t2-final/fs.mjs	/home/user/yolo-web/tmp/review-t2-final/fs.mjs	713
tmp-records/review-t2-final/hero-all.png	/home/user/yolo-web/tmp/review-t2-final/hero-all.png	51363
tmp-records/review-t2-final/hero-dark-focus.png	/home/user/yolo-web/tmp/review-t2-final/hero-dark-focus.png	7003
tmp-records/review-t2-final/hero-dark-hover.png	/home/user/yolo-web/tmp/review-t2-final/hero-dark-hover.png	7003
tmp-records/review-t2-final/hero-dark-rest.png	/home/user/yolo-web/tmp/review-t2-final/hero-dark-rest.png	6914
tmp-records/review-t2-final/hero-light-focus.png	/home/user/yolo-web/tmp/review-t2-final/hero-light-focus.png	7025
tmp-records/review-t2-final/hero-light-hover.png	/home/user/yolo-web/tmp/review-t2-final/hero-light-hover.png	7022
tmp-records/review-t2-final/hero-light-rest.png	/home/user/yolo-web/tmp/review-t2-final/hero-light-rest.png	6939
tmp-records/review-t2-final/hover-1280-dark.txt	/home/user/yolo-web/tmp/review-t2-final/hover-1280-dark.txt	3193
tmp-records/review-t2-final/hover.mjs	/home/user/yolo-web/tmp/review-t2-final/hover.mjs	1673
tmp-records/review-t2-final/inv.mjs	/home/user/yolo-web/tmp/review-t2-final/inv.mjs	1117
tmp-records/review-t2-final/kk-375.png	/home/user/yolo-web/tmp/review-t2-final/kk-375.png	83236
tmp-records/review-t2-final/kk-err-375.png	/home/user/yolo-web/tmp/review-t2-final/kk-err-375.png	32743
tmp-records/review-t2-final/kk-err2-375.png	/home/user/yolo-web/tmp/review-t2-final/kk-err2-375.png	38467
tmp-records/review-t2-final/kk.mjs	/home/user/yolo-web/tmp/review-t2-final/kk.mjs	551
tmp-records/review-t2-final/kk2.mjs	/home/user/yolo-web/tmp/review-t2-final/kk2.mjs	811
tmp-records/review-t2-final/kl-a.png	/home/user/yolo-web/tmp/review-t2-final/kl-a.png	104605
tmp-records/review-t2-final/kl-dark-320-0start.png	/home/user/yolo-web/tmp/review-t2-final/kl-dark-320-0start.png	54484
tmp-records/review-t2-final/kl-dark-320-1q1.png	/home/user/yolo-web/tmp/review-t2-final/kl-dark-320-1q1.png	45373
tmp-records/review-t2-final/kl-dark-320-2hover.png	/home/user/yolo-web/tmp/review-t2-final/kl-dark-320-2hover.png	44603
tmp-records/review-t2-final/kl-dark-320-3answered.png	/home/user/yolo-web/tmp/review-t2-final/kl-dark-320-3answered.png	51427
tmp-records/review-t2-final/kl-dark-320-3b-next.png	/home/user/yolo-web/tmp/review-t2-final/kl-dark-320-3b-next.png	52684
tmp-records/review-t2-final/kl-dark-320-9result-full.png	/home/user/yolo-web/tmp/review-t2-final/kl-dark-320-9result-full.png	189138
tmp-records/review-t2-final/kl-dark-320-9result.png	/home/user/yolo-web/tmp/review-t2-final/kl-dark-320-9result.png	48105
tmp-records/review-t2-final/nk-dis-375.png	/home/user/yolo-web/tmp/review-t2-final/nk-dis-375.png	47500
tmp-records/review-t2-final/nk-full-dark.png	/home/user/yolo-web/tmp/review-t2-final/nk-full-dark.png	43661
tmp-records/review-t2-final/nk-full-light.png	/home/user/yolo-web/tmp/review-t2-final/nk-full-light.png	42805
tmp-records/review-t2-final/nk-grid-dark.png	/home/user/yolo-web/tmp/review-t2-final/nk-grid-dark.png	3418
tmp-records/review-t2-final/nk-grid-light.png	/home/user/yolo-web/tmp/review-t2-final/nk-grid-light.png	3503
tmp-records/review-t2-final/nk-hover-dark.png	/home/user/yolo-web/tmp/review-t2-final/nk-hover-dark.png	3390
tmp-records/review-t2-final/nk-hover-light.png	/home/user/yolo-web/tmp/review-t2-final/nk-hover-light.png	6750
tmp-records/review-t2-final/nk.mjs	/home/user/yolo-web/tmp/review-t2-final/nk.mjs	778
tmp-records/review-t2-final/nk2.mjs	/home/user/yolo-web/tmp/review-t2-final/nk2.mjs	870
tmp-records/review-t2-final/nk3.mjs	/home/user/yolo-web/tmp/review-t2-final/nk3.mjs	433
tmp-records/review-t2-final/p1280D_.png	/home/user/yolo-web/tmp/review-t2-final/p1280D_.png	92487
tmp-records/review-t2-final/p1280D_blog_personality-quiz-tie-enumeration.png	/home/user/yolo-web/tmp/review-t2-final/p1280D_blog_personality-quiz-tie-enumeration.png	133265
tmp-records/review-t2-final/p1280D_dictionary_yoji__E4_B8_80_E6_9C_9F_E4_B8_80_E4_BC_9A.png	/home/user/yolo-web/tmp/review-t2-final/p1280D_dictionary_yoji__E4_B8_80_E6_9C_9F_E4_B8_80_E4_BC_9A.png	53525
tmp-records/review-t2-final/p1280D_storybook.png	/home/user/yolo-web/tmp/review-t2-final/p1280D_storybook.png	80232
tmp-records/review-t2-final/p1280D_tools_date-calculator.png	/home/user/yolo-web/tmp/review-t2-final/p1280D_tools_date-calculator.png	45191
tmp-records/review-t2-final/p1280D_tools_image-resizer.png	/home/user/yolo-web/tmp/review-t2-final/p1280D_tools_image-resizer.png	84800
tmp-records/review-t2-final/p1280D_tools_keigo-reference.png	/home/user/yolo-web/tmp/review-t2-final/p1280D_tools_keigo-reference.png	72650
tmp-records/review-t2-final/p1280D_tools_password-generator.png	/home/user/yolo-web/tmp/review-t2-final/p1280D_tools_password-generator.png	43154
tmp-records/review-t2-final/p1280D_tools_unit-converter.png	/home/user/yolo-web/tmp/review-t2-final/p1280D_tools_unit-converter.png	54477
tmp-records/review-t2-final/p320L_.png	/home/user/yolo-web/tmp/review-t2-final/p320L_.png	49965
tmp-records/review-t2-final/p320L_blog_personality-quiz-tie-enumeration.png	/home/user/yolo-web/tmp/review-t2-final/p320L_blog_personality-quiz-tie-enumeration.png	48907
tmp-records/review-t2-final/p320L_dictionary_yoji__E4_B8_80_E6_9C_9F_E4_B8_80_E4_BC_9A.png	/home/user/yolo-web/tmp/review-t2-final/p320L_dictionary_yoji__E4_B8_80_E6_9C_9F_E4_B8_80_E4_BC_9A.png	40888
tmp-records/review-t2-final/p320L_storybook.png	/home/user/yolo-web/tmp/review-t2-final/p320L_storybook.png	44222
tmp-records/review-t2-final/p320L_tools_date-calculator.png	/home/user/yolo-web/tmp/review-t2-final/p320L_tools_date-calculator.png	29676
tmp-records/review-t2-final/p320L_tools_image-resizer.png	/home/user/yolo-web/tmp/review-t2-final/p320L_tools_image-resizer.png	41438
tmp-records/review-t2-final/p320L_tools_keigo-reference.png	/home/user/yolo-web/tmp/review-t2-final/p320L_tools_keigo-reference.png	38982
tmp-records/review-t2-final/p320L_tools_password-generator.png	/home/user/yolo-web/tmp/review-t2-final/p320L_tools_password-generator.png	33411
tmp-records/review-t2-final/p320L_tools_unit-converter.png	/home/user/yolo-web/tmp/review-t2-final/p320L_tools_unit-converter.png	29750
tmp-records/review-t2-final/quiz.mjs	/home/user/yolo-web/tmp/review-t2-final/quiz.mjs	2038
tmp-records/review-t2-final/rules.mjs	/home/user/yolo-web/tmp/review-t2-final/rules.mjs	652
tmp-records/review-t2-final/sb-input-focus.png	/home/user/yolo-web/tmp/review-t2-final/sb-input-focus.png	39391
tmp-records/review-t2-final/sb-x.png	/home/user/yolo-web/tmp/review-t2-final/sb-x.png	52784
tmp-records/review-t2-final/sbin.mjs	/home/user/yolo-web/tmp/review-t2-final/sbin.mjs	479
tmp-records/review-t2-final/server.log	/home/user/yolo-web/tmp/review-t2-final/server.log	451
tmp-records/review-t2-final/shot.mjs	/home/user/yolo-web/tmp/review-t2-final/shot.mjs	728
tmp-records/review-t2-final/stack.mjs	/home/user/yolo-web/tmp/review-t2-final/stack.mjs	745
tmp-records/review-t2-final/tab.mjs	/home/user/yolo-web/tmp/review-t2-final/tab.mjs	1632
tmp-records/review-t2-final/test.log	/home/user/yolo-web/tmp/review-t2-final/test.log	455
tmp-records/review-t2-final/toc.mjs	/home/user/yolo-web/tmp/review-t2-final/toc.mjs	249
tmp-records/review-t2-final/urls.txt	/home/user/yolo-web/tmp/review-t2-final/urls.txt	18697
tmp-records/review-t2-final/x.png	/home/user/yolo-web/tmp/review-t2-final/x.png	32778
tmp-records/review-t2-replace/bloglist-375.png	/home/user/yolo-web/tmp/review-t2-replace/bloglist-375.png	136602
tmp-records/review-t2-replace/fdz-err-image-base64.png	/home/user/yolo-web/tmp/review-t2-replace/fdz-err-image-base64.png	21290
tmp-records/review-t2-replace/hover-base64-375.png	/home/user/yolo-web/tmp/review-t2-replace/hover-base64-375.png	5324
tmp-records/review-t2-replace/image-resizer-320-light.png	/home/user/yolo-web/tmp/review-t2-replace/image-resizer-320-light.png	19987
tmp-records/review-t2-replace/kbd-yoji-375.png	/home/user/yolo-web/tmp/review-t2-replace/kbd-yoji-375.png	15267
tmp-records/review-t2-replace/keigo-reference-1280-dark.png	/home/user/yolo-web/tmp/review-t2-replace/keigo-reference-1280-dark.png	33342
tmp-records/review-t2-replace/line-break-remover-320-light.png	/home/user/yolo-web/tmp/review-t2-replace/line-break-remover-320-light.png	18309
tmp-records/review-t2-replace/p-cp-375-light.png	/home/user/yolo-web/tmp/review-t2-replace/p-cp-375-light.png	81225
tmp-records/review-t2-replace/regex-focus-375.png	/home/user/yolo-web/tmp/review-t2-replace/regex-focus-375.png	6679
tmp-records/review-t2-replace/result-next-375.png	/home/user/yolo-web/tmp/review-t2-replace/result-next-375.png	15921
tmp-records/review-t2-replace/sb-acc-375.png	/home/user/yolo-web/tmp/review-t2-replace/sb-acc-375.png	50088
tmp-records/review-t2-replace/sb-cr-320.png	/home/user/yolo-web/tmp/review-t2-replace/sb-cr-320.png	70656
tmp-records/review-t2-replace/sb-rg-320-light.png	/home/user/yolo-web/tmp/review-t2-replace/sb-rg-320-light.png	36510
tmp-records/review-t2-replace/select-hover-375.png	/home/user/yolo-web/tmp/review-t2-replace/select-hover-375.png	10547
tmp-records/review-t2-replace/select-hover-mid-375.png	/home/user/yolo-web/tmp/review-t2-replace/select-hover-mid-375.png	10566
tmp-records/review-t2-replace/unix-timestamp-1280-light.png	/home/user/yolo-web/tmp/review-t2-replace/unix-timestamp-1280-light.png	18008
tmp-records/review-t2-replace/url-encode-1280-light.png	/home/user/yolo-web/tmp/review-t2-replace/url-encode-1280-light.png	16817
tmp-records/review-t2-replace/yoji-search-320-dark.png	/home/user/yolo-web/tmp/review-t2-replace/yoji-search-320-dark.png	37482
tmp-records/rv-t520f-2/blog.ts	/home/user/yolo-web/tmp/rv-t520f-2/blog.ts	183
tmp-records/rv-t520f-2/dict.ts	/home/user/yolo-web/tmp/rv-t520f-2/dict.ts	191
tmp-records/rv-t520f-2/gen.ts	/home/user/yolo-web/tmp/rv-t520f-2/gen.ts	1037
tmp-records/rv-t520f-2/lists.ts	/home/user/yolo-web/tmp/rv-t520f-2/lists.ts	1402
tmp-records/rv-t520f-2/map.txt	/home/user/yolo-web/tmp/rv-t520f-2/map.txt	4084
tmp-records/rv-t520f-2/q.out.json	/home/user/yolo-web/tmp/rv-t520f-2/q.out.json	3244
tmp-records/rv-t520f-2/q.sql	/home/user/yolo-web/tmp/rv-t520f-2/q.sql	6395
tmp-records/rv-t520f-2/rl.ts	/home/user/yolo-web/tmp/rv-t520f-2/rl.ts	968
tmp-records/rv-t520f-2/share.sql	/home/user/yolo-web/tmp/rv-t520f-2/share.sql	737
tmp-records/rv-t520f-2/types.ts	/home/user/yolo-web/tmp/rv-t520f-2/types.ts	223
tmp-records/rv-t520f-3/dc.ts	/home/user/yolo-web/tmp/rv-t520f-3/dc.ts	228
tmp-records/rv-t520f-3/dict.ts	/home/user/yolo-web/tmp/rv-t520f-3/dict.ts	678
tmp-records/rv-t520f-3/kq.sql	/home/user/yolo-web/tmp/rv-t520f-3/kq.sql	788
tmp-records/rv-t520f-3/reslinks.ts	/home/user/yolo-web/tmp/rv-t520f-3/reslinks.ts	316
tmp-records/rv-t520f-3/rl3.ts	/home/user/yolo-web/tmp/rv-t520f-3/rl3.ts	1969
tmp-records/rv-t520f-3/yp.sql	/home/user/yolo-web/tmp/rv-t520f-3/yp.sql	751
tmp-records/rv-t520f/check.ts	/home/user/yolo-web/tmp/rv-t520f/check.ts	992
tmp-records/rv-t520f/q1.sql	/home/user/yolo-web/tmp/rv-t520f/q1.sql	1965
tmp-records/rv-t520f/q2.sql	/home/user/yolo-web/tmp/rv-t520f/q2.sql	2603
tmp-records/rv-t520f/q3.sql	/home/user/yolo-web/tmp/rv-t520f/q3.sql	556
tmp-records/scratchpad/inl.mjs	/tmp/claude-0/-home-user-yolo-web/7ec6fd95-5319-581a-b78e-9e5ca394946c/scratchpad/inl.mjs	1815
tmp-records/scratchpad/inp-cc-big.png	/tmp/claude-0/-home-user-yolo-web/7ec6fd95-5319-581a-b78e-9e5ca394946c/scratchpad/inp-cc-big.png	56063
tmp-records/scratchpad/inp.mjs	/tmp/claude-0/-home-user-yolo-web/7ec6fd95-5319-581a-b78e-9e5ca394946c/scratchpad/inp.mjs	1507
tmp-records/scratchpad/inp2.mjs	/tmp/claude-0/-home-user-yolo-web/7ec6fd95-5319-581a-b78e-9e5ca394946c/scratchpad/inp2.mjs	818
tmp-records/scratchpad/lh.py	/tmp/claude-0/-home-user-yolo-web/7ec6fd95-5319-581a-b78e-9e5ca394946c/scratchpad/lh.py	991
tmp-records/scratchpad/proxyMix.mjs	/tmp/claude-0/-home-user-yolo-web/7ec6fd95-5319-581a-b78e-9e5ca394946c/scratchpad/proxyMix.mjs	7090
tmp-records/scratchpad/q1page-fast.png	/tmp/claude-0/-home-user-yolo-web/7ec6fd95-5319-581a-b78e-9e5ca394946c/scratchpad/q1page-fast.png	190385
tmp-records/scratchpad/qmix.mjs	/tmp/claude-0/-home-user-yolo-web/7ec6fd95-5319-581a-b78e-9e5ca394946c/scratchpad/qmix.mjs	1987
tmp-records/scratchpad/r6/page.html	/tmp/claude-0/-home-user-yolo-web/7ec6fd95-5319-581a-b78e-9e5ca394946c/scratchpad/r6/page.html	1634
tmp-records/scratchpad/r6/q1.mjs	/tmp/claude-0/-home-user-yolo-web/7ec6fd95-5319-581a-b78e-9e5ca394946c/scratchpad/r6/q1.mjs	1204
tmp-records/scratchpad/r6/run.mjs	/tmp/claude-0/-home-user-yolo-web/7ec6fd95-5319-581a-b78e-9e5ca394946c/scratchpad/r6/run.mjs	2371
tmp-records/scratchpad/r6/sweep.mjs	/tmp/claude-0/-home-user-yolo-web/7ec6fd95-5319-581a-b78e-9e5ca394946c/scratchpad/r6/sweep.mjs	1829
tmp-records/scratchpad/r6/t2.mjs	/tmp/claude-0/-home-user-yolo-web/7ec6fd95-5319-581a-b78e-9e5ca394946c/scratchpad/r6/t2.mjs	2330
tmp-records/scratchpad/r6/w.mjs	/tmp/claude-0/-home-user-yolo-web/7ec6fd95-5319-581a-b78e-9e5ca394946c/scratchpad/r6/w.mjs	974
tmp-records/scratchpad/rev-t5a2/dbg.cjs	/tmp/claude-0/-home-user-yolo-web/7ec6fd95-5319-581a-b78e-9e5ca394946c/scratchpad/rev-t5a2/dbg.cjs	1133
tmp-records/scratchpad/rev-t5a2/dev.log	/tmp/claude-0/-home-user-yolo-web/7ec6fd95-5319-581a-b78e-9e5ca394946c/scratchpad/rev-t5a2/dev.log	21280
tmp-records/scratchpad/rev-t5a2/dev2.log	/tmp/claude-0/-home-user-yolo-web/7ec6fd95-5319-581a-b78e-9e5ca394946c/scratchpad/rev-t5a2/dev2.log	3282
tmp-records/scratchpad/rev-t5a2/fonts.cjs	/tmp/claude-0/-home-user-yolo-web/7ec6fd95-5319-581a-b78e-9e5ca394946c/scratchpad/rev-t5a2/fonts.cjs	1419
tmp-records/scratchpad/rev-t5a2/lines.cjs	/tmp/claude-0/-home-user-yolo-web/7ec6fd95-5319-581a-b78e-9e5ca394946c/scratchpad/rev-t5a2/lines.cjs	2618
tmp-records/scratchpad/rev-t5a2/phrases.json	/tmp/claude-0/-home-user-yolo-web/7ec6fd95-5319-581a-b78e-9e5ca394946c/scratchpad/rev-t5a2/phrases.json	100417
tmp-records/scratchpad/rev-t5a2/q1-1280x800-dark.png	/tmp/claude-0/-home-user-yolo-web/7ec6fd95-5319-581a-b78e-9e5ca394946c/scratchpad/rev-t5a2/q1-1280x800-dark.png	110284
tmp-records/scratchpad/rev-t5a2/q1-1280x800-light.png	/tmp/claude-0/-home-user-yolo-web/7ec6fd95-5319-581a-b78e-9e5ca394946c/scratchpad/rev-t5a2/q1-1280x800-light.png	107839
tmp-records/scratchpad/rev-t5a2/q1-320x550-dark.png	/tmp/claude-0/-home-user-yolo-web/7ec6fd95-5319-581a-b78e-9e5ca394946c/scratchpad/rev-t5a2/q1-320x550-dark.png	49160
tmp-records/scratchpad/rev-t5a2/q1-320x550-light.png	/tmp/claude-0/-home-user-yolo-web/7ec6fd95-5319-581a-b78e-9e5ca394946c/scratchpad/rev-t5a2/q1-320x550-light.png	48009
tmp-records/scratchpad/rev-t5a2/q1-360x740-dark.png	/tmp/claude-0/-home-user-yolo-web/7ec6fd95-5319-581a-b78e-9e5ca394946c/scratchpad/rev-t5a2/q1-360x740-dark.png	64484
tmp-records/scratchpad/rev-t5a2/q1-360x740-light.png	/tmp/claude-0/-home-user-yolo-web/7ec6fd95-5319-581a-b78e-9e5ca394946c/scratchpad/rev-t5a2/q1-360x740-light.png	63027
tmp-records/scratchpad/rev-t5a2/scan-1790682016419.json	/tmp/claude-0/-home-user-yolo-web/7ec6fd95-5319-581a-b78e-9e5ca394946c/scratchpad/rev-t5a2/scan-1790682016419.json	5586
tmp-records/scratchpad/rev-t5a2/scan-1790682165285.json	/tmp/claude-0/-home-user-yolo-web/7ec6fd95-5319-581a-b78e-9e5ca394946c/scratchpad/rev-t5a2/scan-1790682165285.json	66587
tmp-records/scratchpad/rev-t5a2/scan-1790682243672.json	/tmp/claude-0/-home-user-yolo-web/7ec6fd95-5319-581a-b78e-9e5ca394946c/scratchpad/rev-t5a2/scan-1790682243672.json	15715
tmp-records/scratchpad/rev-t5a2/scan-1790682269099.json	/tmp/claude-0/-home-user-yolo-web/7ec6fd95-5319-581a-b78e-9e5ca394946c/scratchpad/rev-t5a2/scan-1790682269099.json	15728
tmp-records/scratchpad/rev-t5a2/scan-1790682290450.json	/tmp/claude-0/-home-user-yolo-web/7ec6fd95-5319-581a-b78e-9e5ca394946c/scratchpad/rev-t5a2/scan-1790682290450.json	5589
tmp-records/scratchpad/rev-t5a2/scan-1790682314271.json	/tmp/claude-0/-home-user-yolo-web/7ec6fd95-5319-581a-b78e-9e5ca394946c/scratchpad/rev-t5a2/scan-1790682314271.json	2717
tmp-records/scratchpad/rev-t5a2/scan-1790682409785.json	/tmp/claude-0/-home-user-yolo-web/7ec6fd95-5319-581a-b78e-9e5ca394946c/scratchpad/rev-t5a2/scan-1790682409785.json	14483
tmp-records/scratchpad/rev-t5a2/scan-before.cjs	/tmp/claude-0/-home-user-yolo-web/7ec6fd95-5319-581a-b78e-9e5ca394946c/scratchpad/rev-t5a2/scan-before.cjs	5700
tmp-records/scratchpad/rev-t5a2/scan.cjs	/tmp/claude-0/-home-user-yolo-web/7ec6fd95-5319-581a-b78e-9e5ca394946c/scratchpad/rev-t5a2/scan.cjs	5877
tmp-records/scratchpad/rev-t5a2/scan2.cjs	/tmp/claude-0/-home-user-yolo-web/7ec6fd95-5319-581a-b78e-9e5ca394946c/scratchpad/rev-t5a2/scan2.cjs	7745
tmp-records/scratchpad/rev-t5a2/shot.cjs	/tmp/claude-0/-home-user-yolo-web/7ec6fd95-5319-581a-b78e-9e5ca394946c/scratchpad/rev-t5a2/shot.cjs	1393
tmp-records/scratchpad/rv-t53c-1/out/dark-game-1280.png	/tmp/claude-0/-home-user-yolo-web/7ec6fd95-5319-581a-b78e-9e5ca394946c/scratchpad/rv-t53c-1/out/dark-game-1280.png	77093
tmp-records/scratchpad/rv-t53c-1/out/dark-quiz-375.png	/tmp/claude-0/-home-user-yolo-web/7ec6fd95-5319-581a-b78e-9e5ca394946c/scratchpad/rv-t53c-1/out/dark-quiz-375.png	82502
tmp-records/scratchpad/rv-t53c-1/out/dark-tool-375.png	/tmp/claude-0/-home-user-yolo-web/7ec6fd95-5319-581a-b78e-9e5ca394946c/scratchpad/rv-t53c-1/out/dark-tool-375.png	82806
tmp-records/scratchpad/rv-t53c-1/out/dict-colors-toki-1280-100.png	/tmp/claude-0/-home-user-yolo-web/7ec6fd95-5319-581a-b78e-9e5ca394946c/scratchpad/rv-t53c-1/out/dict-colors-toki-1280-100.png	63829
tmp-records/scratchpad/rv-t53c-1/out/dict-colors-toki-320-100.png	/tmp/claude-0/-home-user-yolo-web/7ec6fd95-5319-581a-b78e-9e5ca394946c/scratchpad/rv-t53c-1/out/dict-colors-toki-320-100.png	34518
tmp-records/scratchpad/rv-t53c-1/out/dict-colors-toki-320-200.png	/tmp/claude-0/-home-user-yolo-web/7ec6fd95-5319-581a-b78e-9e5ca394946c/scratchpad/rv-t53c-1/out/dict-colors-toki-320-200.png	31569
tmp-records/scratchpad/rv-t53c-1/out/dict-colors-toki-375-100.png	/tmp/claude-0/-home-user-yolo-web/7ec6fd95-5319-581a-b78e-9e5ca394946c/scratchpad/rv-t53c-1/out/dict-colors-toki-375-100.png	38375
tmp-records/scratchpad/rv-t53c-1/out/dict-kanji-hidari-1280-100.png	/tmp/claude-0/-home-user-yolo-web/7ec6fd95-5319-581a-b78e-9e5ca394946c/scratchpad/rv-t53c-1/out/dict-kanji-hidari-1280-100.png	67241
tmp-records/scratchpad/rv-t53c-1/out/dict-kanji-hidari-320-100.png	/tmp/claude-0/-home-user-yolo-web/7ec6fd95-5319-581a-b78e-9e5ca394946c/scratchpad/rv-t53c-1/out/dict-kanji-hidari-320-100.png	38756
tmp-records/scratchpad/rv-t53c-1/out/dict-kanji-hidari-320-200.png	/tmp/claude-0/-home-user-yolo-web/7ec6fd95-5319-581a-b78e-9e5ca394946c/scratchpad/rv-t53c-1/out/dict-kanji-hidari-320-200.png	41275
tmp-records/scratchpad/rv-t53c-1/out/dict-kanji-hidari-375-100.png	/tmp/claude-0/-home-user-yolo-web/7ec6fd95-5319-581a-b78e-9e5ca394946c/scratchpad/rv-t53c-1/out/dict-kanji-hidari-375-100.png	43778
tmp-records/scratchpad/rv-t53c-1/out/game-irodori-1280-100.png	/tmp/claude-0/-home-user-yolo-web/7ec6fd95-5319-581a-b78e-9e5ca394946c/scratchpad/rv-t53c-1/out/game-irodori-1280-100.png	66297
tmp-records/scratchpad/rv-t53c-1/out/game-irodori-320-100.png	/tmp/claude-0/-home-user-yolo-web/7ec6fd95-5319-581a-b78e-9e5ca394946c/scratchpad/rv-t53c-1/out/game-irodori-320-100.png	40942
tmp-records/scratchpad/rv-t53c-1/out/game-irodori-320-200.png	/tmp/claude-0/-home-user-yolo-web/7ec6fd95-5319-581a-b78e-9e5ca394946c/scratchpad/rv-t53c-1/out/game-irodori-320-200.png	44110
tmp-records/scratchpad/rv-t53c-1/out/game-irodori-375-100.png	/tmp/claude-0/-home-user-yolo-web/7ec6fd95-5319-581a-b78e-9e5ca394946c/scratchpad/rv-t53c-1/out/game-irodori-375-100.png	44768
tmp-records/scratchpad/rv-t53c-1/out/game-kanji-kanaru-1280-100.png	/tmp/claude-0/-home-user-yolo-web/7ec6fd95-5319-581a-b78e-9e5ca394946c/scratchpad/rv-t53c-1/out/game-kanji-kanaru-1280-100.png	73399
tmp-records/scratchpad/rv-t53c-1/out/game-kanji-kanaru-320-100.png	/tmp/claude-0/-home-user-yolo-web/7ec6fd95-5319-581a-b78e-9e5ca394946c/scratchpad/rv-t53c-1/out/game-kanji-kanaru-320-100.png	51053
tmp-records/scratchpad/rv-t53c-1/out/game-kanji-kanaru-320-200.png	/tmp/claude-0/-home-user-yolo-web/7ec6fd95-5319-581a-b78e-9e5ca394946c/scratchpad/rv-t53c-1/out/game-kanji-kanaru-320-200.png	50983
tmp-records/scratchpad/rv-t53c-1/out/game-kanji-kanaru-375-100.png	/tmp/claude-0/-home-user-yolo-web/7ec6fd95-5319-581a-b78e-9e5ca394946c/scratchpad/rv-t53c-1/out/game-kanji-kanaru-375-100.png	53147
tmp-records/scratchpad/rv-t53c-1/out/m.json	/tmp/claude-0/-home-user-yolo-web/7ec6fd95-5319-581a-b78e-9e5ca394946c/scratchpad/rv-t53c-1/out/m.json	303621
tmp-records/scratchpad/rv-t53c-1/out/quiz-music-personality-1280-100.png	/tmp/claude-0/-home-user-yolo-web/7ec6fd95-5319-581a-b78e-9e5ca394946c/scratchpad/rv-t53c-1/out/quiz-music-personality-1280-100.png	76042
tmp-records/scratchpad/rv-t53c-1/out/quiz-music-personality-320-100.png	/tmp/claude-0/-home-user-yolo-web/7ec6fd95-5319-581a-b78e-9e5ca394946c/scratchpad/rv-t53c-1/out/quiz-music-personality-320-100.png	60110
tmp-records/scratchpad/rv-t53c-1/out/quiz-music-personality-320-200.png	/tmp/claude-0/-home-user-yolo-web/7ec6fd95-5319-581a-b78e-9e5ca394946c/scratchpad/rv-t53c-1/out/quiz-music-personality-320-200.png	47086
tmp-records/scratchpad/rv-t53c-1/out/quiz-music-personality-375-100.png	/tmp/claude-0/-home-user-yolo-web/7ec6fd95-5319-581a-b78e-9e5ca394946c/scratchpad/rv-t53c-1/out/quiz-music-personality-375-100.png	64204
tmp-records/scratchpad/rv-t53c-1/out/tool-age-calculator-1280-100.png	/tmp/claude-0/-home-user-yolo-web/7ec6fd95-5319-581a-b78e-9e5ca394946c/scratchpad/rv-t53c-1/out/tool-age-calculator-1280-100.png	95178
tmp-records/scratchpad/rv-t53c-1/out/tool-age-calculator-320-100.png	/tmp/claude-0/-home-user-yolo-web/7ec6fd95-5319-581a-b78e-9e5ca394946c/scratchpad/rv-t53c-1/out/tool-age-calculator-320-100.png	59349
tmp-records/scratchpad/rv-t53c-1/out/tool-age-calculator-320-200.png	/tmp/claude-0/-home-user-yolo-web/7ec6fd95-5319-581a-b78e-9e5ca394946c/scratchpad/rv-t53c-1/out/tool-age-calculator-320-200.png	48264
tmp-records/scratchpad/rv-t53c-1/out/tool-age-calculator-375-100.png	/tmp/claude-0/-home-user-yolo-web/7ec6fd95-5319-581a-b78e-9e5ca394946c/scratchpad/rv-t53c-1/out/tool-age-calculator-375-100.png	65475
tmp-records/scratchpad/rv-t53c-1/out/tool-byte-counter-1280-100.png	/tmp/claude-0/-home-user-yolo-web/7ec6fd95-5319-581a-b78e-9e5ca394946c/scratchpad/rv-t53c-1/out/tool-byte-counter-1280-100.png	98246
tmp-records/scratchpad/rv-t53c-1/out/tool-byte-counter-320-100.png	/tmp/claude-0/-home-user-yolo-web/7ec6fd95-5319-581a-b78e-9e5ca394946c/scratchpad/rv-t53c-1/out/tool-byte-counter-320-100.png	58451
tmp-records/scratchpad/rv-t53c-1/out/tool-byte-counter-320-200.png	/tmp/claude-0/-home-user-yolo-web/7ec6fd95-5319-581a-b78e-9e5ca394946c/scratchpad/rv-t53c-1/out/tool-byte-counter-320-200.png	49751
tmp-records/scratchpad/rv-t53c-1/out/tool-byte-counter-375-100.png	/tmp/claude-0/-home-user-yolo-web/7ec6fd95-5319-581a-b78e-9e5ca394946c/scratchpad/rv-t53c-1/out/tool-byte-counter-375-100.png	63229
tmp-records/scratchpad/rv-t53c-2/out/_dictionary_colors_toki-1280-100.png	/tmp/claude-0/-home-user-yolo-web/7ec6fd95-5319-581a-b78e-9e5ca394946c/scratchpad/rv-t53c-2/out/_dictionary_colors_toki-1280-100.png	41415
tmp-records/scratchpad/rv-t53c-2/out/_dictionary_colors_toki-320-100.png	/tmp/claude-0/-home-user-yolo-web/7ec6fd95-5319-581a-b78e-9e5ca394946c/scratchpad/rv-t53c-2/out/_dictionary_colors_toki-320-100.png	32857
tmp-records/scratchpad/rv-t53c-2/out/_dictionary_colors_toki-320-200.png	/tmp/claude-0/-home-user-yolo-web/7ec6fd95-5319-581a-b78e-9e5ca394946c/scratchpad/rv-t53c-2/out/_dictionary_colors_toki-320-200.png	64119
tmp-records/scratchpad/rv-t53c-2/out/_dictionary_colors_toki-375-100.png	/tmp/claude-0/-home-user-yolo-web/7ec6fd95-5319-581a-b78e-9e5ca394946c/scratchpad/rv-t53c-2/out/_dictionary_colors_toki-375-100.png	34106
tmp-records/scratchpad/rv-t53c-2/out/_dictionary_kanji_%E5%B7%A6-1280-100.png	/tmp/claude-0/-home-user-yolo-web/7ec6fd95-5319-581a-b78e-9e5ca394946c/scratchpad/rv-t53c-2/out/_dictionary_kanji_%E5%B7%A6-1280-100.png	46846
tmp-records/scratchpad/rv-t53c-2/out/_dictionary_kanji_%E5%B7%A6-320-100.png	/tmp/claude-0/-home-user-yolo-web/7ec6fd95-5319-581a-b78e-9e5ca394946c/scratchpad/rv-t53c-2/out/_dictionary_kanji_%E5%B7%A6-320-100.png	38476
tmp-records/scratchpad/rv-t53c-2/out/_dictionary_kanji_%E5%B7%A6-320-200.png	/tmp/claude-0/-home-user-yolo-web/7ec6fd95-5319-581a-b78e-9e5ca394946c/scratchpad/rv-t53c-2/out/_dictionary_kanji_%E5%B7%A6-320-200.png	82258
tmp-records/scratchpad/rv-t53c-2/out/_dictionary_kanji_%E5%B7%A6-375-100.png	/tmp/claude-0/-home-user-yolo-web/7ec6fd95-5319-581a-b78e-9e5ca394946c/scratchpad/rv-t53c-2/out/_dictionary_kanji_%E5%B7%A6-375-100.png	39671
tmp-records/scratchpad/rv-t53c-2/out/_play_contrarian-fortune-1280-100.png	/tmp/claude-0/-home-user-yolo-web/7ec6fd95-5319-581a-b78e-9e5ca394946c/scratchpad/rv-t53c-2/out/_play_contrarian-fortune-1280-100.png	55363
tmp-records/scratchpad/rv-t53c-2/out/_play_contrarian-fortune-320-100.png	/tmp/claude-0/-home-user-yolo-web/7ec6fd95-5319-581a-b78e-9e5ca394946c/scratchpad/rv-t53c-2/out/_play_contrarian-fortune-320-100.png	44551
tmp-records/scratchpad/rv-t53c-2/out/_play_contrarian-fortune-320-200.png	/tmp/claude-0/-home-user-yolo-web/7ec6fd95-5319-581a-b78e-9e5ca394946c/scratchpad/rv-t53c-2/out/_play_contrarian-fortune-320-200.png	70968
tmp-records/scratchpad/rv-t53c-2/out/_play_contrarian-fortune-375-100.png	/tmp/claude-0/-home-user-yolo-web/7ec6fd95-5319-581a-b78e-9e5ca394946c/scratchpad/rv-t53c-2/out/_play_contrarian-fortune-375-100.png	50911
tmp-records/scratchpad/rv-t53c-2/out/_play_irodori-1280-100.png	/tmp/claude-0/-home-user-yolo-web/7ec6fd95-5319-581a-b78e-9e5ca394946c/scratchpad/rv-t53c-2/out/_play_irodori-1280-100.png	46529
tmp-records/scratchpad/rv-t53c-2/out/_play_irodori-320-100.png	/tmp/claude-0/-home-user-yolo-web/7ec6fd95-5319-581a-b78e-9e5ca394946c/scratchpad/rv-t53c-2/out/_play_irodori-320-100.png	35172
tmp-records/scratchpad/rv-t53c-2/out/_play_irodori-320-200.png	/tmp/claude-0/-home-user-yolo-web/7ec6fd95-5319-581a-b78e-9e5ca394946c/scratchpad/rv-t53c-2/out/_play_irodori-320-200.png	63612
tmp-records/scratchpad/rv-t53c-2/out/_play_irodori-375-100.png	/tmp/claude-0/-home-user-yolo-web/7ec6fd95-5319-581a-b78e-9e5ca394946c/scratchpad/rv-t53c-2/out/_play_irodori-375-100.png	35616
tmp-records/scratchpad/rv-t53c-2/out/_play_kanji-kanaru-1280-100.png	/tmp/claude-0/-home-user-yolo-web/7ec6fd95-5319-581a-b78e-9e5ca394946c/scratchpad/rv-t53c-2/out/_play_kanji-kanaru-1280-100.png	53821
tmp-records/scratchpad/rv-t53c-2/out/_play_kanji-kanaru-320-100.png	/tmp/claude-0/-home-user-yolo-web/7ec6fd95-5319-581a-b78e-9e5ca394946c/scratchpad/rv-t53c-2/out/_play_kanji-kanaru-320-100.png	42949
tmp-records/scratchpad/rv-t53c-2/out/_play_kanji-kanaru-320-200.png	/tmp/claude-0/-home-user-yolo-web/7ec6fd95-5319-581a-b78e-9e5ca394946c/scratchpad/rv-t53c-2/out/_play_kanji-kanaru-320-200.png	68744
tmp-records/scratchpad/rv-t53c-2/out/_play_kanji-kanaru-375-100.png	/tmp/claude-0/-home-user-yolo-web/7ec6fd95-5319-581a-b78e-9e5ca394946c/scratchpad/rv-t53c-2/out/_play_kanji-kanaru-375-100.png	43513
tmp-records/scratchpad/rv-t53c-2/out/_play_music-personality-1280-100.png	/tmp/claude-0/-home-user-yolo-web/7ec6fd95-5319-581a-b78e-9e5ca394946c/scratchpad/rv-t53c-2/out/_play_music-personality-1280-100.png	72465
tmp-records/scratchpad/rv-t53c-2/out/_play_music-personality-320-100.png	/tmp/claude-0/-home-user-yolo-web/7ec6fd95-5319-581a-b78e-9e5ca394946c/scratchpad/rv-t53c-2/out/_play_music-personality-320-100.png	64271
tmp-records/scratchpad/rv-t53c-2/out/_play_music-personality-320-200.png	/tmp/claude-0/-home-user-yolo-web/7ec6fd95-5319-581a-b78e-9e5ca394946c/scratchpad/rv-t53c-2/out/_play_music-personality-320-200.png	103270
tmp-records/scratchpad/rv-t53c-2/out/_play_music-personality-375-100.png	/tmp/claude-0/-home-user-yolo-web/7ec6fd95-5319-581a-b78e-9e5ca394946c/scratchpad/rv-t53c-2/out/_play_music-personality-375-100.png	67106
tmp-records/scratchpad/rv-t53c-2/out/_play_nakamawake-1280-100.png	/tmp/claude-0/-home-user-yolo-web/7ec6fd95-5319-581a-b78e-9e5ca394946c/scratchpad/rv-t53c-2/out/_play_nakamawake-1280-100.png	52069
tmp-records/scratchpad/rv-t53c-2/out/_play_nakamawake-320-100.png	/tmp/claude-0/-home-user-yolo-web/7ec6fd95-5319-581a-b78e-9e5ca394946c/scratchpad/rv-t53c-2/out/_play_nakamawake-320-100.png	36240
tmp-records/scratchpad/rv-t53c-2/out/_play_nakamawake-320-200.png	/tmp/claude-0/-home-user-yolo-web/7ec6fd95-5319-581a-b78e-9e5ca394946c/scratchpad/rv-t53c-2/out/_play_nakamawake-320-200.png	56657
tmp-records/scratchpad/rv-t53c-2/out/_play_nakamawake-375-100.png	/tmp/claude-0/-home-user-yolo-web/7ec6fd95-5319-581a-b78e-9e5ca394946c/scratchpad/rv-t53c-2/out/_play_nakamawake-375-100.png	36298
tmp-records/scratchpad/rv-t53c-2/out/_play_yoji-kimeru-1280-100.png	/tmp/claude-0/-home-user-yolo-web/7ec6fd95-5319-581a-b78e-9e5ca394946c/scratchpad/rv-t53c-2/out/_play_yoji-kimeru-1280-100.png	52239
tmp-records/scratchpad/rv-t53c-2/out/_play_yoji-kimeru-320-100.png	/tmp/claude-0/-home-user-yolo-web/7ec6fd95-5319-581a-b78e-9e5ca394946c/scratchpad/rv-t53c-2/out/_play_yoji-kimeru-320-100.png	42899
tmp-records/scratchpad/rv-t53c-2/out/_play_yoji-kimeru-320-200.png	/tmp/claude-0/-home-user-yolo-web/7ec6fd95-5319-581a-b78e-9e5ca394946c/scratchpad/rv-t53c-2/out/_play_yoji-kimeru-320-200.png	72856
tmp-records/scratchpad/rv-t53c-2/out/_play_yoji-kimeru-375-100.png	/tmp/claude-0/-home-user-yolo-web/7ec6fd95-5319-581a-b78e-9e5ca394946c/scratchpad/rv-t53c-2/out/_play_yoji-kimeru-375-100.png	43259
tmp-records/scratchpad/rv-t53c-2/out/_tools_age-calculator-1280-100.png	/tmp/claude-0/-home-user-yolo-web/7ec6fd95-5319-581a-b78e-9e5ca394946c/scratchpad/rv-t53c-2/out/_tools_age-calculator-1280-100.png	87174
tmp-records/scratchpad/rv-t53c-2/out/_tools_age-calculator-320-100.png	/tmp/claude-0/-home-user-yolo-web/7ec6fd95-5319-581a-b78e-9e5ca394946c/scratchpad/rv-t53c-2/out/_tools_age-calculator-320-100.png	57824
tmp-records/scratchpad/rv-t53c-2/out/_tools_age-calculator-320-200.png	/tmp/claude-0/-home-user-yolo-web/7ec6fd95-5319-581a-b78e-9e5ca394946c/scratchpad/rv-t53c-2/out/_tools_age-calculator-320-200.png	85406
tmp-records/scratchpad/rv-t53c-2/out/_tools_age-calculator-375-100.png	/tmp/claude-0/-home-user-yolo-web/7ec6fd95-5319-581a-b78e-9e5ca394946c/scratchpad/rv-t53c-2/out/_tools_age-calculator-375-100.png	64330
tmp-records/scratchpad/rv-t53c-2/out/_tools_byte-counter-1280-100.png	/tmp/claude-0/-home-user-yolo-web/7ec6fd95-5319-581a-b78e-9e5ca394946c/scratchpad/rv-t53c-2/out/_tools_byte-counter-1280-100.png	83242
tmp-records/scratchpad/rv-t53c-2/out/_tools_byte-counter-320-100.png	/tmp/claude-0/-home-user-yolo-web/7ec6fd95-5319-581a-b78e-9e5ca394946c/scratchpad/rv-t53c-2/out/_tools_byte-counter-320-100.png	55148
tmp-records/scratchpad/rv-t53c-2/out/_tools_byte-counter-320-200.png	/tmp/claude-0/-home-user-yolo-web/7ec6fd95-5319-581a-b78e-9e5ca394946c/scratchpad/rv-t53c-2/out/_tools_byte-counter-320-200.png	79228
tmp-records/scratchpad/rv-t53c-2/out/_tools_byte-counter-375-100.png	/tmp/claude-0/-home-user-yolo-web/7ec6fd95-5319-581a-b78e-9e5ca394946c/scratchpad/rv-t53c-2/out/_tools_byte-counter-375-100.png	60875
tmp-records/scratchpad/rv-t53c-2/out/_tools_traditional-color-palette-1280-100.png	/tmp/claude-0/-home-user-yolo-web/7ec6fd95-5319-581a-b78e-9e5ca394946c/scratchpad/rv-t53c-2/out/_tools_traditional-color-palette-1280-100.png	89717
tmp-records/scratchpad/rv-t53c-2/out/_tools_traditional-color-palette-320-100.png	/tmp/claude-0/-home-user-yolo-web/7ec6fd95-5319-581a-b78e-9e5ca394946c/scratchpad/rv-t53c-2/out/_tools_traditional-color-palette-320-100.png	58531
tmp-records/scratchpad/rv-t53c-2/out/_tools_traditional-color-palette-320-200.png	/tmp/claude-0/-home-user-yolo-web/7ec6fd95-5319-581a-b78e-9e5ca394946c/scratchpad/rv-t53c-2/out/_tools_traditional-color-palette-320-200.png	84947
tmp-records/scratchpad/rv-t53c-2/out/_tools_traditional-color-palette-375-100.png	/tmp/claude-0/-home-user-yolo-web/7ec6fd95-5319-581a-b78e-9e5ca394946c/scratchpad/rv-t53c-2/out/_tools_traditional-color-palette-375-100.png	66675
tmp-records/scratchpad/rv-t53c-2/out/dark_play_yoji-kimeru-1280.png	/tmp/claude-0/-home-user-yolo-web/7ec6fd95-5319-581a-b78e-9e5ca394946c/scratchpad/rv-t53c-2/out/dark_play_yoji-kimeru-1280.png	51160
tmp-records/scratchpad/rv-t53c-2/out/dark_tools_byte-counter-375.png	/tmp/claude-0/-home-user-yolo-web/7ec6fd95-5319-581a-b78e-9e5ca394946c/scratchpad/rv-t53c-2/out/dark_tools_byte-counter-375.png	52225
tmp-records/scratchpad/rv-t53c-2/out/m.json	/tmp/claude-0/-home-user-yolo-web/7ec6fd95-5319-581a-b78e-9e5ca394946c/scratchpad/rv-t53c-2/out/m.json	349828
tmp-records/scratchpad/rv-t57-2/build.log	/tmp/claude-0/-home-user-yolo-web/7ec6fd95-5319-581a-b78e-9e5ca394946c/scratchpad/rv-t57-2/build.log	18248
tmp-records/scratchpad/rv-t57-2/eslint.log	/tmp/claude-0/-home-user-yolo-web/7ec6fd95-5319-581a-b78e-9e5ca394946c/scratchpad/rv-t57-2/eslint.log	0
tmp-records/scratchpad/rv-t57-2/files.txt	/tmp/claude-0/-home-user-yolo-web/7ec6fd95-5319-581a-b78e-9e5ca394946c/scratchpad/rv-t57-2/files.txt	965
tmp-records/scratchpad/rv-t57-2/list.txt	/tmp/claude-0/-home-user-yolo-web/7ec6fd95-5319-581a-b78e-9e5ca394946c/scratchpad/rv-t57-2/list.txt	965
tmp-records/scratchpad/rv-t57-2/m.cjs	/tmp/claude-0/-home-user-yolo-web/7ec6fd95-5319-581a-b78e-9e5ca394946c/scratchpad/rv-t57-2/m.cjs	7875
tmp-records/scratchpad/rv-t57-2/m.json	/tmp/claude-0/-home-user-yolo-web/7ec6fd95-5319-581a-b78e-9e5ca394946c/scratchpad/rv-t57-2/m.json	79380
tmp-records/scratchpad/rv-t57-2/m.log	/tmp/claude-0/-home-user-yolo-web/7ec6fd95-5319-581a-b78e-9e5ca394946c/scratchpad/rv-t57-2/m.log	0
tmp-records/scratchpad/rv-t57-2/out/blog-tag_1280_default.png	/tmp/claude-0/-home-user-yolo-web/7ec6fd95-5319-581a-b78e-9e5ca394946c/scratchpad/rv-t57-2/out/blog-tag_1280_default.png	124002
tmp-records/scratchpad/rv-t57-2/out/blog-tag_320_200.png	/tmp/claude-0/-home-user-yolo-web/7ec6fd95-5319-581a-b78e-9e5ca394946c/scratchpad/rv-t57-2/out/blog-tag_320_200.png	29545
tmp-records/scratchpad/rv-t57-2/out/blog-tag_320_default.png	/tmp/claude-0/-home-user-yolo-web/7ec6fd95-5319-581a-b78e-9e5ca394946c/scratchpad/rv-t57-2/out/blog-tag_320_default.png	13157
tmp-records/scratchpad/rv-t57-2/out/blog-tag_375_200.png	/tmp/claude-0/-home-user-yolo-web/7ec6fd95-5319-581a-b78e-9e5ca394946c/scratchpad/rv-t57-2/out/blog-tag_375_200.png	27644
tmp-records/scratchpad/rv-t57-2/out/blog-tag_375_default.png	/tmp/claude-0/-home-user-yolo-web/7ec6fd95-5319-581a-b78e-9e5ca394946c/scratchpad/rv-t57-2/out/blog-tag_375_default.png	13254
tmp-records/scratchpad/rv-t57-2/out/blog_1280_default.png	/tmp/claude-0/-home-user-yolo-web/7ec6fd95-5319-581a-b78e-9e5ca394946c/scratchpad/rv-t57-2/out/blog_1280_default.png	129515
tmp-records/scratchpad/rv-t57-2/out/blog_320_200.png	/tmp/claude-0/-home-user-yolo-web/7ec6fd95-5319-581a-b78e-9e5ca394946c/scratchpad/rv-t57-2/out/blog_320_200.png	29541
tmp-records/scratchpad/rv-t57-2/out/blog_320_dark200.png	/tmp/claude-0/-home-user-yolo-web/7ec6fd95-5319-581a-b78e-9e5ca394946c/scratchpad/rv-t57-2/out/blog_320_dark200.png	30093
tmp-records/scratchpad/rv-t57-2/out/blog_320_default.png	/tmp/claude-0/-home-user-yolo-web/7ec6fd95-5319-581a-b78e-9e5ca394946c/scratchpad/rv-t57-2/out/blog_320_default.png	13162
tmp-records/scratchpad/rv-t57-2/out/blog_375_200.png	/tmp/claude-0/-home-user-yolo-web/7ec6fd95-5319-581a-b78e-9e5ca394946c/scratchpad/rv-t57-2/out/blog_375_200.png	27662
tmp-records/scratchpad/rv-t57-2/out/blog_375_dark.png	/tmp/claude-0/-home-user-yolo-web/7ec6fd95-5319-581a-b78e-9e5ca394946c/scratchpad/rv-t57-2/out/blog_375_dark.png	13657
tmp-records/scratchpad/rv-t57-2/out/blog_375_default.png	/tmp/claude-0/-home-user-yolo-web/7ec6fd95-5319-581a-b78e-9e5ca394946c/scratchpad/rv-t57-2/out/blog_375_default.png	13249
tmp-records/scratchpad/rv-t57-2/out/colors_1280_default.png	/tmp/claude-0/-home-user-yolo-web/7ec6fd95-5319-581a-b78e-9e5ca394946c/scratchpad/rv-t57-2/out/colors_1280_default.png	66632
tmp-records/scratchpad/rv-t57-2/out/colors_320_200.png	/tmp/claude-0/-home-user-yolo-web/7ec6fd95-5319-581a-b78e-9e5ca394946c/scratchpad/rv-t57-2/out/colors_320_200.png	24443
tmp-records/scratchpad/rv-t57-2/out/colors_320_default.png	/tmp/claude-0/-home-user-yolo-web/7ec6fd95-5319-581a-b78e-9e5ca394946c/scratchpad/rv-t57-2/out/colors_320_default.png	11297
tmp-records/scratchpad/rv-t57-2/out/colors_375_200.png	/tmp/claude-0/-home-user-yolo-web/7ec6fd95-5319-581a-b78e-9e5ca394946c/scratchpad/rv-t57-2/out/colors_375_200.png	22367
tmp-records/scratchpad/rv-t57-2/out/colors_375_default.png	/tmp/claude-0/-home-user-yolo-web/7ec6fd95-5319-581a-b78e-9e5ca394946c/scratchpad/rv-t57-2/out/colors_375_default.png	11243
tmp-records/scratchpad/rv-t57-2/out/dictionary_1280_default.png	/tmp/claude-0/-home-user-yolo-web/7ec6fd95-5319-581a-b78e-9e5ca394946c/scratchpad/rv-t57-2/out/dictionary_1280_default.png	91129
tmp-records/scratchpad/rv-t57-2/out/dictionary_320_200.png	/tmp/claude-0/-home-user-yolo-web/7ec6fd95-5319-581a-b78e-9e5ca394946c/scratchpad/rv-t57-2/out/dictionary_320_200.png	43068
tmp-records/scratchpad/rv-t57-2/out/dictionary_320_default.png	/tmp/claude-0/-home-user-yolo-web/7ec6fd95-5319-581a-b78e-9e5ca394946c/scratchpad/rv-t57-2/out/dictionary_320_default.png	55463
tmp-records/scratchpad/rv-t57-2/out/dictionary_375_200.png	/tmp/claude-0/-home-user-yolo-web/7ec6fd95-5319-581a-b78e-9e5ca394946c/scratchpad/rv-t57-2/out/dictionary_375_200.png	50917
tmp-records/scratchpad/rv-t57-2/out/dictionary_375_default.png	/tmp/claude-0/-home-user-yolo-web/7ec6fd95-5319-581a-b78e-9e5ca394946c/scratchpad/rv-t57-2/out/dictionary_375_default.png	61473
tmp-records/scratchpad/rv-t57-2/out/humor_1280_default.png	/tmp/claude-0/-home-user-yolo-web/7ec6fd95-5319-581a-b78e-9e5ca394946c/scratchpad/rv-t57-2/out/humor_1280_default.png	86749
tmp-records/scratchpad/rv-t57-2/out/humor_320_200.png	/tmp/claude-0/-home-user-yolo-web/7ec6fd95-5319-581a-b78e-9e5ca394946c/scratchpad/rv-t57-2/out/humor_320_200.png	7656
tmp-records/scratchpad/rv-t57-2/out/humor_320_default.png	/tmp/claude-0/-home-user-yolo-web/7ec6fd95-5319-581a-b78e-9e5ca394946c/scratchpad/rv-t57-2/out/humor_320_default.png	3607
tmp-records/scratchpad/rv-t57-2/out/humor_375_200.png	/tmp/claude-0/-home-user-yolo-web/7ec6fd95-5319-581a-b78e-9e5ca394946c/scratchpad/rv-t57-2/out/humor_375_200.png	7691
tmp-records/scratchpad/rv-t57-2/out/humor_375_default.png	/tmp/claude-0/-home-user-yolo-web/7ec6fd95-5319-581a-b78e-9e5ca394946c/scratchpad/rv-t57-2/out/humor_375_default.png	3649
tmp-records/scratchpad/rv-t57-2/out/kanji-detail_1280_default.png	/tmp/claude-0/-home-user-yolo-web/7ec6fd95-5319-581a-b78e-9e5ca394946c/scratchpad/rv-t57-2/out/kanji-detail_1280_default.png	49030
tmp-records/scratchpad/rv-t57-2/out/kanji-detail_320_200.png	/tmp/claude-0/-home-user-yolo-web/7ec6fd95-5319-581a-b78e-9e5ca394946c/scratchpad/rv-t57-2/out/kanji-detail_320_200.png	42563
tmp-records/scratchpad/rv-t57-2/out/kanji-detail_320_default.png	/tmp/claude-0/-home-user-yolo-web/7ec6fd95-5319-581a-b78e-9e5ca394946c/scratchpad/rv-t57-2/out/kanji-detail_320_default.png	36916
tmp-records/scratchpad/rv-t57-2/out/kanji-detail_375_200.png	/tmp/claude-0/-home-user-yolo-web/7ec6fd95-5319-581a-b78e-9e5ca394946c/scratchpad/rv-t57-2/out/kanji-detail_375_200.png	47490
tmp-records/scratchpad/rv-t57-2/out/kanji-detail_375_default.png	/tmp/claude-0/-home-user-yolo-web/7ec6fd95-5319-581a-b78e-9e5ca394946c/scratchpad/rv-t57-2/out/kanji-detail_375_default.png	41407
tmp-records/scratchpad/rv-t57-2/out/kanji-reading_1280_default.png	/tmp/claude-0/-home-user-yolo-web/7ec6fd95-5319-581a-b78e-9e5ca394946c/scratchpad/rv-t57-2/out/kanji-reading_1280_default.png	71237
tmp-records/scratchpad/rv-t57-2/out/kanji-reading_320_200.png	/tmp/claude-0/-home-user-yolo-web/7ec6fd95-5319-581a-b78e-9e5ca394946c/scratchpad/rv-t57-2/out/kanji-reading_320_200.png	32318
tmp-records/scratchpad/rv-t57-2/out/kanji-reading_320_default.png	/tmp/claude-0/-home-user-yolo-web/7ec6fd95-5319-581a-b78e-9e5ca394946c/scratchpad/rv-t57-2/out/kanji-reading_320_default.png	14661
tmp-records/scratchpad/rv-t57-2/out/kanji-reading_375_200.png	/tmp/claude-0/-home-user-yolo-web/7ec6fd95-5319-581a-b78e-9e5ca394946c/scratchpad/rv-t57-2/out/kanji-reading_375_200.png	30726
tmp-records/scratchpad/rv-t57-2/out/kanji-reading_375_default.png	/tmp/claude-0/-home-user-yolo-web/7ec6fd95-5319-581a-b78e-9e5ca394946c/scratchpad/rv-t57-2/out/kanji-reading_375_default.png	14870
tmp-records/scratchpad/rv-t57-2/out/kanji_1280_default.png	/tmp/claude-0/-home-user-yolo-web/7ec6fd95-5319-581a-b78e-9e5ca394946c/scratchpad/rv-t57-2/out/kanji_1280_default.png	67959
tmp-records/scratchpad/rv-t57-2/out/kanji_320_200.png	/tmp/claude-0/-home-user-yolo-web/7ec6fd95-5319-581a-b78e-9e5ca394946c/scratchpad/rv-t57-2/out/kanji_320_200.png	29493
tmp-records/scratchpad/rv-t57-2/out/kanji_320_default.png	/tmp/claude-0/-home-user-yolo-web/7ec6fd95-5319-581a-b78e-9e5ca394946c/scratchpad/rv-t57-2/out/kanji_320_default.png	13198
tmp-records/scratchpad/rv-t57-2/out/kanji_375_200.png	/tmp/claude-0/-home-user-yolo-web/7ec6fd95-5319-581a-b78e-9e5ca394946c/scratchpad/rv-t57-2/out/kanji_375_200.png	26841
tmp-records/scratchpad/rv-t57-2/out/kanji_375_default.png	/tmp/claude-0/-home-user-yolo-web/7ec6fd95-5319-581a-b78e-9e5ca394946c/scratchpad/rv-t57-2/out/kanji_375_default.png	13400
tmp-records/scratchpad/rv-t57-2/out/keigo_1280_default.png	/tmp/claude-0/-home-user-yolo-web/7ec6fd95-5319-581a-b78e-9e5ca394946c/scratchpad/rv-t57-2/out/keigo_1280_default.png	89389
tmp-records/scratchpad/rv-t57-2/out/keigo_320_200.png	/tmp/claude-0/-home-user-yolo-web/7ec6fd95-5319-581a-b78e-9e5ca394946c/scratchpad/rv-t57-2/out/keigo_320_200.png	31771
tmp-records/scratchpad/rv-t57-2/out/keigo_320_default.png	/tmp/claude-0/-home-user-yolo-web/7ec6fd95-5319-581a-b78e-9e5ca394946c/scratchpad/rv-t57-2/out/keigo_320_default.png	14260
tmp-records/scratchpad/rv-t57-2/out/keigo_375_200.png	/tmp/claude-0/-home-user-yolo-web/7ec6fd95-5319-581a-b78e-9e5ca394946c/scratchpad/rv-t57-2/out/keigo_375_200.png	32023
tmp-records/scratchpad/rv-t57-2/out/keigo_375_default.png	/tmp/claude-0/-home-user-yolo-web/7ec6fd95-5319-581a-b78e-9e5ca394946c/scratchpad/rv-t57-2/out/keigo_375_default.png	14358
tmp-records/scratchpad/rv-t57-2/out/m.json	/tmp/claude-0/-home-user-yolo-web/7ec6fd95-5319-581a-b78e-9e5ca394946c/scratchpad/rv-t57-2/out/m.json	79380
tmp-records/scratchpad/rv-t57-2/out/palette_1280_default.png	/tmp/claude-0/-home-user-yolo-web/7ec6fd95-5319-581a-b78e-9e5ca394946c/scratchpad/rv-t57-2/out/palette_1280_default.png	44369
tmp-records/scratchpad/rv-t57-2/out/palette_320_200.png	/tmp/claude-0/-home-user-yolo-web/7ec6fd95-5319-581a-b78e-9e5ca394946c/scratchpad/rv-t57-2/out/palette_320_200.png	51971
tmp-records/scratchpad/rv-t57-2/out/palette_320_default.png	/tmp/claude-0/-home-user-yolo-web/7ec6fd95-5319-581a-b78e-9e5ca394946c/scratchpad/rv-t57-2/out/palette_320_default.png	21929
tmp-records/scratchpad/rv-t57-2/out/palette_375_200.png	/tmp/claude-0/-home-user-yolo-web/7ec6fd95-5319-581a-b78e-9e5ca394946c/scratchpad/rv-t57-2/out/palette_375_200.png	52901
tmp-records/scratchpad/rv-t57-2/out/palette_375_default.png	/tmp/claude-0/-home-user-yolo-web/7ec6fd95-5319-581a-b78e-9e5ca394946c/scratchpad/rv-t57-2/out/palette_375_default.png	23850
tmp-records/scratchpad/rv-t57-2/out/play-pers_1280_default.png	/tmp/claude-0/-home-user-yolo-web/7ec6fd95-5319-581a-b78e-9e5ca394946c/scratchpad/rv-t57-2/out/play-pers_1280_default.png	101555
tmp-records/scratchpad/rv-t57-2/out/play-pers_320_200.png	/tmp/claude-0/-home-user-yolo-web/7ec6fd95-5319-581a-b78e-9e5ca394946c/scratchpad/rv-t57-2/out/play-pers_320_200.png	44577
tmp-records/scratchpad/rv-t57-2/out/play-pers_320_default.png	/tmp/claude-0/-home-user-yolo-web/7ec6fd95-5319-581a-b78e-9e5ca394946c/scratchpad/rv-t57-2/out/play-pers_320_default.png	20408
tmp-records/scratchpad/rv-t57-2/out/play-pers_375_200.png	/tmp/claude-0/-home-user-yolo-web/7ec6fd95-5319-581a-b78e-9e5ca394946c/scratchpad/rv-t57-2/out/play-pers_375_200.png	42707
tmp-records/scratchpad/rv-t57-2/out/play-pers_375_default.png	/tmp/claude-0/-home-user-yolo-web/7ec6fd95-5319-581a-b78e-9e5ca394946c/scratchpad/rv-t57-2/out/play-pers_375_default.png	20156
tmp-records/scratchpad/rv-t57-2/out/play_1280_default.png	/tmp/claude-0/-home-user-yolo-web/7ec6fd95-5319-581a-b78e-9e5ca394946c/scratchpad/rv-t57-2/out/play_1280_default.png	97321
tmp-records/scratchpad/rv-t57-2/out/play_320_200.png	/tmp/claude-0/-home-user-yolo-web/7ec6fd95-5319-581a-b78e-9e5ca394946c/scratchpad/rv-t57-2/out/play_320_200.png	44183
tmp-records/scratchpad/rv-t57-2/out/play_320_default.png	/tmp/claude-0/-home-user-yolo-web/7ec6fd95-5319-581a-b78e-9e5ca394946c/scratchpad/rv-t57-2/out/play_320_default.png	20283
tmp-records/scratchpad/rv-t57-2/out/play_375_200.png	/tmp/claude-0/-home-user-yolo-web/7ec6fd95-5319-581a-b78e-9e5ca394946c/scratchpad/rv-t57-2/out/play_375_200.png	42777
tmp-records/scratchpad/rv-t57-2/out/play_375_default.png	/tmp/claude-0/-home-user-yolo-web/7ec6fd95-5319-581a-b78e-9e5ca394946c/scratchpad/rv-t57-2/out/play_375_default.png	20630
tmp-records/scratchpad/rv-t57-2/out/sb-100_1280_default.png	/tmp/claude-0/-home-user-yolo-web/7ec6fd95-5319-581a-b78e-9e5ca394946c/scratchpad/rv-t57-2/out/sb-100_1280_default.png	70523
tmp-records/scratchpad/rv-t57-2/out/sb-100_320_200.png	/tmp/claude-0/-home-user-yolo-web/7ec6fd95-5319-581a-b78e-9e5ca394946c/scratchpad/rv-t57-2/out/sb-100_320_200.png	44360
tmp-records/scratchpad/rv-t57-2/out/sb-100_320_default.png	/tmp/claude-0/-home-user-yolo-web/7ec6fd95-5319-581a-b78e-9e5ca394946c/scratchpad/rv-t57-2/out/sb-100_320_default.png	20229
tmp-records/scratchpad/rv-t57-2/out/sb-100_375_200.png	/tmp/claude-0/-home-user-yolo-web/7ec6fd95-5319-581a-b78e-9e5ca394946c/scratchpad/rv-t57-2/out/sb-100_375_200.png	43149
tmp-records/scratchpad/rv-t57-2/out/sb-100_375_default.png	/tmp/claude-0/-home-user-yolo-web/7ec6fd95-5319-581a-b78e-9e5ca394946c/scratchpad/rv-t57-2/out/sb-100_375_default.png	19506
tmp-records/scratchpad/rv-t57-2/out/sb-101_1280_default.png	/tmp/claude-0/-home-user-yolo-web/7ec6fd95-5319-581a-b78e-9e5ca394946c/scratchpad/rv-t57-2/out/sb-101_1280_default.png	88734
tmp-records/scratchpad/rv-t57-2/out/sb-101_320_200.png	/tmp/claude-0/-home-user-yolo-web/7ec6fd95-5319-581a-b78e-9e5ca394946c/scratchpad/rv-t57-2/out/sb-101_320_200.png	31970
tmp-records/scratchpad/rv-t57-2/out/sb-101_320_default.png	/tmp/claude-0/-home-user-yolo-web/7ec6fd95-5319-581a-b78e-9e5ca394946c/scratchpad/rv-t57-2/out/sb-101_320_default.png	14929
tmp-records/scratchpad/rv-t57-2/out/sb-101_375_200.png	/tmp/claude-0/-home-user-yolo-web/7ec6fd95-5319-581a-b78e-9e5ca394946c/scratchpad/rv-t57-2/out/sb-101_375_200.png	31376
tmp-records/scratchpad/rv-t57-2/out/sb-101_375_default.png	/tmp/claude-0/-home-user-yolo-web/7ec6fd95-5319-581a-b78e-9e5ca394946c/scratchpad/rv-t57-2/out/sb-101_375_default.png	14260
tmp-records/scratchpad/rv-t57-2/out/sb-11_1280_default.png	/tmp/claude-0/-home-user-yolo-web/7ec6fd95-5319-581a-b78e-9e5ca394946c/scratchpad/rv-t57-2/out/sb-11_1280_default.png	85480
tmp-records/scratchpad/rv-t57-2/out/sb-11_320_200.png	/tmp/claude-0/-home-user-yolo-web/7ec6fd95-5319-581a-b78e-9e5ca394946c/scratchpad/rv-t57-2/out/sb-11_320_200.png	47384
tmp-records/scratchpad/rv-t57-2/out/sb-11_320_default.png	/tmp/claude-0/-home-user-yolo-web/7ec6fd95-5319-581a-b78e-9e5ca394946c/scratchpad/rv-t57-2/out/sb-11_320_default.png	21881
tmp-records/scratchpad/rv-t57-2/out/sb-11_375_200.png	/tmp/claude-0/-home-user-yolo-web/7ec6fd95-5319-581a-b78e-9e5ca394946c/scratchpad/rv-t57-2/out/sb-11_375_200.png	46110
tmp-records/scratchpad/rv-t57-2/out/sb-11_375_default.png	/tmp/claude-0/-home-user-yolo-web/7ec6fd95-5319-581a-b78e-9e5ca394946c/scratchpad/rv-t57-2/out/sb-11_375_default.png	21118
tmp-records/scratchpad/rv-t57-2/out/tools-data-new_1280_default.png	/tmp/claude-0/-home-user-yolo-web/7ec6fd95-5319-581a-b78e-9e5ca394946c/scratchpad/rv-t57-2/out/tools-data-new_1280_default.png	70991
tmp-records/scratchpad/rv-t57-2/out/tools-data-new_320_200.png	/tmp/claude-0/-home-user-yolo-web/7ec6fd95-5319-581a-b78e-9e5ca394946c/scratchpad/rv-t57-2/out/tools-data-new_320_200.png	43576
tmp-records/scratchpad/rv-t57-2/out/tools-data-new_320_default.png	/tmp/claude-0/-home-user-yolo-web/7ec6fd95-5319-581a-b78e-9e5ca394946c/scratchpad/rv-t57-2/out/tools-data-new_320_default.png	19951
tmp-records/scratchpad/rv-t57-2/out/tools-data-new_375_200.png	/tmp/claude-0/-home-user-yolo-web/7ec6fd95-5319-581a-b78e-9e5ca394946c/scratchpad/rv-t57-2/out/tools-data-new_375_200.png	42038
tmp-records/scratchpad/rv-t57-2/out/tools-data-new_375_default.png	/tmp/claude-0/-home-user-yolo-web/7ec6fd95-5319-581a-b78e-9e5ca394946c/scratchpad/rv-t57-2/out/tools-data-new_375_default.png	20169
tmp-records/scratchpad/rv-t57-2/out/tools_1280_default.png	/tmp/claude-0/-home-user-yolo-web/7ec6fd95-5319-581a-b78e-9e5ca394946c/scratchpad/rv-t57-2/out/tools_1280_default.png	72963
tmp-records/scratchpad/rv-t57-2/out/tools_320_200.png	/tmp/claude-0/-home-user-yolo-web/7ec6fd95-5319-581a-b78e-9e5ca394946c/scratchpad/rv-t57-2/out/tools_320_200.png	43817
tmp-records/scratchpad/rv-t57-2/out/tools_320_dark200.png	/tmp/claude-0/-home-user-yolo-web/7ec6fd95-5319-581a-b78e-9e5ca394946c/scratchpad/rv-t57-2/out/tools_320_dark200.png	45141
tmp-records/scratchpad/rv-t57-2/out/tools_320_default.png	/tmp/claude-0/-home-user-yolo-web/7ec6fd95-5319-581a-b78e-9e5ca394946c/scratchpad/rv-t57-2/out/tools_320_default.png	20159
tmp-records/scratchpad/rv-t57-2/out/tools_375_200.png	/tmp/claude-0/-home-user-yolo-web/7ec6fd95-5319-581a-b78e-9e5ca394946c/scratchpad/rv-t57-2/out/tools_375_200.png	42249
tmp-records/scratchpad/rv-t57-2/out/tools_375_dark.png	/tmp/claude-0/-home-user-yolo-web/7ec6fd95-5319-581a-b78e-9e5ca394946c/scratchpad/rv-t57-2/out/tools_375_dark.png	20986
tmp-records/scratchpad/rv-t57-2/out/tools_375_default.png	/tmp/claude-0/-home-user-yolo-web/7ec6fd95-5319-581a-b78e-9e5ca394946c/scratchpad/rv-t57-2/out/tools_375_default.png	20382
tmp-records/scratchpad/rv-t57-2/out/yoji-detail_1280_default.png	/tmp/claude-0/-home-user-yolo-web/7ec6fd95-5319-581a-b78e-9e5ca394946c/scratchpad/rv-t57-2/out/yoji-detail_1280_default.png	59450
tmp-records/scratchpad/rv-t57-2/out/yoji-detail_320_200.png	/tmp/claude-0/-home-user-yolo-web/7ec6fd95-5319-581a-b78e-9e5ca394946c/scratchpad/rv-t57-2/out/yoji-detail_320_200.png	51449
tmp-records/scratchpad/rv-t57-2/out/yoji-detail_320_default.png	/tmp/claude-0/-home-user-yolo-web/7ec6fd95-5319-581a-b78e-9e5ca394946c/scratchpad/rv-t57-2/out/yoji-detail_320_default.png	43589
tmp-records/scratchpad/rv-t57-2/out/yoji-detail_375_200.png	/tmp/claude-0/-home-user-yolo-web/7ec6fd95-5319-581a-b78e-9e5ca394946c/scratchpad/rv-t57-2/out/yoji-detail_375_200.png	54730
tmp-records/scratchpad/rv-t57-2/out/yoji-detail_375_default.png	/tmp/claude-0/-home-user-yolo-web/7ec6fd95-5319-581a-b78e-9e5ca394946c/scratchpad/rv-t57-2/out/yoji-detail_375_default.png	47627
tmp-records/scratchpad/rv-t57-2/out/yoji-search-3_1280_default.png	/tmp/claude-0/-home-user-yolo-web/7ec6fd95-5319-581a-b78e-9e5ca394946c/scratchpad/rv-t57-2/out/yoji-search-3_1280_default.png	90759
tmp-records/scratchpad/rv-t57-2/out/yoji-search-3_320_200.png	/tmp/claude-0/-home-user-yolo-web/7ec6fd95-5319-581a-b78e-9e5ca394946c/scratchpad/rv-t57-2/out/yoji-search-3_320_200.png	94015
tmp-records/scratchpad/rv-t57-2/out/yoji-search-3_320_dark200.png	/tmp/claude-0/-home-user-yolo-web/7ec6fd95-5319-581a-b78e-9e5ca394946c/scratchpad/rv-t57-2/out/yoji-search-3_320_dark200.png	97237
tmp-records/scratchpad/rv-t57-2/out/yoji-search-3_320_default.png	/tmp/claude-0/-home-user-yolo-web/7ec6fd95-5319-581a-b78e-9e5ca394946c/scratchpad/rv-t57-2/out/yoji-search-3_320_default.png	41989
tmp-records/scratchpad/rv-t57-2/out/yoji-search-3_375_200.png	/tmp/claude-0/-home-user-yolo-web/7ec6fd95-5319-581a-b78e-9e5ca394946c/scratchpad/rv-t57-2/out/yoji-search-3_375_200.png	90585
tmp-records/scratchpad/rv-t57-2/out/yoji-search-3_375_dark.png	/tmp/claude-0/-home-user-yolo-web/7ec6fd95-5319-581a-b78e-9e5ca394946c/scratchpad/rv-t57-2/out/yoji-search-3_375_dark.png	45391
tmp-records/scratchpad/rv-t57-2/out/yoji-search-3_375_default.png	/tmp/claude-0/-home-user-yolo-web/7ec6fd95-5319-581a-b78e-9e5ca394946c/scratchpad/rv-t57-2/out/yoji-search-3_375_default.png	44043
tmp-records/scratchpad/rv-t57-2/out/yoji-search_1280_default.png	/tmp/claude-0/-home-user-yolo-web/7ec6fd95-5319-581a-b78e-9e5ca394946c/scratchpad/rv-t57-2/out/yoji-search_1280_default.png	89208
tmp-records/scratchpad/rv-t57-2/out/yoji-search_320_200.png	/tmp/claude-0/-home-user-yolo-web/7ec6fd95-5319-581a-b78e-9e5ca394946c/scratchpad/rv-t57-2/out/yoji-search_320_200.png	88962
tmp-records/scratchpad/rv-t57-2/out/yoji-search_320_default.png	/tmp/claude-0/-home-user-yolo-web/7ec6fd95-5319-581a-b78e-9e5ca394946c/scratchpad/rv-t57-2/out/yoji-search_320_default.png	40006
tmp-records/scratchpad/rv-t57-2/out/yoji-search_375_200.png	/tmp/claude-0/-home-user-yolo-web/7ec6fd95-5319-581a-b78e-9e5ca394946c/scratchpad/rv-t57-2/out/yoji-search_375_200.png	86047
tmp-records/scratchpad/rv-t57-2/out/yoji-search_375_default.png	/tmp/claude-0/-home-user-yolo-web/7ec6fd95-5319-581a-b78e-9e5ca394946c/scratchpad/rv-t57-2/out/yoji-search_375_default.png	41935
tmp-records/scratchpad/rv-t57-2/out/yoji-society_1280_default.png	/tmp/claude-0/-home-user-yolo-web/7ec6fd95-5319-581a-b78e-9e5ca394946c/scratchpad/rv-t57-2/out/yoji-society_1280_default.png	72598
tmp-records/scratchpad/rv-t57-2/out/yoji-society_320_200.png	/tmp/claude-0/-home-user-yolo-web/7ec6fd95-5319-581a-b78e-9e5ca394946c/scratchpad/rv-t57-2/out/yoji-society_320_200.png	31833
tmp-records/scratchpad/rv-t57-2/out/yoji-society_320_default.png	/tmp/claude-0/-home-user-yolo-web/7ec6fd95-5319-581a-b78e-9e5ca394946c/scratchpad/rv-t57-2/out/yoji-society_320_default.png	14924
tmp-records/scratchpad/rv-t57-2/out/yoji-society_375_200.png	/tmp/claude-0/-home-user-yolo-web/7ec6fd95-5319-581a-b78e-9e5ca394946c/scratchpad/rv-t57-2/out/yoji-society_375_200.png	31431
tmp-records/scratchpad/rv-t57-2/out/yoji-society_375_default.png	/tmp/claude-0/-home-user-yolo-web/7ec6fd95-5319-581a-b78e-9e5ca394946c/scratchpad/rv-t57-2/out/yoji-society_375_default.png	14254
tmp-records/scratchpad/rv-t57-2/out/yoji_1280_default.png	/tmp/claude-0/-home-user-yolo-web/7ec6fd95-5319-581a-b78e-9e5ca394946c/scratchpad/rv-t57-2/out/yoji_1280_default.png	75236
tmp-records/scratchpad/rv-t57-2/out/yoji_320_200.png	/tmp/claude-0/-home-user-yolo-web/7ec6fd95-5319-581a-b78e-9e5ca394946c/scratchpad/rv-t57-2/out/yoji_320_200.png	31853
tmp-records/scratchpad/rv-t57-2/out/yoji_320_dark200.png	/tmp/claude-0/-home-user-yolo-web/7ec6fd95-5319-581a-b78e-9e5ca394946c/scratchpad/rv-t57-2/out/yoji_320_dark200.png	32702
tmp-records/scratchpad/rv-t57-2/out/yoji_320_default.png	/tmp/claude-0/-home-user-yolo-web/7ec6fd95-5319-581a-b78e-9e5ca394946c/scratchpad/rv-t57-2/out/yoji_320_default.png	14929
tmp-records/scratchpad/rv-t57-2/out/yoji_375_200.png	/tmp/claude-0/-home-user-yolo-web/7ec6fd95-5319-581a-b78e-9e5ca394946c/scratchpad/rv-t57-2/out/yoji_375_200.png	31441
tmp-records/scratchpad/rv-t57-2/out/yoji_375_dark.png	/tmp/claude-0/-home-user-yolo-web/7ec6fd95-5319-581a-b78e-9e5ca394946c/scratchpad/rv-t57-2/out/yoji_375_dark.png	14635
tmp-records/scratchpad/rv-t57-2/out/yoji_375_default.png	/tmp/claude-0/-home-user-yolo-web/7ec6fd95-5319-581a-b78e-9e5ca394946c/scratchpad/rv-t57-2/out/yoji_375_default.png	14241
tmp-records/scratchpad/rv-t57-2/phrased.log	/tmp/claude-0/-home-user-yolo-web/7ec6fd95-5319-581a-b78e-9e5ca394946c/scratchpad/rv-t57-2/phrased.log	50028
tmp-records/scratchpad/rv-t57-2/prettier.log	/tmp/claude-0/-home-user-yolo-web/7ec6fd95-5319-581a-b78e-9e5ca394946c/scratchpad/rv-t57-2/prettier.log	66
tmp-records/scratchpad/rv-t57-2/srv.log	/tmp/claude-0/-home-user-yolo-web/7ec6fd95-5319-581a-b78e-9e5ca394946c/scratchpad/rv-t57-2/srv.log	973
tmp-records/scratchpad/rv-t57-2/tsc.log	/tmp/claude-0/-home-user-yolo-web/7ec6fd95-5319-581a-b78e-9e5ca394946c/scratchpad/rv-t57-2/tsc.log	0
tmp-records/scratchpad/rv-t57-2/vitest-rerun.log	/tmp/claude-0/-home-user-yolo-web/7ec6fd95-5319-581a-b78e-9e5ca394946c/scratchpad/rv-t57-2/vitest-rerun.log	522
tmp-records/scratchpad/rv-t57-2/vitest.log	/tmp/claude-0/-home-user-yolo-web/7ec6fd95-5319-581a-b78e-9e5ca394946c/scratchpad/rv-t57-2/vitest.log	16276
tmp-records/scratchpad/rv.mjs	/tmp/claude-0/-home-user-yolo-web/7ec6fd95-5319-581a-b78e-9e5ca394946c/scratchpad/rv.mjs	2441
tmp-records/scratchpad/rv529-artifacts/allwords.txt	/tmp/claude-0/-home-user-yolo-web/7ec6fd95-5319-581a-b78e-9e5ca394946c/scratchpad/rv529-artifacts/allwords.txt	7878
tmp-records/scratchpad/rv529-artifacts/corpus.json	/tmp/claude-0/-home-user-yolo-web/7ec6fd95-5319-581a-b78e-9e5ca394946c/scratchpad/rv529-artifacts/corpus.json	1793345
tmp-records/scratchpad/rv529-artifacts/diffs.json	/tmp/claude-0/-home-user-yolo-web/7ec6fd95-5319-581a-b78e-9e5ca394946c/scratchpad/rv529-artifacts/diffs.json	105423
tmp-records/scratchpad/rv529-artifacts/kbreaks.txt	/tmp/claude-0/-home-user-yolo-web/7ec6fd95-5319-581a-b78e-9e5ca394946c/scratchpad/rv529-artifacts/kbreaks.txt	25416
tmp-records/scratchpad/rv529-artifacts/measure.mjs	/tmp/claude-0/-home-user-yolo-web/7ec6fd95-5319-581a-b78e-9e5ca394946c/scratchpad/rv529-artifacts/measure.mjs	2149
tmp-records/scratchpad/rv529-artifacts/og-email.png	/tmp/claude-0/-home-user-yolo-web/7ec6fd95-5319-581a-b78e-9e5ca394946c/scratchpad/rv529-artifacts/og-email.png	48926
tmp-records/scratchpad/rv529-artifacts/old/corpus.json	/tmp/claude-0/-home-user-yolo-web/7ec6fd95-5319-581a-b78e-9e5ca394946c/scratchpad/rv529-artifacts/old/corpus.json	1793345
tmp-records/scratchpad/rv529-artifacts/pairs-out.txt	/tmp/claude-0/-home-user-yolo-web/7ec6fd95-5319-581a-b78e-9e5ca394946c/scratchpad/rv529-artifacts/pairs-out.txt	6710
tmp-records/scratchpad/rv529-artifacts/pb-new.ts	/tmp/claude-0/-home-user-yolo-web/7ec6fd95-5319-581a-b78e-9e5ca394946c/scratchpad/rv529-artifacts/pb-new.ts	30857
tmp-records/scratchpad/rv529-artifacts/pb-old.ts	/tmp/claude-0/-home-user-yolo-web/7ec6fd95-5319-581a-b78e-9e5ca394946c/scratchpad/rv529-artifacts/pb-old.ts	28669
tmp-records/scratchpad/rv529-artifacts/pb-varB.ts	/tmp/claude-0/-home-user-yolo-web/7ec6fd95-5319-581a-b78e-9e5ca394946c/scratchpad/rv529-artifacts/pb-varB.ts	30887
tmp-records/scratchpad/rv529-artifacts/shot-320-200.png	/tmp/claude-0/-home-user-yolo-web/7ec6fd95-5319-581a-b78e-9e5ca394946c/scratchpad/rv529-artifacts/shot-320-200.png	30329
tmp-records/scratchpad/rv529-artifacts/shot-320.png	/tmp/claude-0/-home-user-yolo-web/7ec6fd95-5319-581a-b78e-9e5ca394946c/scratchpad/rv529-artifacts/shot-320.png	35430
tmp-records/scratchpad/rv529-artifacts/shot-375.png	/tmp/claude-0/-home-user-yolo-web/7ec6fd95-5319-581a-b78e-9e5ca394946c/scratchpad/rv529-artifacts/shot-375.png	50141
tmp-records/scratchpad/rv529-artifacts/show.mjs	/tmp/claude-0/-home-user-yolo-web/7ec6fd95-5319-581a-b78e-9e5ca394946c/scratchpad/rv529-artifacts/show.mjs	771
tmp-records/scratchpad/rv529-artifacts/words1.txt	/tmp/claude-0/-home-user-yolo-web/7ec6fd95-5319-581a-b78e-9e5ca394946c/scratchpad/rv529-artifacts/words1.txt	2088
tmp-records/scratchpad/rv529-artifacts/words2.txt	/tmp/claude-0/-home-user-yolo-web/7ec6fd95-5319-581a-b78e-9e5ca394946c/scratchpad/rv529-artifacts/words2.txt	3388
tmp-records/scratchpad/rv529-artifacts/words3.txt	/tmp/claude-0/-home-user-yolo-web/7ec6fd95-5319-581a-b78e-9e5ca394946c/scratchpad/rv529-artifacts/words3.txt	1316
tmp-records/scratchpad/rv529-artifacts/words4.txt	/tmp/claude-0/-home-user-yolo-web/7ec6fd95-5319-581a-b78e-9e5ca394946c/scratchpad/rv529-artifacts/words4.txt	1086
tmp-records/scratchpad/rv529r2-tools/allwords.txt	/tmp/claude-0/-home-user-yolo-web/7ec6fd95-5319-581a-b78e-9e5ca394946c/scratchpad/rv529r2-tools/allwords.txt	7878
tmp-records/scratchpad/rv529r2-tools/bdiff.py	/tmp/claude-0/-home-user-yolo-web/7ec6fd95-5319-581a-b78e-9e5ca394946c/scratchpad/rv529r2-tools/bdiff.py	853
tmp-records/scratchpad/rv529r2-tools/corpus-now.json	/tmp/claude-0/-home-user-yolo-web/7ec6fd95-5319-581a-b78e-9e5ca394946c/scratchpad/rv529r2-tools/corpus-now.json	1794313
tmp-records/scratchpad/rv529r2-tools/corpus.json	/tmp/claude-0/-home-user-yolo-web/7ec6fd95-5319-581a-b78e-9e5ca394946c/scratchpad/rv529r2-tools/corpus.json	1793345
tmp-records/scratchpad/rv529r2-tools/design-t529.patch	/tmp/claude-0/-home-user-yolo-web/7ec6fd95-5319-581a-b78e-9e5ca394946c/scratchpad/rv529r2-tools/design-t529.patch	3547
tmp-records/scratchpad/rv529r2-tools/diffs-now.json	/tmp/claude-0/-home-user-yolo-web/7ec6fd95-5319-581a-b78e-9e5ca394946c/scratchpad/rv529r2-tools/diffs-now.json	101567
tmp-records/scratchpad/rv529r2-tools/measure.mjs	/tmp/claude-0/-home-user-yolo-web/7ec6fd95-5319-581a-b78e-9e5ca394946c/scratchpad/rv529r2-tools/measure.mjs	2396
tmp-records/scratchpad/rv529r2-tools/old/corpus.json	/tmp/claude-0/-home-user-yolo-web/7ec6fd95-5319-581a-b78e-9e5ca394946c/scratchpad/rv529r2-tools/old/corpus.json	1793345
tmp-records/scratchpad/rv529r2-tools/pairs-out.txt	/tmp/claude-0/-home-user-yolo-web/7ec6fd95-5319-581a-b78e-9e5ca394946c/scratchpad/rv529r2-tools/pairs-out.txt	1656
tmp-records/scratchpad/rv529r2-tools/pairs-seed11.txt	/tmp/claude-0/-home-user-yolo-web/7ec6fd95-5319-581a-b78e-9e5ca394946c/scratchpad/rv529r2-tools/pairs-seed11.txt	2234
tmp-records/scratchpad/rv529r2-tools/pairs-seed23.txt	/tmp/claude-0/-home-user-yolo-web/7ec6fd95-5319-581a-b78e-9e5ca394946c/scratchpad/rv529r2-tools/pairs-seed23.txt	1333
tmp-records/scratchpad/rv529r2-tools/pairs-seed7.txt	/tmp/claude-0/-home-user-yolo-web/7ec6fd95-5319-581a-b78e-9e5ca394946c/scratchpad/rv529r2-tools/pairs-seed7.txt	1656
tmp-records/scratchpad/rv529r2-tools/pb-new.orig.ts	/tmp/claude-0/-home-user-yolo-web/7ec6fd95-5319-581a-b78e-9e5ca394946c/scratchpad/rv529r2-tools/pb-new.orig.ts	32994
tmp-records/scratchpad/rv529r2-tools/pb-new.ts	/tmp/claude-0/-home-user-yolo-web/7ec6fd95-5319-581a-b78e-9e5ca394946c/scratchpad/rv529r2-tools/pb-new.ts	32994
tmp-records/scratchpad/rv529r2-tools/pb-old.ts	/tmp/claude-0/-home-user-yolo-web/7ec6fd95-5319-581a-b78e-9e5ca394946c/scratchpad/rv529r2-tools/pb-old.ts	28669
tmp-records/scratchpad/rv529r2-tools/probe-bad.txt	/tmp/claude-0/-home-user-yolo-web/7ec6fd95-5319-581a-b78e-9e5ca394946c/scratchpad/rv529r2-tools/probe-bad.txt	1044
tmp-records/scratchpad/rv529r2-tools/probe-trans.txt	/tmp/claude-0/-home-user-yolo-web/7ec6fd95-5319-581a-b78e-9e5ca394946c/scratchpad/rv529r2-tools/probe-trans.txt	4571
tmp-records/scratchpad/rv529r2-tools/shots/shot-320-16.png	/tmp/claude-0/-home-user-yolo-web/7ec6fd95-5319-581a-b78e-9e5ca394946c/scratchpad/rv529r2-tools/shots/shot-320-16.png	47351
tmp-records/scratchpad/rv529r2-tools/shots/shot-320-32.png	/tmp/claude-0/-home-user-yolo-web/7ec6fd95-5319-581a-b78e-9e5ca394946c/scratchpad/rv529r2-tools/shots/shot-320-32.png	32761
tmp-records/scratchpad/rv529r2-tools/shots/shot-375-16.png	/tmp/claude-0/-home-user-yolo-web/7ec6fd95-5319-581a-b78e-9e5ca394946c/scratchpad/rv529r2-tools/shots/shot-375-16.png	60872
tmp-records/scratchpad/rv529r2-tools/shots/shot-375-32.png	/tmp/claude-0/-home-user-yolo-web/7ec6fd95-5319-581a-b78e-9e5ca394946c/scratchpad/rv529r2-tools/shots/shot-375-32.png	38600
tmp-records/scratchpad/rv529r2-tools/skill-t529.patch	/tmp/claude-0/-home-user-yolo-web/7ec6fd95-5319-581a-b78e-9e5ca394946c/scratchpad/rv529r2-tools/skill-t529.patch	6134
tmp-records/scratchpad/rv529r2-tools/words1.txt	/tmp/claude-0/-home-user-yolo-web/7ec6fd95-5319-581a-b78e-9e5ca394946c/scratchpad/rv529r2-tools/words1.txt	2088
tmp-records/scratchpad/rv529r2-tools/words2.txt	/tmp/claude-0/-home-user-yolo-web/7ec6fd95-5319-581a-b78e-9e5ca394946c/scratchpad/rv529r2-tools/words2.txt	3388
tmp-records/scratchpad/rv529r2-tools/words3.txt	/tmp/claude-0/-home-user-yolo-web/7ec6fd95-5319-581a-b78e-9e5ca394946c/scratchpad/rv529r2-tools/words3.txt	1316
tmp-records/scratchpad/rv529r2-tools/words4.txt	/tmp/claude-0/-home-user-yolo-web/7ec6fd95-5319-581a-b78e-9e5ca394946c/scratchpad/rv529r2-tools/words4.txt	1086
tmp-records/scratchpad/rv529r3/bdiff.py	/tmp/claude-0/-home-user-yolo-web/7ec6fd95-5319-581a-b78e-9e5ca394946c/scratchpad/rv529r3/bdiff.py	853
tmp-records/scratchpad/rv529r3/build.log	/tmp/claude-0/-home-user-yolo-web/7ec6fd95-5319-581a-b78e-9e5ca394946c/scratchpad/rv529r3/build.log	16084
tmp-records/scratchpad/rv529r3/corpus-now.json	/tmp/claude-0/-home-user-yolo-web/7ec6fd95-5319-581a-b78e-9e5ca394946c/scratchpad/rv529r3/corpus-now.json	1795573
tmp-records/scratchpad/rv529r3/cpn-new.txt	/tmp/claude-0/-home-user-yolo-web/7ec6fd95-5319-581a-b78e-9e5ca394946c/scratchpad/rv529r3/cpn-new.txt	49880
tmp-records/scratchpad/rv529r3/cpn-old.txt	/tmp/claude-0/-home-user-yolo-web/7ec6fd95-5319-581a-b78e-9e5ca394946c/scratchpad/rv529r3/cpn-old.txt	49880
tmp-records/scratchpad/rv529r3/diffs.json	/tmp/claude-0/-home-user-yolo-web/7ec6fd95-5319-581a-b78e-9e5ca394946c/scratchpad/rv529r3/diffs.json	54704
tmp-records/scratchpad/rv529r3/extra.json	/tmp/claude-0/-home-user-yolo-web/7ec6fd95-5319-581a-b78e-9e5ca394946c/scratchpad/rv529r3/extra.json	1626714
tmp-records/scratchpad/rv529r3/measure.mjs	/tmp/claude-0/-home-user-yolo-web/7ec6fd95-5319-581a-b78e-9e5ca394946c/scratchpad/rv529r3/measure.mjs	2898
tmp-records/scratchpad/rv529r3/pairs-23.txt	/tmp/claude-0/-home-user-yolo-web/7ec6fd95-5319-581a-b78e-9e5ca394946c/scratchpad/rv529r3/pairs-23.txt	875
tmp-records/scratchpad/rv529r3/pairs-42.txt	/tmp/claude-0/-home-user-yolo-web/7ec6fd95-5319-581a-b78e-9e5ca394946c/scratchpad/rv529r3/pairs-42.txt	1064
tmp-records/scratchpad/rv529r3/pairs-7.txt	/tmp/claude-0/-home-user-yolo-web/7ec6fd95-5319-581a-b78e-9e5ca394946c/scratchpad/rv529r3/pairs-7.txt	488
tmp-records/scratchpad/rv529r3/pairs-99.txt	/tmp/claude-0/-home-user-yolo-web/7ec6fd95-5319-581a-b78e-9e5ca394946c/scratchpad/rv529r3/pairs-99.txt	658
tmp-records/scratchpad/rv529r3/pb-new.ts	/tmp/claude-0/-home-user-yolo-web/7ec6fd95-5319-581a-b78e-9e5ca394946c/scratchpad/rv529r3/pb-new.ts	26486
tmp-records/scratchpad/rv529r3/pb-old.ts	/tmp/claude-0/-home-user-yolo-web/7ec6fd95-5319-581a-b78e-9e5ca394946c/scratchpad/rv529r3/pb-old.ts	28669
tmp-records/scratchpad/rv529r3/pb-t529-save.ts	/tmp/claude-0/-home-user-yolo-web/7ec6fd95-5319-581a-b78e-9e5ca394946c/scratchpad/rv529r3/pb-t529-save.ts	26509
tmp-records/scratchpad/rv529r3/server.log	/tmp/claude-0/-home-user-yolo-web/7ec6fd95-5319-581a-b78e-9e5ca394946c/scratchpad/rv529r3/server.log	890
tmp-records/scratchpad/rv529r3/shot-320-16.png	/tmp/claude-0/-home-user-yolo-web/7ec6fd95-5319-581a-b78e-9e5ca394946c/scratchpad/rv529r3/shot-320-16.png	47351
tmp-records/scratchpad/rv529r3/shot-320-32.png	/tmp/claude-0/-home-user-yolo-web/7ec6fd95-5319-581a-b78e-9e5ca394946c/scratchpad/rv529r3/shot-320-32.png	32761
tmp-records/scratchpad/rv529r3/shot-375-16.png	/tmp/claude-0/-home-user-yolo-web/7ec6fd95-5319-581a-b78e-9e5ca394946c/scratchpad/rv529r3/shot-375-16.png	60872
tmp-records/scratchpad/rv529r3/shot-375-32.png	/tmp/claude-0/-home-user-yolo-web/7ec6fd95-5319-581a-b78e-9e5ca394946c/scratchpad/rv529r3/shot-375-32.png	38600
tmp-records/scratchpad/rv529r3/word-starts.ts	/tmp/claude-0/-home-user-yolo-web/7ec6fd95-5319-581a-b78e-9e5ca394946c/scratchpad/rv529r3/word-starts.ts	9010
tmp-records/scratchpad/rv529r4/t529.patch	/tmp/claude-0/-home-user-yolo-web/7ec6fd95-5319-581a-b78e-9e5ca394946c/scratchpad/rv529r4/t529.patch	11556
tmp-records/scratchpad/rv529r5/t529.patch	/tmp/claude-0/-home-user-yolo-web/7ec6fd95-5319-581a-b78e-9e5ca394946c/scratchpad/rv529r5/t529.patch	11556
tmp-records/scratchpad/softnav-h1.png	/tmp/claude-0/-home-user-yolo-web/7ec6fd95-5319-581a-b78e-9e5ca394946c/scratchpad/softnav-h1.png	15613
tmp-records/scratchpad/softnav2.mjs	/tmp/claude-0/-home-user-yolo-web/7ec6fd95-5319-581a-b78e-9e5ca394946c/scratchpad/softnav2.mjs	2211
tmp-records/scratchpad/srch.mjs	/tmp/claude-0/-home-user-yolo-web/7ec6fd95-5319-581a-b78e-9e5ca394946c/scratchpad/srch.mjs	1317
tmp-records/scratchpad/t5-33/m/after-all-desk900.txt	/tmp/claude-0/-home-user-yolo-web/7ec6fd95-5319-581a-b78e-9e5ca394946c/scratchpad/t5-33/m/after-all-desk900.txt	3872
tmp-records/scratchpad/t5-33/m/after-all-thr900.txt	/tmp/claude-0/-home-user-yolo-web/7ec6fd95-5319-581a-b78e-9e5ca394946c/scratchpad/t5-33/m/after-all-thr900.txt	968
tmp-records/scratchpad/t5-33/m/after-irodori-thr.txt	/tmp/claude-0/-home-user-yolo-web/7ec6fd95-5319-581a-b78e-9e5ca394946c/scratchpad/t5-33/m/after-irodori-thr.txt	1114
tmp-records/scratchpad/t5-33/m/after-others-thr.txt	/tmp/claude-0/-home-user-yolo-web/7ec6fd95-5319-581a-b78e-9e5ca394946c/scratchpad/t5-33/m/after-others-thr.txt	1434
tmp-records/scratchpad/t5-33/m/before-all-desk900.txt	/tmp/claude-0/-home-user-yolo-web/7ec6fd95-5319-581a-b78e-9e5ca394946c/scratchpad/t5-33/m/before-all-desk900.txt	5548
tmp-records/scratchpad/t5-33/m/before-all-thr900.txt	/tmp/claude-0/-home-user-yolo-web/7ec6fd95-5319-581a-b78e-9e5ca394946c/scratchpad/t5-33/m/before-all-thr900.txt	2659
tmp-records/scratchpad/t5-33/m/before-irodori-thr.txt	/tmp/claude-0/-home-user-yolo-web/7ec6fd95-5319-581a-b78e-9e5ca394946c/scratchpad/t5-33/m/before-irodori-thr.txt	1286
tmp-records/scratchpad/t5-33/m/before-others-thr.txt	/tmp/claude-0/-home-user-yolo-web/7ec6fd95-5319-581a-b78e-9e5ca394946c/scratchpad/t5-33/m/before-others-thr.txt	1657
tmp-records/scratchpad/t5-33/m/before-probe.txt	/tmp/claude-0/-home-user-yolo-web/7ec6fd95-5319-581a-b78e-9e5ca394946c/scratchpad/t5-33/m/before-probe.txt	146
tmp-records/scratchpad/t5-33/m/cls.mjs	/tmp/claude-0/-home-user-yolo-web/7ec6fd95-5319-581a-b78e-9e5ca394946c/scratchpad/t5-33/m/cls.mjs	5552
tmp-records/scratchpad/t5-33/m/cmp.mjs	/tmp/claude-0/-home-user-yolo-web/7ec6fd95-5319-581a-b78e-9e5ca394946c/scratchpad/t5-33/m/cmp.mjs	893
tmp-records/scratchpad/t5-33/m/emul.txt	/tmp/claude-0/-home-user-yolo-web/7ec6fd95-5319-581a-b78e-9e5ca394946c/scratchpad/t5-33/m/emul.txt	1028
tmp-records/scratchpad/t5-33/m/frame.mjs	/tmp/claude-0/-home-user-yolo-web/7ec6fd95-5319-581a-b78e-9e5ca394946c/scratchpad/t5-33/m/frame.mjs	1936
tmp-records/scratchpad/t5-33/m/frame2.mjs	/tmp/claude-0/-home-user-yolo-web/7ec6fd95-5319-581a-b78e-9e5ca394946c/scratchpad/t5-33/m/frame2.mjs	2365
tmp-records/scratchpad/t5-33/m/k-after.png	/tmp/claude-0/-home-user-yolo-web/7ec6fd95-5319-581a-b78e-9e5ca394946c/scratchpad/t5-33/m/k-after.png	44606
tmp-records/scratchpad/t5-33/m/k-before.png	/tmp/claude-0/-home-user-yolo-web/7ec6fd95-5319-581a-b78e-9e5ca394946c/scratchpad/t5-33/m/k-before.png	44609
tmp-records/scratchpad/t5-33/m/k2crop.png	/tmp/claude-0/-home-user-yolo-web/7ec6fd95-5319-581a-b78e-9e5ca394946c/scratchpad/t5-33/m/k2crop.png	44606
tmp-records/scratchpad/t5-33/m/orig.ts	/tmp/claude-0/-home-user-yolo-web/7ec6fd95-5319-581a-b78e-9e5ca394946c/scratchpad/t5-33/m/orig.ts	14157
tmp-records/scratchpad/t5-33/m/sanity.mjs	/tmp/claude-0/-home-user-yolo-web/7ec6fd95-5319-581a-b78e-9e5ca394946c/scratchpad/t5-33/m/sanity.mjs	1337
tmp-records/scratchpad/t5-33/m/seeds.json	/tmp/claude-0/-home-user-yolo-web/7ec6fd95-5319-581a-b78e-9e5ca394946c/scratchpad/t5-33/m/seeds.json	4061
tmp-records/scratchpad/t5-33/m/shots-after/irodori-finished-1280-16.png	/tmp/claude-0/-home-user-yolo-web/7ec6fd95-5319-581a-b78e-9e5ca394946c/scratchpad/t5-33/m/shots-after/irodori-finished-1280-16.png	469438
tmp-records/scratchpad/t5-33/m/shots-after/irodori-finished-320-16.png	/tmp/claude-0/-home-user-yolo-web/7ec6fd95-5319-581a-b78e-9e5ca394946c/scratchpad/t5-33/m/shots-after/irodori-finished-320-16.png	398062
tmp-records/scratchpad/t5-33/m/shots-after/irodori-finished-375-16.png	/tmp/claude-0/-home-user-yolo-web/7ec6fd95-5319-581a-b78e-9e5ca394946c/scratchpad/t5-33/m/shots-after/irodori-finished-375-16.png	400501
tmp-records/scratchpad/t5-33/m/shots-after/irodori-finished-375-32.png	/tmp/claude-0/-home-user-yolo-web/7ec6fd95-5319-581a-b78e-9e5ca394946c/scratchpad/t5-33/m/shots-after/irodori-finished-375-32.png	429760
tmp-records/scratchpad/t5-33/m/shots-after/irodori-fresh-1280-16.png	/tmp/claude-0/-home-user-yolo-web/7ec6fd95-5319-581a-b78e-9e5ca394946c/scratchpad/t5-33/m/shots-after/irodori-fresh-1280-16.png	350641
tmp-records/scratchpad/t5-33/m/shots-after/irodori-fresh-320-16.png	/tmp/claude-0/-home-user-yolo-web/7ec6fd95-5319-581a-b78e-9e5ca394946c/scratchpad/t5-33/m/shots-after/irodori-fresh-320-16.png	310193
tmp-records/scratchpad/t5-33/m/shots-after/irodori-fresh-375-16.png	/tmp/claude-0/-home-user-yolo-web/7ec6fd95-5319-581a-b78e-9e5ca394946c/scratchpad/t5-33/m/shots-after/irodori-fresh-375-16.png	313317
tmp-records/scratchpad/t5-33/m/shots-after/irodori-fresh-375-32.png	/tmp/claude-0/-home-user-yolo-web/7ec6fd95-5319-581a-b78e-9e5ca394946c/scratchpad/t5-33/m/shots-after/irodori-fresh-375-32.png	337081
tmp-records/scratchpad/t5-33/m/shots-after/kanji-kanaru-finished-1280-16.png	/tmp/claude-0/-home-user-yolo-web/7ec6fd95-5319-581a-b78e-9e5ca394946c/scratchpad/t5-33/m/shots-after/kanji-kanaru-finished-1280-16.png	560038
tmp-records/scratchpad/t5-33/m/shots-after/kanji-kanaru-finished-320-16.png	/tmp/claude-0/-home-user-yolo-web/7ec6fd95-5319-581a-b78e-9e5ca394946c/scratchpad/t5-33/m/shots-after/kanji-kanaru-finished-320-16.png	488127
tmp-records/scratchpad/t5-33/m/shots-after/kanji-kanaru-finished-375-16.png	/tmp/claude-0/-home-user-yolo-web/7ec6fd95-5319-581a-b78e-9e5ca394946c/scratchpad/t5-33/m/shots-after/kanji-kanaru-finished-375-16.png	498572
tmp-records/scratchpad/t5-33/m/shots-after/kanji-kanaru-finished-375-32.png	/tmp/claude-0/-home-user-yolo-web/7ec6fd95-5319-581a-b78e-9e5ca394946c/scratchpad/t5-33/m/shots-after/kanji-kanaru-finished-375-32.png	533929
tmp-records/scratchpad/t5-33/m/shots-after/kanji-kanaru-fresh-1280-16.png	/tmp/claude-0/-home-user-yolo-web/7ec6fd95-5319-581a-b78e-9e5ca394946c/scratchpad/t5-33/m/shots-after/kanji-kanaru-fresh-1280-16.png	449594
tmp-records/scratchpad/t5-33/m/shots-after/kanji-kanaru-fresh-320-16.png	/tmp/claude-0/-home-user-yolo-web/7ec6fd95-5319-581a-b78e-9e5ca394946c/scratchpad/t5-33/m/shots-after/kanji-kanaru-fresh-320-16.png	408351
tmp-records/scratchpad/t5-33/m/shots-after/kanji-kanaru-fresh-375-16.png	/tmp/claude-0/-home-user-yolo-web/7ec6fd95-5319-581a-b78e-9e5ca394946c/scratchpad/t5-33/m/shots-after/kanji-kanaru-fresh-375-16.png	412796
tmp-records/scratchpad/t5-33/m/shots-after/kanji-kanaru-fresh-375-32.png	/tmp/claude-0/-home-user-yolo-web/7ec6fd95-5319-581a-b78e-9e5ca394946c/scratchpad/t5-33/m/shots-after/kanji-kanaru-fresh-375-32.png	443381
tmp-records/scratchpad/t5-33/m/shots-after/nakamawake-finished-1280-16.png	/tmp/claude-0/-home-user-yolo-web/7ec6fd95-5319-581a-b78e-9e5ca394946c/scratchpad/t5-33/m/shots-after/nakamawake-finished-1280-16.png	442700
tmp-records/scratchpad/t5-33/m/shots-after/nakamawake-finished-320-16.png	/tmp/claude-0/-home-user-yolo-web/7ec6fd95-5319-581a-b78e-9e5ca394946c/scratchpad/t5-33/m/shots-after/nakamawake-finished-320-16.png	364377
tmp-records/scratchpad/t5-33/m/shots-after/nakamawake-finished-375-16.png	/tmp/claude-0/-home-user-yolo-web/7ec6fd95-5319-581a-b78e-9e5ca394946c/scratchpad/t5-33/m/shots-after/nakamawake-finished-375-16.png	367961
tmp-records/scratchpad/t5-33/m/shots-after/nakamawake-finished-375-32.png	/tmp/claude-0/-home-user-yolo-web/7ec6fd95-5319-581a-b78e-9e5ca394946c/scratchpad/t5-33/m/shots-after/nakamawake-finished-375-32.png	394931
tmp-records/scratchpad/t5-33/m/shots-after/nakamawake-fresh-1280-16.png	/tmp/claude-0/-home-user-yolo-web/7ec6fd95-5319-581a-b78e-9e5ca394946c/scratchpad/t5-33/m/shots-after/nakamawake-fresh-1280-16.png	332343
tmp-records/scratchpad/t5-33/m/shots-after/nakamawake-fresh-320-16.png	/tmp/claude-0/-home-user-yolo-web/7ec6fd95-5319-581a-b78e-9e5ca394946c/scratchpad/t5-33/m/shots-after/nakamawake-fresh-320-16.png	293259
tmp-records/scratchpad/t5-33/m/shots-after/nakamawake-fresh-375-16.png	/tmp/claude-0/-home-user-yolo-web/7ec6fd95-5319-581a-b78e-9e5ca394946c/scratchpad/t5-33/m/shots-after/nakamawake-fresh-375-16.png	295111
tmp-records/scratchpad/t5-33/m/shots-after/nakamawake-fresh-375-32.png	/tmp/claude-0/-home-user-yolo-web/7ec6fd95-5319-581a-b78e-9e5ca394946c/scratchpad/t5-33/m/shots-after/nakamawake-fresh-375-32.png	316272
tmp-records/scratchpad/t5-33/m/shots-after/yoji-kimeru-finished-1280-16.png	/tmp/claude-0/-home-user-yolo-web/7ec6fd95-5319-581a-b78e-9e5ca394946c/scratchpad/t5-33/m/shots-after/yoji-kimeru-finished-1280-16.png	503148
tmp-records/scratchpad/t5-33/m/shots-after/yoji-kimeru-finished-320-16.png	/tmp/claude-0/-home-user-yolo-web/7ec6fd95-5319-581a-b78e-9e5ca394946c/scratchpad/t5-33/m/shots-after/yoji-kimeru-finished-320-16.png	424933
tmp-records/scratchpad/t5-33/m/shots-after/yoji-kimeru-finished-375-16.png	/tmp/claude-0/-home-user-yolo-web/7ec6fd95-5319-581a-b78e-9e5ca394946c/scratchpad/t5-33/m/shots-after/yoji-kimeru-finished-375-16.png	429573
tmp-records/scratchpad/t5-33/m/shots-after/yoji-kimeru-finished-375-32.png	/tmp/claude-0/-home-user-yolo-web/7ec6fd95-5319-581a-b78e-9e5ca394946c/scratchpad/t5-33/m/shots-after/yoji-kimeru-finished-375-32.png	459371
tmp-records/scratchpad/t5-33/m/shots-after/yoji-kimeru-fresh-1280-16.png	/tmp/claude-0/-home-user-yolo-web/7ec6fd95-5319-581a-b78e-9e5ca394946c/scratchpad/t5-33/m/shots-after/yoji-kimeru-fresh-1280-16.png	364972
tmp-records/scratchpad/t5-33/m/shots-after/yoji-kimeru-fresh-320-16.png	/tmp/claude-0/-home-user-yolo-web/7ec6fd95-5319-581a-b78e-9e5ca394946c/scratchpad/t5-33/m/shots-after/yoji-kimeru-fresh-320-16.png	324289
tmp-records/scratchpad/t5-33/m/shots-after/yoji-kimeru-fresh-375-16.png	/tmp/claude-0/-home-user-yolo-web/7ec6fd95-5319-581a-b78e-9e5ca394946c/scratchpad/t5-33/m/shots-after/yoji-kimeru-fresh-375-16.png	327017
tmp-records/scratchpad/t5-33/m/shots-after/yoji-kimeru-fresh-375-32.png	/tmp/claude-0/-home-user-yolo-web/7ec6fd95-5319-581a-b78e-9e5ca394946c/scratchpad/t5-33/m/shots-after/yoji-kimeru-fresh-375-32.png	351830
tmp-records/scratchpad/t5-33/m/shots-before/irodori-finished-1280-16.png	/tmp/claude-0/-home-user-yolo-web/7ec6fd95-5319-581a-b78e-9e5ca394946c/scratchpad/t5-33/m/shots-before/irodori-finished-1280-16.png	469438
tmp-records/scratchpad/t5-33/m/shots-before/irodori-finished-320-16.png	/tmp/claude-0/-home-user-yolo-web/7ec6fd95-5319-581a-b78e-9e5ca394946c/scratchpad/t5-33/m/shots-before/irodori-finished-320-16.png	398062
tmp-records/scratchpad/t5-33/m/shots-before/irodori-finished-375-16.png	/tmp/claude-0/-home-user-yolo-web/7ec6fd95-5319-581a-b78e-9e5ca394946c/scratchpad/t5-33/m/shots-before/irodori-finished-375-16.png	400501
tmp-records/scratchpad/t5-33/m/shots-before/irodori-finished-375-32.png	/tmp/claude-0/-home-user-yolo-web/7ec6fd95-5319-581a-b78e-9e5ca394946c/scratchpad/t5-33/m/shots-before/irodori-finished-375-32.png	429760
tmp-records/scratchpad/t5-33/m/shots-before/irodori-fresh-1280-16.png	/tmp/claude-0/-home-user-yolo-web/7ec6fd95-5319-581a-b78e-9e5ca394946c/scratchpad/t5-33/m/shots-before/irodori-fresh-1280-16.png	350641
tmp-records/scratchpad/t5-33/m/shots-before/irodori-fresh-320-16.png	/tmp/claude-0/-home-user-yolo-web/7ec6fd95-5319-581a-b78e-9e5ca394946c/scratchpad/t5-33/m/shots-before/irodori-fresh-320-16.png	310193
tmp-records/scratchpad/t5-33/m/shots-before/irodori-fresh-375-16.png	/tmp/claude-0/-home-user-yolo-web/7ec6fd95-5319-581a-b78e-9e5ca394946c/scratchpad/t5-33/m/shots-before/irodori-fresh-375-16.png	313317
tmp-records/scratchpad/t5-33/m/shots-before/irodori-fresh-375-32.png	/tmp/claude-0/-home-user-yolo-web/7ec6fd95-5319-581a-b78e-9e5ca394946c/scratchpad/t5-33/m/shots-before/irodori-fresh-375-32.png	337081
tmp-records/scratchpad/t5-33/m/shots-before/kanji-kanaru-finished-1280-16.png	/tmp/claude-0/-home-user-yolo-web/7ec6fd95-5319-581a-b78e-9e5ca394946c/scratchpad/t5-33/m/shots-before/kanji-kanaru-finished-1280-16.png	560038
tmp-records/scratchpad/t5-33/m/shots-before/kanji-kanaru-finished-320-16.png	/tmp/claude-0/-home-user-yolo-web/7ec6fd95-5319-581a-b78e-9e5ca394946c/scratchpad/t5-33/m/shots-before/kanji-kanaru-finished-320-16.png	488127
tmp-records/scratchpad/t5-33/m/shots-before/kanji-kanaru-finished-375-16.png	/tmp/claude-0/-home-user-yolo-web/7ec6fd95-5319-581a-b78e-9e5ca394946c/scratchpad/t5-33/m/shots-before/kanji-kanaru-finished-375-16.png	498572
tmp-records/scratchpad/t5-33/m/shots-before/kanji-kanaru-finished-375-32.png	/tmp/claude-0/-home-user-yolo-web/7ec6fd95-5319-581a-b78e-9e5ca394946c/scratchpad/t5-33/m/shots-before/kanji-kanaru-finished-375-32.png	534176
tmp-records/scratchpad/t5-33/m/shots-before/kanji-kanaru-fresh-1280-16.png	/tmp/claude-0/-home-user-yolo-web/7ec6fd95-5319-581a-b78e-9e5ca394946c/scratchpad/t5-33/m/shots-before/kanji-kanaru-fresh-1280-16.png	449594
tmp-records/scratchpad/t5-33/m/shots-before/kanji-kanaru-fresh-320-16.png	/tmp/claude-0/-home-user-yolo-web/7ec6fd95-5319-581a-b78e-9e5ca394946c/scratchpad/t5-33/m/shots-before/kanji-kanaru-fresh-320-16.png	408351
tmp-records/scratchpad/t5-33/m/shots-before/kanji-kanaru-fresh-375-16.png	/tmp/claude-0/-home-user-yolo-web/7ec6fd95-5319-581a-b78e-9e5ca394946c/scratchpad/t5-33/m/shots-before/kanji-kanaru-fresh-375-16.png	412796
tmp-records/scratchpad/t5-33/m/shots-before/kanji-kanaru-fresh-375-32.png	/tmp/claude-0/-home-user-yolo-web/7ec6fd95-5319-581a-b78e-9e5ca394946c/scratchpad/t5-33/m/shots-before/kanji-kanaru-fresh-375-32.png	443381
tmp-records/scratchpad/t5-33/m/shots-before/nakamawake-finished-1280-16.png	/tmp/claude-0/-home-user-yolo-web/7ec6fd95-5319-581a-b78e-9e5ca394946c/scratchpad/t5-33/m/shots-before/nakamawake-finished-1280-16.png	442700
tmp-records/scratchpad/t5-33/m/shots-before/nakamawake-finished-320-16.png	/tmp/claude-0/-home-user-yolo-web/7ec6fd95-5319-581a-b78e-9e5ca394946c/scratchpad/t5-33/m/shots-before/nakamawake-finished-320-16.png	364377
tmp-records/scratchpad/t5-33/m/shots-before/nakamawake-finished-375-16.png	/tmp/claude-0/-home-user-yolo-web/7ec6fd95-5319-581a-b78e-9e5ca394946c/scratchpad/t5-33/m/shots-before/nakamawake-finished-375-16.png	367961
tmp-records/scratchpad/t5-33/m/shots-before/nakamawake-finished-375-32.png	/tmp/claude-0/-home-user-yolo-web/7ec6fd95-5319-581a-b78e-9e5ca394946c/scratchpad/t5-33/m/shots-before/nakamawake-finished-375-32.png	394931
tmp-records/scratchpad/t5-33/m/shots-before/nakamawake-fresh-1280-16.png	/tmp/claude-0/-home-user-yolo-web/7ec6fd95-5319-581a-b78e-9e5ca394946c/scratchpad/t5-33/m/shots-before/nakamawake-fresh-1280-16.png	332343
tmp-records/scratchpad/t5-33/m/shots-before/nakamawake-fresh-320-16.png	/tmp/claude-0/-home-user-yolo-web/7ec6fd95-5319-581a-b78e-9e5ca394946c/scratchpad/t5-33/m/shots-before/nakamawake-fresh-320-16.png	293259
tmp-records/scratchpad/t5-33/m/shots-before/nakamawake-fresh-375-16.png	/tmp/claude-0/-home-user-yolo-web/7ec6fd95-5319-581a-b78e-9e5ca394946c/scratchpad/t5-33/m/shots-before/nakamawake-fresh-375-16.png	295111
tmp-records/scratchpad/t5-33/m/shots-before/nakamawake-fresh-375-32.png	/tmp/claude-0/-home-user-yolo-web/7ec6fd95-5319-581a-b78e-9e5ca394946c/scratchpad/t5-33/m/shots-before/nakamawake-fresh-375-32.png	316272
tmp-records/scratchpad/t5-33/m/shots-before/yoji-kimeru-finished-1280-16.png	/tmp/claude-0/-home-user-yolo-web/7ec6fd95-5319-581a-b78e-9e5ca394946c/scratchpad/t5-33/m/shots-before/yoji-kimeru-finished-1280-16.png	503148
tmp-records/scratchpad/t5-33/m/shots-before/yoji-kimeru-finished-320-16.png	/tmp/claude-0/-home-user-yolo-web/7ec6fd95-5319-581a-b78e-9e5ca394946c/scratchpad/t5-33/m/shots-before/yoji-kimeru-finished-320-16.png	424933
tmp-records/scratchpad/t5-33/m/shots-before/yoji-kimeru-finished-375-16.png	/tmp/claude-0/-home-user-yolo-web/7ec6fd95-5319-581a-b78e-9e5ca394946c/scratchpad/t5-33/m/shots-before/yoji-kimeru-finished-375-16.png	429573
tmp-records/scratchpad/t5-33/m/shots-before/yoji-kimeru-finished-375-32.png	/tmp/claude-0/-home-user-yolo-web/7ec6fd95-5319-581a-b78e-9e5ca394946c/scratchpad/t5-33/m/shots-before/yoji-kimeru-finished-375-32.png	459371
tmp-records/scratchpad/t5-33/m/shots-before/yoji-kimeru-fresh-1280-16.png	/tmp/claude-0/-home-user-yolo-web/7ec6fd95-5319-581a-b78e-9e5ca394946c/scratchpad/t5-33/m/shots-before/yoji-kimeru-fresh-1280-16.png	364972
tmp-records/scratchpad/t5-33/m/shots-before/yoji-kimeru-fresh-320-16.png	/tmp/claude-0/-home-user-yolo-web/7ec6fd95-5319-581a-b78e-9e5ca394946c/scratchpad/t5-33/m/shots-before/yoji-kimeru-fresh-320-16.png	324289
tmp-records/scratchpad/t5-33/m/shots-before/yoji-kimeru-fresh-375-16.png	/tmp/claude-0/-home-user-yolo-web/7ec6fd95-5319-581a-b78e-9e5ca394946c/scratchpad/t5-33/m/shots-before/yoji-kimeru-fresh-375-16.png	327017
tmp-records/scratchpad/t5-33/m/shots-before/yoji-kimeru-fresh-375-32.png	/tmp/claude-0/-home-user-yolo-web/7ec6fd95-5319-581a-b78e-9e5ca394946c/scratchpad/t5-33/m/shots-before/yoji-kimeru-fresh-375-32.png	351830
tmp-records/scratchpad/t5-33/m/shots.mjs	/tmp/claude-0/-home-user-yolo-web/7ec6fd95-5319-581a-b78e-9e5ca394946c/scratchpad/t5-33/m/shots.mjs	2427
tmp-records/scratchpad/t5-6/m/all-after.json	/tmp/claude-0/-home-user-yolo-web/7ec6fd95-5319-581a-b78e-9e5ca394946c/scratchpad/t5-6/m/all-after.json	169095
tmp-records/scratchpad/t5-6/m/all-before.json	/tmp/claude-0/-home-user-yolo-web/7ec6fd95-5319-581a-b78e-9e5ca394946c/scratchpad/t5-6/m/all-before.json	168265
tmp-records/scratchpad/t5-6/m/all.cjs	/tmp/claude-0/-home-user-yolo-web/7ec6fd95-5319-581a-b78e-9e5ca394946c/scratchpad/t5-6/m/all.cjs	3716
tmp-records/scratchpad/t5-6/m/c-cf320.png	/tmp/claude-0/-home-user-yolo-web/7ec6fd95-5319-581a-b78e-9e5ca394946c/scratchpad/t5-6/m/c-cf320.png	75618
tmp-records/scratchpad/t5-6/m/c-cp1280.png	/tmp/claude-0/-home-user-yolo-web/7ec6fd95-5319-581a-b78e-9e5ca394946c/scratchpad/t5-6/m/c-cp1280.png	134528
tmp-records/scratchpad/t5-6/m/c-cp1280b.png	/tmp/claude-0/-home-user-yolo-web/7ec6fd95-5319-581a-b78e-9e5ca394946c/scratchpad/t5-6/m/c-cp1280b.png	56320
tmp-records/scratchpad/t5-6/m/c-cp375-bot.png	/tmp/claude-0/-home-user-yolo-web/7ec6fd95-5319-581a-b78e-9e5ca394946c/scratchpad/t5-6/m/c-cp375-bot.png	141187
tmp-records/scratchpad/t5-6/m/c-cp375-mid.png	/tmp/claude-0/-home-user-yolo-web/7ec6fd95-5319-581a-b78e-9e5ca394946c/scratchpad/t5-6/m/c-cp375-mid.png	159986
tmp-records/scratchpad/t5-6/m/c-cp375-top.png	/tmp/claude-0/-home-user-yolo-web/7ec6fd95-5319-581a-b78e-9e5ca394946c/scratchpad/t5-6/m/c-cp375-top.png	237869
tmp-records/scratchpad/t5-6/m/c-kanji.png	/tmp/claude-0/-home-user-yolo-web/7ec6fd95-5319-581a-b78e-9e5ca394946c/scratchpad/t5-6/m/c-kanji.png	212633
tmp-records/scratchpad/t5-6/m/c-tc200.png	/tmp/claude-0/-home-user-yolo-web/7ec6fd95-5319-581a-b78e-9e5ca394946c/scratchpad/t5-6/m/c-tc200.png	163743
tmp-records/scratchpad/t5-6/m/cells.json	/tmp/claude-0/-home-user-yolo-web/7ec6fd95-5319-581a-b78e-9e5ca394946c/scratchpad/t5-6/m/cells.json	1849
tmp-records/scratchpad/t5-6/m/cells.ts	/tmp/claude-0/-home-user-yolo-web/7ec6fd95-5319-581a-b78e-9e5ca394946c/scratchpad/t5-6/m/cells.ts	445
tmp-records/scratchpad/t5-6/m/crop.cjs	/tmp/claude-0/-home-user-yolo-web/7ec6fd95-5319-581a-b78e-9e5ca394946c/scratchpad/t5-6/m/crop.cjs	1003
tmp-records/scratchpad/t5-6/m/ids.json	/tmp/claude-0/-home-user-yolo-web/7ec6fd95-5319-581a-b78e-9e5ca394946c/scratchpad/t5-6/m/ids.json	6005
tmp-records/scratchpad/t5-6/m/ids.ts	/tmp/claude-0/-home-user-yolo-web/7ec6fd95-5319-581a-b78e-9e5ca394946c/scratchpad/t5-6/m/ids.ts	562
tmp-records/scratchpad/t5-6/m/lib.cjs	/tmp/claude-0/-home-user-yolo-web/7ec6fd95-5319-581a-b78e-9e5ca394946c/scratchpad/t5-6/m/lib.cjs	1757
tmp-records/scratchpad/t5-6/m/outline.cjs	/tmp/claude-0/-home-user-yolo-web/7ec6fd95-5319-581a-b78e-9e5ca394946c/scratchpad/t5-6/m/outline.cjs	1168
tmp-records/scratchpad/t5-6/m/pc.cjs	/tmp/claude-0/-home-user-yolo-web/7ec6fd95-5319-581a-b78e-9e5ca394946c/scratchpad/t5-6/m/pc.cjs	959
tmp-records/scratchpad/t5-6/m/phr.json	/tmp/claude-0/-home-user-yolo-web/7ec6fd95-5319-581a-b78e-9e5ca394946c/scratchpad/t5-6/m/phr.json	2163
tmp-records/scratchpad/t5-6/m/phr.ts	/tmp/claude-0/-home-user-yolo-web/7ec6fd95-5319-581a-b78e-9e5ca394946c/scratchpad/t5-6/m/phr.ts	526
tmp-records/scratchpad/t5-6/m/probe.cjs	/tmp/claude-0/-home-user-yolo-web/7ec6fd95-5319-581a-b78e-9e5ca394946c/scratchpad/t5-6/m/probe.cjs	891
tmp-records/scratchpad/t5-6/m/recheck.cjs	/tmp/claude-0/-home-user-yolo-web/7ec6fd95-5319-581a-b78e-9e5ca394946c/scratchpad/t5-6/m/recheck.cjs	1012
tmp-records/scratchpad/t5-6/m/shots-after/cf-1280-dark.png	/tmp/claude-0/-home-user-yolo-web/7ec6fd95-5319-581a-b78e-9e5ca394946c/scratchpad/t5-6/m/shots-after/cf-1280-dark.png	441748
tmp-records/scratchpad/t5-6/m/shots-after/cf-1280-light.png	/tmp/claude-0/-home-user-yolo-web/7ec6fd95-5319-581a-b78e-9e5ca394946c/scratchpad/t5-6/m/shots-after/cf-1280-light.png	428394
tmp-records/scratchpad/t5-6/m/shots-after/cf-320-dark.png	/tmp/claude-0/-home-user-yolo-web/7ec6fd95-5319-581a-b78e-9e5ca394946c/scratchpad/t5-6/m/shots-after/cf-320-dark.png	365420
tmp-records/scratchpad/t5-6/m/shots-after/cf-320-light.png	/tmp/claude-0/-home-user-yolo-web/7ec6fd95-5319-581a-b78e-9e5ca394946c/scratchpad/t5-6/m/shots-after/cf-320-light.png	352819
tmp-records/scratchpad/t5-6/m/shots-after/cf-320x200-dark.png	/tmp/claude-0/-home-user-yolo-web/7ec6fd95-5319-581a-b78e-9e5ca394946c/scratchpad/t5-6/m/shots-after/cf-320x200-dark.png	853961
tmp-records/scratchpad/t5-6/m/shots-after/cf-320x200-light.png	/tmp/claude-0/-home-user-yolo-web/7ec6fd95-5319-581a-b78e-9e5ca394946c/scratchpad/t5-6/m/shots-after/cf-320x200-light.png	830618
tmp-records/scratchpad/t5-6/m/shots-after/cf-375-dark.png	/tmp/claude-0/-home-user-yolo-web/7ec6fd95-5319-581a-b78e-9e5ca394946c/scratchpad/t5-6/m/shots-after/cf-375-dark.png	372377
tmp-records/scratchpad/t5-6/m/shots-after/cf-375-light.png	/tmp/claude-0/-home-user-yolo-web/7ec6fd95-5319-581a-b78e-9e5ca394946c/scratchpad/t5-6/m/shots-after/cf-375-light.png	359163
tmp-records/scratchpad/t5-6/m/shots-after/cp-1280-dark.png	/tmp/claude-0/-home-user-yolo-web/7ec6fd95-5319-581a-b78e-9e5ca394946c/scratchpad/t5-6/m/shots-after/cp-1280-dark.png	641487
tmp-records/scratchpad/t5-6/m/shots-after/cp-1280-light.png	/tmp/claude-0/-home-user-yolo-web/7ec6fd95-5319-581a-b78e-9e5ca394946c/scratchpad/t5-6/m/shots-after/cp-1280-light.png	622138
tmp-records/scratchpad/t5-6/m/shots-after/cp-320-dark.png	/tmp/claude-0/-home-user-yolo-web/7ec6fd95-5319-581a-b78e-9e5ca394946c/scratchpad/t5-6/m/shots-after/cp-320-dark.png	562112
tmp-records/scratchpad/t5-6/m/shots-after/cp-320-light.png	/tmp/claude-0/-home-user-yolo-web/7ec6fd95-5319-581a-b78e-9e5ca394946c/scratchpad/t5-6/m/shots-after/cp-320-light.png	542911
tmp-records/scratchpad/t5-6/m/shots-after/cp-320x200-dark.png	/tmp/claude-0/-home-user-yolo-web/7ec6fd95-5319-581a-b78e-9e5ca394946c/scratchpad/t5-6/m/shots-after/cp-320x200-dark.png	1329454
tmp-records/scratchpad/t5-6/m/shots-after/cp-320x200-light.png	/tmp/claude-0/-home-user-yolo-web/7ec6fd95-5319-581a-b78e-9e5ca394946c/scratchpad/t5-6/m/shots-after/cp-320x200-light.png	1295289
tmp-records/scratchpad/t5-6/m/shots-after/cp-375-dark.png	/tmp/claude-0/-home-user-yolo-web/7ec6fd95-5319-581a-b78e-9e5ca394946c/scratchpad/t5-6/m/shots-after/cp-375-dark.png	571948
tmp-records/scratchpad/t5-6/m/shots-after/cp-375-light.png	/tmp/claude-0/-home-user-yolo-web/7ec6fd95-5319-581a-b78e-9e5ca394946c/scratchpad/t5-6/m/shots-after/cp-375-light.png	551604
tmp-records/scratchpad/t5-6/m/shots-after/kanji-1280-dark.png	/tmp/claude-0/-home-user-yolo-web/7ec6fd95-5319-581a-b78e-9e5ca394946c/scratchpad/t5-6/m/shots-after/kanji-1280-dark.png	167035
tmp-records/scratchpad/t5-6/m/shots-after/kanji-1280-light.png	/tmp/claude-0/-home-user-yolo-web/7ec6fd95-5319-581a-b78e-9e5ca394946c/scratchpad/t5-6/m/shots-after/kanji-1280-light.png	163192
tmp-records/scratchpad/t5-6/m/shots-after/kanji-320-dark.png	/tmp/claude-0/-home-user-yolo-web/7ec6fd95-5319-581a-b78e-9e5ca394946c/scratchpad/t5-6/m/shots-after/kanji-320-dark.png	132339
tmp-records/scratchpad/t5-6/m/shots-after/kanji-320-light.png	/tmp/claude-0/-home-user-yolo-web/7ec6fd95-5319-581a-b78e-9e5ca394946c/scratchpad/t5-6/m/shots-after/kanji-320-light.png	128397
tmp-records/scratchpad/t5-6/m/shots-after/kanji-320x200-dark.png	/tmp/claude-0/-home-user-yolo-web/7ec6fd95-5319-581a-b78e-9e5ca394946c/scratchpad/t5-6/m/shots-after/kanji-320x200-dark.png	295651
tmp-records/scratchpad/t5-6/m/shots-after/kanji-320x200-light.png	/tmp/claude-0/-home-user-yolo-web/7ec6fd95-5319-581a-b78e-9e5ca394946c/scratchpad/t5-6/m/shots-after/kanji-320x200-light.png	288628
tmp-records/scratchpad/t5-6/m/shots-after/kanji-375-dark.png	/tmp/claude-0/-home-user-yolo-web/7ec6fd95-5319-581a-b78e-9e5ca394946c/scratchpad/t5-6/m/shots-after/kanji-375-dark.png	132367
tmp-records/scratchpad/t5-6/m/shots-after/kanji-375-light.png	/tmp/claude-0/-home-user-yolo-web/7ec6fd95-5319-581a-b78e-9e5ca394946c/scratchpad/t5-6/m/shots-after/kanji-375-light.png	128387
tmp-records/scratchpad/t5-6/m/shots-after/outline.json	/tmp/claude-0/-home-user-yolo-web/7ec6fd95-5319-581a-b78e-9e5ca394946c/scratchpad/t5-6/m/shots-after/outline.json	35880
tmp-records/scratchpad/t5-6/m/shots-after/tc-1280-dark.png	/tmp/claude-0/-home-user-yolo-web/7ec6fd95-5319-581a-b78e-9e5ca394946c/scratchpad/t5-6/m/shots-after/tc-1280-dark.png	383976
tmp-records/scratchpad/t5-6/m/shots-after/tc-1280-light.png	/tmp/claude-0/-home-user-yolo-web/7ec6fd95-5319-581a-b78e-9e5ca394946c/scratchpad/t5-6/m/shots-after/tc-1280-light.png	373293
tmp-records/scratchpad/t5-6/m/shots-after/tc-320-dark.png	/tmp/claude-0/-home-user-yolo-web/7ec6fd95-5319-581a-b78e-9e5ca394946c/scratchpad/t5-6/m/shots-after/tc-320-dark.png	314578
tmp-records/scratchpad/t5-6/m/shots-after/tc-320-light.png	/tmp/claude-0/-home-user-yolo-web/7ec6fd95-5319-581a-b78e-9e5ca394946c/scratchpad/t5-6/m/shots-after/tc-320-light.png	304934
tmp-records/scratchpad/t5-6/m/shots-after/tc-320x200-dark.png	/tmp/claude-0/-home-user-yolo-web/7ec6fd95-5319-581a-b78e-9e5ca394946c/scratchpad/t5-6/m/shots-after/tc-320x200-dark.png	728400
tmp-records/scratchpad/t5-6/m/shots-after/tc-320x200-light.png	/tmp/claude-0/-home-user-yolo-web/7ec6fd95-5319-581a-b78e-9e5ca394946c/scratchpad/t5-6/m/shots-after/tc-320x200-light.png	710921
tmp-records/scratchpad/t5-6/m/shots-after/tc-375-dark.png	/tmp/claude-0/-home-user-yolo-web/7ec6fd95-5319-581a-b78e-9e5ca394946c/scratchpad/t5-6/m/shots-after/tc-375-dark.png	318073
tmp-records/scratchpad/t5-6/m/shots-after/tc-375-light.png	/tmp/claude-0/-home-user-yolo-web/7ec6fd95-5319-581a-b78e-9e5ca394946c/scratchpad/t5-6/m/shots-after/tc-375-light.png	307811
tmp-records/scratchpad/t5-6/m/shots-before/cf-1280-dark.png	/tmp/claude-0/-home-user-yolo-web/7ec6fd95-5319-581a-b78e-9e5ca394946c/scratchpad/t5-6/m/shots-before/cf-1280-dark.png	437053
tmp-records/scratchpad/t5-6/m/shots-before/cf-1280-light.png	/tmp/claude-0/-home-user-yolo-web/7ec6fd95-5319-581a-b78e-9e5ca394946c/scratchpad/t5-6/m/shots-before/cf-1280-light.png	423725
tmp-records/scratchpad/t5-6/m/shots-before/cf-320-dark.png	/tmp/claude-0/-home-user-yolo-web/7ec6fd95-5319-581a-b78e-9e5ca394946c/scratchpad/t5-6/m/shots-before/cf-320-dark.png	363555
tmp-records/scratchpad/t5-6/m/shots-before/cf-320-light.png	/tmp/claude-0/-home-user-yolo-web/7ec6fd95-5319-581a-b78e-9e5ca394946c/scratchpad/t5-6/m/shots-before/cf-320-light.png	351078
tmp-records/scratchpad/t5-6/m/shots-before/cf-320x200-dark.png	/tmp/claude-0/-home-user-yolo-web/7ec6fd95-5319-581a-b78e-9e5ca394946c/scratchpad/t5-6/m/shots-before/cf-320x200-dark.png	857540
tmp-records/scratchpad/t5-6/m/shots-before/cf-320x200-light.png	/tmp/claude-0/-home-user-yolo-web/7ec6fd95-5319-581a-b78e-9e5ca394946c/scratchpad/t5-6/m/shots-before/cf-320x200-light.png	834092
tmp-records/scratchpad/t5-6/m/shots-before/cf-375-dark.png	/tmp/claude-0/-home-user-yolo-web/7ec6fd95-5319-581a-b78e-9e5ca394946c/scratchpad/t5-6/m/shots-before/cf-375-dark.png	370354
tmp-records/scratchpad/t5-6/m/shots-before/cf-375-light.png	/tmp/claude-0/-home-user-yolo-web/7ec6fd95-5319-581a-b78e-9e5ca394946c/scratchpad/t5-6/m/shots-before/cf-375-light.png	357282
tmp-records/scratchpad/t5-6/m/shots-before/cp-1280-dark.png	/tmp/claude-0/-home-user-yolo-web/7ec6fd95-5319-581a-b78e-9e5ca394946c/scratchpad/t5-6/m/shots-before/cp-1280-dark.png	637731
tmp-records/scratchpad/t5-6/m/shots-before/cp-1280-light.png	/tmp/claude-0/-home-user-yolo-web/7ec6fd95-5319-581a-b78e-9e5ca394946c/scratchpad/t5-6/m/shots-before/cp-1280-light.png	618705
tmp-records/scratchpad/t5-6/m/shots-before/cp-320-dark.png	/tmp/claude-0/-home-user-yolo-web/7ec6fd95-5319-581a-b78e-9e5ca394946c/scratchpad/t5-6/m/shots-before/cp-320-dark.png	560235
tmp-records/scratchpad/t5-6/m/shots-before/cp-320-light.png	/tmp/claude-0/-home-user-yolo-web/7ec6fd95-5319-581a-b78e-9e5ca394946c/scratchpad/t5-6/m/shots-before/cp-320-light.png	541057
tmp-records/scratchpad/t5-6/m/shots-before/cp-320x200-dark.png	/tmp/claude-0/-home-user-yolo-web/7ec6fd95-5319-581a-b78e-9e5ca394946c/scratchpad/t5-6/m/shots-before/cp-320x200-dark.png	1326084
tmp-records/scratchpad/t5-6/m/shots-before/cp-320x200-light.png	/tmp/claude-0/-home-user-yolo-web/7ec6fd95-5319-581a-b78e-9e5ca394946c/scratchpad/t5-6/m/shots-before/cp-320x200-light.png	1292023
tmp-records/scratchpad/t5-6/m/shots-before/cp-375-dark.png	/tmp/claude-0/-home-user-yolo-web/7ec6fd95-5319-581a-b78e-9e5ca394946c/scratchpad/t5-6/m/shots-before/cp-375-dark.png	569993
tmp-records/scratchpad/t5-6/m/shots-before/cp-375-light.png	/tmp/claude-0/-home-user-yolo-web/7ec6fd95-5319-581a-b78e-9e5ca394946c/scratchpad/t5-6/m/shots-before/cp-375-light.png	549783
tmp-records/scratchpad/t5-6/m/shots-before/kanji-1280-dark.png	/tmp/claude-0/-home-user-yolo-web/7ec6fd95-5319-581a-b78e-9e5ca394946c/scratchpad/t5-6/m/shots-before/kanji-1280-dark.png	163640
tmp-records/scratchpad/t5-6/m/shots-before/kanji-1280-light.png	/tmp/claude-0/-home-user-yolo-web/7ec6fd95-5319-581a-b78e-9e5ca394946c/scratchpad/t5-6/m/shots-before/kanji-1280-light.png	159833
tmp-records/scratchpad/t5-6/m/shots-before/kanji-320-dark.png	/tmp/claude-0/-home-user-yolo-web/7ec6fd95-5319-581a-b78e-9e5ca394946c/scratchpad/t5-6/m/shots-before/kanji-320-dark.png	130887
tmp-records/scratchpad/t5-6/m/shots-before/kanji-320-light.png	/tmp/claude-0/-home-user-yolo-web/7ec6fd95-5319-581a-b78e-9e5ca394946c/scratchpad/t5-6/m/shots-before/kanji-320-light.png	127020
tmp-records/scratchpad/t5-6/m/shots-before/kanji-320x200-dark.png	/tmp/claude-0/-home-user-yolo-web/7ec6fd95-5319-581a-b78e-9e5ca394946c/scratchpad/t5-6/m/shots-before/kanji-320x200-dark.png	292613
tmp-records/scratchpad/t5-6/m/shots-before/kanji-320x200-light.png	/tmp/claude-0/-home-user-yolo-web/7ec6fd95-5319-581a-b78e-9e5ca394946c/scratchpad/t5-6/m/shots-before/kanji-320x200-light.png	285619
tmp-records/scratchpad/t5-6/m/shots-before/kanji-375-dark.png	/tmp/claude-0/-home-user-yolo-web/7ec6fd95-5319-581a-b78e-9e5ca394946c/scratchpad/t5-6/m/shots-before/kanji-375-dark.png	130902
tmp-records/scratchpad/t5-6/m/shots-before/kanji-375-light.png	/tmp/claude-0/-home-user-yolo-web/7ec6fd95-5319-581a-b78e-9e5ca394946c/scratchpad/t5-6/m/shots-before/kanji-375-light.png	126984
tmp-records/scratchpad/t5-6/m/shots-before/outline.json	/tmp/claude-0/-home-user-yolo-web/7ec6fd95-5319-581a-b78e-9e5ca394946c/scratchpad/t5-6/m/shots-before/outline.json	30270
tmp-records/scratchpad/t5-6/m/shots-before/tc-1280-dark.png	/tmp/claude-0/-home-user-yolo-web/7ec6fd95-5319-581a-b78e-9e5ca394946c/scratchpad/t5-6/m/shots-before/tc-1280-dark.png	378153
tmp-records/scratchpad/t5-6/m/shots-before/tc-1280-light.png	/tmp/claude-0/-home-user-yolo-web/7ec6fd95-5319-581a-b78e-9e5ca394946c/scratchpad/t5-6/m/shots-before/tc-1280-light.png	367667
tmp-records/scratchpad/t5-6/m/shots-before/tc-320-dark.png	/tmp/claude-0/-home-user-yolo-web/7ec6fd95-5319-581a-b78e-9e5ca394946c/scratchpad/t5-6/m/shots-before/tc-320-dark.png	313134
tmp-records/scratchpad/t5-6/m/shots-before/tc-320-light.png	/tmp/claude-0/-home-user-yolo-web/7ec6fd95-5319-581a-b78e-9e5ca394946c/scratchpad/t5-6/m/shots-before/tc-320-light.png	303461
tmp-records/scratchpad/t5-6/m/shots-before/tc-320x200-dark.png	/tmp/claude-0/-home-user-yolo-web/7ec6fd95-5319-581a-b78e-9e5ca394946c/scratchpad/t5-6/m/shots-before/tc-320x200-dark.png	725009
tmp-records/scratchpad/t5-6/m/shots-before/tc-320x200-light.png	/tmp/claude-0/-home-user-yolo-web/7ec6fd95-5319-581a-b78e-9e5ca394946c/scratchpad/t5-6/m/shots-before/tc-320x200-light.png	708088
tmp-records/scratchpad/t5-6/m/shots-before/tc-375-dark.png	/tmp/claude-0/-home-user-yolo-web/7ec6fd95-5319-581a-b78e-9e5ca394946c/scratchpad/t5-6/m/shots-before/tc-375-dark.png	316706
tmp-records/scratchpad/t5-6/m/shots-before/tc-375-light.png	/tmp/claude-0/-home-user-yolo-web/7ec6fd95-5319-581a-b78e-9e5ca394946c/scratchpad/t5-6/m/shots-before/tc-375-light.png	306734
tmp-records/scratchpad/t5-6/m/shots.cjs	/tmp/claude-0/-home-user-yolo-web/7ec6fd95-5319-581a-b78e-9e5ca394946c/scratchpad/t5-6/m/shots.cjs	2515
tmp-records/scratchpad/t5-6/m/solve.cjs	/tmp/claude-0/-home-user-yolo-web/7ec6fd95-5319-581a-b78e-9e5ca394946c/scratchpad/t5-6/m/solve.cjs	1344
tmp-records/scratchpad/t5-6/m/solved-cf.png	/tmp/claude-0/-home-user-yolo-web/7ec6fd95-5319-581a-b78e-9e5ca394946c/scratchpad/t5-6/m/solved-cf.png	427618
tmp-records/scratchpad/t5-6/m/stub/server-only/index.js	/tmp/claude-0/-home-user-yolo-web/7ec6fd95-5319-581a-b78e-9e5ca394946c/scratchpad/t5-6/m/stub/server-only/index.js	21
tmp-records/scratchpad/t5-6/m/stub/server-only/package.json	/tmp/claude-0/-home-user-yolo-web/7ec6fd95-5319-581a-b78e-9e5ca394946c/scratchpad/t5-6/m/stub/server-only/package.json	41
tmp-records/scratchpad/t5-6/m/sum.cjs	/tmp/claude-0/-home-user-yolo-web/7ec6fd95-5319-581a-b78e-9e5ca394946c/scratchpad/t5-6/m/sum.cjs	1375
tmp-records/scratchpad/t5-6/m/table-after.json	/tmp/claude-0/-home-user-yolo-web/7ec6fd95-5319-581a-b78e-9e5ca394946c/scratchpad/t5-6/m/table-after.json	26561
tmp-records/scratchpad/t5-6/m/table-before.json	/tmp/claude-0/-home-user-yolo-web/7ec6fd95-5319-581a-b78e-9e5ca394946c/scratchpad/t5-6/m/table-before.json	26642
tmp-records/scratchpad/t5-6/m/table.cjs	/tmp/claude-0/-home-user-yolo-web/7ec6fd95-5319-581a-b78e-9e5ca394946c/scratchpad/t5-6/m/table.cjs	3650
tmp-records/scratchpad/t5-6/m/ty.cjs	/tmp/claude-0/-home-user-yolo-web/7ec6fd95-5319-581a-b78e-9e5ca394946c/scratchpad/t5-6/m/ty.cjs	504
tmp-records/scratchpad/tm.mjs	/tmp/claude-0/-home-user-yolo-web/7ec6fd95-5319-581a-b78e-9e5ca394946c/scratchpad/tm.mjs	2601
tmp-records/screenshots/t55a-with/clip-result-cf-1280.png	/home/user/yolo-web/tmp/screenshots/t55a-with/clip-result-cf-1280.png	100053
tmp-records/screenshots/t55a-with/clip-result-cf-375-dark.png	/home/user/yolo-web/tmp/screenshots/t55a-with/clip-result-cf-375-dark.png	78113
tmp-records/screenshots/t55a-with/clip-result-cf-375.png	/home/user/yolo-web/tmp/screenshots/t55a-with/clip-result-cf-375.png	75190
tmp-records/screenshots/t55a-with/clip-result-cf-with-1280.png	/home/user/yolo-web/tmp/screenshots/t55a-with/clip-result-cf-with-1280.png	153955
tmp-records/screenshots/t55a-with/clip-result-cf-with-375-dark.png	/home/user/yolo-web/tmp/screenshots/t55a-with/clip-result-cf-with-375-dark.png	127071
tmp-records/screenshots/t55a-with/clip-result-cf-with-375.png	/home/user/yolo-web/tmp/screenshots/t55a-with/clip-result-cf-with-375.png	122783
tmp-records/screenshots/t55a-with/clip-result-jc-with-1280.png	/home/user/yolo-web/tmp/screenshots/t55a-with/clip-result-jc-with-1280.png	102080
tmp-records/screenshots/t55a-with/clip-result-jc-with-375-dark.png	/home/user/yolo-web/tmp/screenshots/t55a-with/clip-result-jc-with-375-dark.png	79635
tmp-records/screenshots/t55a-with/clip-result-jc-with-375.png	/home/user/yolo-web/tmp/screenshots/t55a-with/clip-result-jc-with-375.png	77139
tmp-records/screenshots/t55a-with/flow-cf-opened-375.png	/home/user/yolo-web/tmp/screenshots/t55a-with/flow-cf-opened-375.png	422048
tmp-records/screenshots/t55a-with/flow-cf-solved-compat-375.png	/home/user/yolo-web/tmp/screenshots/t55a-with/flow-cf-solved-compat-375.png	51358
tmp-records/screenshots/t55a-with/flow-jc-opened-375.png	/home/user/yolo-web/tmp/screenshots/t55a-with/flow-jc-opened-375.png	289282
tmp-records/screenshots/t55a-with/flow-jc-solved-compat-375.png	/home/user/yolo-web/tmp/screenshots/t55a-with/flow-jc-solved-compat-375.png	55344
tmp-records/screenshots/t55a-with/result-cf-1280.png	/home/user/yolo-web/tmp/screenshots/t55a-with/result-cf-1280.png	442562
tmp-records/screenshots/t55a-with/result-cf-375-dark.png	/home/user/yolo-web/tmp/screenshots/t55a-with/result-cf-375-dark.png	380762
tmp-records/screenshots/t55a-with/result-cf-375.png	/home/user/yolo-web/tmp/screenshots/t55a-with/result-cf-375.png	367150
tmp-records/screenshots/t55a-with/result-cf-with-1280.png	/home/user/yolo-web/tmp/screenshots/t55a-with/result-cf-with-1280.png	496382
tmp-records/screenshots/t55a-with/result-cf-with-375-dark.png	/home/user/yolo-web/tmp/screenshots/t55a-with/result-cf-with-375-dark.png	429788
tmp-records/screenshots/t55a-with/result-cf-with-375.png	/home/user/yolo-web/tmp/screenshots/t55a-with/result-cf-with-375.png	414766
tmp-records/screenshots/t55a-with/result-jc-1280.png	/home/user/yolo-web/tmp/screenshots/t55a-with/result-jc-1280.png	281003
tmp-records/screenshots/t55a-with/result-jc-375-dark.png	/home/user/yolo-web/tmp/screenshots/t55a-with/result-jc-375-dark.png	244517
tmp-records/screenshots/t55a-with/result-jc-375.png	/home/user/yolo-web/tmp/screenshots/t55a-with/result-jc-375.png	236609
tmp-records/screenshots/t55a-with/result-jc-with-1280.png	/home/user/yolo-web/tmp/screenshots/t55a-with/result-jc-with-1280.png	350910
tmp-records/screenshots/t55a-with/result-jc-with-375-dark.png	/home/user/yolo-web/tmp/screenshots/t55a-with/result-jc-with-375-dark.png	307657
tmp-records/screenshots/t55a-with/result-jc-with-375.png	/home/user/yolo-web/tmp/screenshots/t55a-with/result-jc-with-375.png	297953
tmp-records/screenshots/t55a/after/measure.json	/home/user/yolo-web/tmp/screenshots/t55a/after/measure.json	146407
tmp-records/screenshots/t55a/before/measure.json	/home/user/yolo-web/tmp/screenshots/t55a/before/measure.json	134952
tmp-records/screenshots/t55a/compare.txt	/home/user/yolo-web/tmp/screenshots/t55a/compare.txt	48708
tmp-records/screenshots/t55a3/an-with-1280.png	/home/user/yolo-web/tmp/screenshots/t55a3/an-with-1280.png	544648
tmp-records/screenshots/t55a3/an-with-375-dark.png	/home/user/yolo-web/tmp/screenshots/t55a3/an-with-375-dark.png	486627
tmp-records/screenshots/t55a3/an-with-375.png	/home/user/yolo-web/tmp/screenshots/t55a3/an-with-375.png	470989
tmp-records/screenshots/t55a3/cf-with-1280.png	/home/user/yolo-web/tmp/screenshots/t55a3/cf-with-1280.png	497128
tmp-records/screenshots/t55a3/cf-with-375-dark.png	/home/user/yolo-web/tmp/screenshots/t55a3/cf-with-375-dark.png	430334
tmp-records/screenshots/t55a3/cf-with-375.png	/home/user/yolo-web/tmp/screenshots/t55a3/cf-with-375.png	415392
tmp-records/screenshots/t55a3/clip-an-with-1280.png	/home/user/yolo-web/tmp/screenshots/t55a3/clip-an-with-1280.png	84213
tmp-records/screenshots/t55a3/clip-an-with-375-dark.png	/home/user/yolo-web/tmp/screenshots/t55a3/clip-an-with-375-dark.png	76186
tmp-records/screenshots/t55a3/clip-an-with-375.png	/home/user/yolo-web/tmp/screenshots/t55a3/clip-an-with-375.png	73838
tmp-records/screenshots/t55a3/clip-cf-with-1280.png	/home/user/yolo-web/tmp/screenshots/t55a3/clip-cf-with-1280.png	113519
tmp-records/screenshots/t55a3/clip-cf-with-375-dark.png	/home/user/yolo-web/tmp/screenshots/t55a3/clip-cf-with-375-dark.png	91857
tmp-records/screenshots/t55a3/clip-cf-with-375.png	/home/user/yolo-web/tmp/screenshots/t55a3/clip-cf-with-375.png	88968
tmp-records/screenshots/t55a3/clip-jc-with-1280.png	/home/user/yolo-web/tmp/screenshots/t55a3/clip-jc-with-1280.png	117642
tmp-records/screenshots/t55a3/clip-jc-with-375-dark.png	/home/user/yolo-web/tmp/screenshots/t55a3/clip-jc-with-375-dark.png	85558
tmp-records/screenshots/t55a3/clip-jc-with-375.png	/home/user/yolo-web/tmp/screenshots/t55a3/clip-jc-with-375.png	83007
tmp-records/screenshots/t55a3/jc-with-1280.png	/home/user/yolo-web/tmp/screenshots/t55a3/jc-with-1280.png	350463
tmp-records/screenshots/t55a3/jc-with-375-dark.png	/home/user/yolo-web/tmp/screenshots/t55a3/jc-with-375-dark.png	307353
tmp-records/screenshots/t55a3/jc-with-375.png	/home/user/yolo-web/tmp/screenshots/t55a3/jc-with-375.png	297629
tmp-records/skill-datatable.patch	/home/user/yolo-web/tmp/skill-datatable.patch	5863
tmp-records/skill-t528.patch	/home/user/yolo-web/tmp/skill-t528.patch	1696
tmp-records/skill.diff	/home/user/yolo-web/tmp/skill.diff	9265
tmp-records/t1a2/OFL-bizudpgothic.txt	/home/user/yolo-web/tmp/t1a2/OFL-bizudpgothic.txt	4408
tmp-records/t1a2/OFL-ibmplexsans.txt	/home/user/yolo-web/tmp/t1a2/OFL-ibmplexsans.txt	4456
tmp-records/t1a2/OFL-zenantique.txt	/home/user/yolo-web/tmp/t1a2/OFL-zenantique.txt	4394
tmp-records/t1a2/allpages.json	/home/user/yolo-web/tmp/t1a2/allpages.json	243982
tmp-records/t1a2/allpages.py	/home/user/yolo-web/tmp/t1a2/allpages.py	1254
tmp-records/t1a2/allsizes.log	/home/user/yolo-web/tmp/t1a2/allsizes.log	112
tmp-records/t1a2/allsizes.mjs	/home/user/yolo-web/tmp/t1a2/allsizes.mjs	1041
tmp-records/t1a2/collect.js	/home/user/yolo-web/tmp/t1a2/collect.js	1884
tmp-records/t1a2/cssfonts4.html	/home/user/yolo-web/tmp/t1a2/cssfonts4.html	1388137
tmp-records/t1a2/flow-1.json	/home/user/yolo-web/tmp/t1a2/flow-1.json	14639
tmp-records/t1a2/flow-2.json	/home/user/yolo-web/tmp/t1a2/flow-2.json	14622
tmp-records/t1a2/flow-first.json	/home/user/yolo-web/tmp/t1a2/flow-first.json	14612
tmp-records/t1a2/flow-last.json	/home/user/yolo-web/tmp/t1a2/flow-last.json	32608
tmp-records/t1a2/flow.mjs	/home/user/yolo-web/tmp/t1a2/flow.mjs	1824
tmp-records/t1a2/flowbytes.mjs	/home/user/yolo-web/tmp/t1a2/flowbytes.mjs	2123
tmp-records/t1a2/flowroles.json	/home/user/yolo-web/tmp/t1a2/flowroles.json	18490
tmp-records/t1a2/flowroles.py	/home/user/yolo-web/tmp/t1a2/flowroles.py	1405
tmp-records/t1a2/flowsize.mjs	/home/user/yolo-web/tmp/t1a2/flowsize.mjs	764
tmp-records/t1a2/fullsize.mjs	/home/user/yolo-web/tmp/t1a2/fullsize.mjs	335
tmp-records/t1a2/hbsub.mjs	/home/user/yolo-web/tmp/t1a2/hbsub.mjs	2378
tmp-records/t1a2/hidden.mjs	/home/user/yolo-web/tmp/t1a2/hidden.mjs	827
tmp-records/t1a2/hinttest.mjs	/home/user/yolo-web/tmp/t1a2/hinttest.mjs	741
tmp-records/t1a2/htmlroles.json	/home/user/yolo-web/tmp/t1a2/htmlroles.json	73044
tmp-records/t1a2/htmlroles.py	/home/user/yolo-web/tmp/t1a2/htmlroles.py	2331
tmp-records/t1a2/htmlrsc.mjs	/home/user/yolo-web/tmp/t1a2/htmlrsc.mjs	1397
tmp-records/t1a2/jis1.txt	/home/user/yolo-web/tmp/t1a2/jis1.txt	10342
tmp-records/t1a2/lh-sim.log	/home/user/yolo-web/tmp/t1a2/lh-sim.log	9
tmp-records/t1a2/lh-sim/S/blog-1.json	/home/user/yolo-web/tmp/t1a2/lh-sim/S/blog-1.json	919835
tmp-records/t1a2/lh-sim/S/blog-2.json	/home/user/yolo-web/tmp/t1a2/lh-sim/S/blog-2.json	918030
tmp-records/t1a2/lh-sim/S/blog-3.json	/home/user/yolo-web/tmp/t1a2/lh-sim/S/blog-3.json	914829
tmp-records/t1a2/lh-sim/S/blog-4.json	/home/user/yolo-web/tmp/t1a2/lh-sim/S/blog-4.json	917717
tmp-records/t1a2/lh-sim/S/blog-5.json	/home/user/yolo-web/tmp/t1a2/lh-sim/S/blog-5.json	918400
tmp-records/t1a2/lh-sim/S/dict-1.json	/home/user/yolo-web/tmp/t1a2/lh-sim/S/dict-1.json	456095
tmp-records/t1a2/lh-sim/S/dict-2.json	/home/user/yolo-web/tmp/t1a2/lh-sim/S/dict-2.json	455762
tmp-records/t1a2/lh-sim/S/dict-3.json	/home/user/yolo-web/tmp/t1a2/lh-sim/S/dict-3.json	458692
tmp-records/t1a2/lh-sim/S/dict-4.json	/home/user/yolo-web/tmp/t1a2/lh-sim/S/dict-4.json	455497
tmp-records/t1a2/lh-sim/S/dict-5.json	/home/user/yolo-web/tmp/t1a2/lh-sim/S/dict-5.json	458362
tmp-records/t1a2/lh-sim/S/email-1.json	/home/user/yolo-web/tmp/t1a2/lh-sim/S/email-1.json	518576
tmp-records/t1a2/lh-sim/S/email-2.json	/home/user/yolo-web/tmp/t1a2/lh-sim/S/email-2.json	514785
tmp-records/t1a2/lh-sim/S/email-3.json	/home/user/yolo-web/tmp/t1a2/lh-sim/S/email-3.json	518077
tmp-records/t1a2/lh-sim/S/email-4.json	/home/user/yolo-web/tmp/t1a2/lh-sim/S/email-4.json	518250
tmp-records/t1a2/lh-sim/S/email-5.json	/home/user/yolo-web/tmp/t1a2/lh-sim/S/email-5.json	514823
tmp-records/t1a2/lh-sim/S/palette-1.json	/home/user/yolo-web/tmp/t1a2/lh-sim/S/palette-1.json	506173
tmp-records/t1a2/lh-sim/S/palette-2.json	/home/user/yolo-web/tmp/t1a2/lh-sim/S/palette-2.json	502371
tmp-records/t1a2/lh-sim/S/palette-3.json	/home/user/yolo-web/tmp/t1a2/lh-sim/S/palette-3.json	502145
tmp-records/t1a2/lh-sim/S/palette-4.json	/home/user/yolo-web/tmp/t1a2/lh-sim/S/palette-4.json	505503
tmp-records/t1a2/lh-sim/S/palette-5.json	/home/user/yolo-web/tmp/t1a2/lh-sim/S/palette-5.json	503529
tmp-records/t1a2/lh-sim/S/play-cp-1.json	/home/user/yolo-web/tmp/t1a2/lh-sim/S/play-cp-1.json	536925
tmp-records/t1a2/lh-sim/S/play-cp-2.json	/home/user/yolo-web/tmp/t1a2/lh-sim/S/play-cp-2.json	538041
tmp-records/t1a2/lh-sim/S/play-cp-3.json	/home/user/yolo-web/tmp/t1a2/lh-sim/S/play-cp-3.json	537564
tmp-records/t1a2/lh-sim/S/play-cp-4.json	/home/user/yolo-web/tmp/t1a2/lh-sim/S/play-cp-4.json	533656
tmp-records/t1a2/lh-sim/S/play-cp-5.json	/home/user/yolo-web/tmp/t1a2/lh-sim/S/play-cp-5.json	534080
tmp-records/t1a2/lh-sim/S/result-cp-1.json	/home/user/yolo-web/tmp/t1a2/lh-sim/S/result-cp-1.json	644748
tmp-records/t1a2/lh-sim/S/result-cp-2.json	/home/user/yolo-web/tmp/t1a2/lh-sim/S/result-cp-2.json	640811
tmp-records/t1a2/lh-sim/S/result-cp-3.json	/home/user/yolo-web/tmp/t1a2/lh-sim/S/result-cp-3.json	641790
tmp-records/t1a2/lh-sim/S/result-cp-4.json	/home/user/yolo-web/tmp/t1a2/lh-sim/S/result-cp-4.json	644556
tmp-records/t1a2/lh-sim/S/result-cp-5.json	/home/user/yolo-web/tmp/t1a2/lh-sim/S/result-cp-5.json	641515
tmp-records/t1a2/lh-sim/S/tool-1.json	/home/user/yolo-web/tmp/t1a2/lh-sim/S/tool-1.json	405234
tmp-records/t1a2/lh-sim/S/tool-2.json	/home/user/yolo-web/tmp/t1a2/lh-sim/S/tool-2.json	405961
tmp-records/t1a2/lh-sim/S/tool-3.json	/home/user/yolo-web/tmp/t1a2/lh-sim/S/tool-3.json	408457
tmp-records/t1a2/lh-sim/S/tool-4.json	/home/user/yolo-web/tmp/t1a2/lh-sim/S/tool-4.json	408170
tmp-records/t1a2/lh-sim/S/tool-5.json	/home/user/yolo-web/tmp/t1a2/lh-sim/S/tool-5.json	409015
tmp-records/t1a2/lh-sim/before/blog-1.json	/home/user/yolo-web/tmp/t1a2/lh-sim/before/blog-1.json	924903
tmp-records/t1a2/lh-sim/before/blog-2.json	/home/user/yolo-web/tmp/t1a2/lh-sim/before/blog-2.json	921687
tmp-records/t1a2/lh-sim/before/blog-3.json	/home/user/yolo-web/tmp/t1a2/lh-sim/before/blog-3.json	921225
tmp-records/t1a2/lh-sim/before/blog-4.json	/home/user/yolo-web/tmp/t1a2/lh-sim/before/blog-4.json	921873
tmp-records/t1a2/lh-sim/before/blog-5.json	/home/user/yolo-web/tmp/t1a2/lh-sim/before/blog-5.json	924547
tmp-records/t1a2/lh-sim/before/dict-1.json	/home/user/yolo-web/tmp/t1a2/lh-sim/before/dict-1.json	529026
tmp-records/t1a2/lh-sim/before/dict-2.json	/home/user/yolo-web/tmp/t1a2/lh-sim/before/dict-2.json	526554
tmp-records/t1a2/lh-sim/before/dict-3.json	/home/user/yolo-web/tmp/t1a2/lh-sim/before/dict-3.json	528875
tmp-records/t1a2/lh-sim/before/dict-4.json	/home/user/yolo-web/tmp/t1a2/lh-sim/before/dict-4.json	526119
tmp-records/t1a2/lh-sim/before/dict-5.json	/home/user/yolo-web/tmp/t1a2/lh-sim/before/dict-5.json	525480
tmp-records/t1a2/lh-sim/before/email-1.json	/home/user/yolo-web/tmp/t1a2/lh-sim/before/email-1.json	509632
tmp-records/t1a2/lh-sim/before/email-2.json	/home/user/yolo-web/tmp/t1a2/lh-sim/before/email-2.json	509344
tmp-records/t1a2/lh-sim/before/email-3.json	/home/user/yolo-web/tmp/t1a2/lh-sim/before/email-3.json	508920
tmp-records/t1a2/lh-sim/before/email-4.json	/home/user/yolo-web/tmp/t1a2/lh-sim/before/email-4.json	508940
tmp-records/t1a2/lh-sim/before/email-5.json	/home/user/yolo-web/tmp/t1a2/lh-sim/before/email-5.json	505484
tmp-records/t1a2/lh-sim/before/palette-1.json	/home/user/yolo-web/tmp/t1a2/lh-sim/before/palette-1.json	516780
tmp-records/t1a2/lh-sim/before/palette-2.json	/home/user/yolo-web/tmp/t1a2/lh-sim/before/palette-2.json	517445
tmp-records/t1a2/lh-sim/before/palette-3.json	/home/user/yolo-web/tmp/t1a2/lh-sim/before/palette-3.json	519549
tmp-records/t1a2/lh-sim/before/palette-4.json	/home/user/yolo-web/tmp/t1a2/lh-sim/before/palette-4.json	517701
tmp-records/t1a2/lh-sim/before/palette-5.json	/home/user/yolo-web/tmp/t1a2/lh-sim/before/palette-5.json	517433
tmp-records/t1a2/lh-sim/before/play-cp-1.json	/home/user/yolo-web/tmp/t1a2/lh-sim/before/play-cp-1.json	550244
tmp-records/t1a2/lh-sim/before/play-cp-2.json	/home/user/yolo-web/tmp/t1a2/lh-sim/before/play-cp-2.json	554444
tmp-records/t1a2/lh-sim/before/play-cp-3.json	/home/user/yolo-web/tmp/t1a2/lh-sim/before/play-cp-3.json	553781
tmp-records/t1a2/lh-sim/before/play-cp-4.json	/home/user/yolo-web/tmp/t1a2/lh-sim/before/play-cp-4.json	550887
tmp-records/t1a2/lh-sim/before/play-cp-5.json	/home/user/yolo-web/tmp/t1a2/lh-sim/before/play-cp-5.json	554052
tmp-records/t1a2/lh-sim/before/result-cp-1.json	/home/user/yolo-web/tmp/t1a2/lh-sim/before/result-cp-1.json	654667
tmp-records/t1a2/lh-sim/before/result-cp-2.json	/home/user/yolo-web/tmp/t1a2/lh-sim/before/result-cp-2.json	655744
tmp-records/t1a2/lh-sim/before/result-cp-3.json	/home/user/yolo-web/tmp/t1a2/lh-sim/before/result-cp-3.json	654629
tmp-records/t1a2/lh-sim/before/result-cp-4.json	/home/user/yolo-web/tmp/t1a2/lh-sim/before/result-cp-4.json	654660
tmp-records/t1a2/lh-sim/before/result-cp-5.json	/home/user/yolo-web/tmp/t1a2/lh-sim/before/result-cp-5.json	658247
tmp-records/t1a2/lh-sim/before/tool-1.json	/home/user/yolo-web/tmp/t1a2/lh-sim/before/tool-1.json	429864
tmp-records/t1a2/lh-sim/before/tool-2.json	/home/user/yolo-web/tmp/t1a2/lh-sim/before/tool-2.json	427125
tmp-records/t1a2/lh-sim/before/tool-3.json	/home/user/yolo-web/tmp/t1a2/lh-sim/before/tool-3.json	429298
tmp-records/t1a2/lh-sim/before/tool-4.json	/home/user/yolo-web/tmp/t1a2/lh-sim/before/tool-4.json	426758
tmp-records/t1a2/lh-sim/before/tool-5.json	/home/user/yolo-web/tmp/t1a2/lh-sim/before/tool-5.json	430232
tmp-records/t1a2/lh.sh	/home/user/yolo-web/tmp/t1a2/lh.sh	948
tmp-records/t1a2/lhsum2.py	/home/user/yolo-web/tmp/t1a2/lhsum2.py	1087
tmp-records/t1a2/mkvarS.mjs	/home/user/yolo-web/tmp/t1a2/mkvarS.mjs	2372
tmp-records/t1a2/namecost.mjs	/home/user/yolo-web/tmp/t1a2/namecost.mjs	910
tmp-records/t1a2/package-lock.json	/home/user/yolo-web/tmp/t1a2/package-lock.json	3740
tmp-records/t1a2/package.json	/home/user/yolo-web/tmp/t1a2/package.json	296
tmp-records/t1a2/plex.mjs	/home/user/yolo-web/tmp/t1a2/plex.mjs	599
tmp-records/t1a2/probe-inline.jsonl	/home/user/yolo-web/tmp/t1a2/probe-inline.jsonl	5526
tmp-records/t1a2/probe.jsonl	/home/user/yolo-web/tmp/t1a2/probe.jsonl	68344
tmp-records/t1a2/probe.mjs	/home/user/yolo-web/tmp/t1a2/probe.mjs	3443
tmp-records/t1a2/probeall.log	/home/user/yolo-web/tmp/t1a2/probeall.log	9
tmp-records/t1a2/probeall.sh	/home/user/yolo-web/tmp/t1a2/probeall.sh	521
tmp-records/t1a2/probesum.py	/home/user/yolo-web/tmp/t1a2/probesum.py	912
tmp-records/t1a2/proxy-3201.log	/home/user/yolo-web/tmp/t1a2/proxy-3201.log	0
tmp-records/t1a2/proxy-3202.log	/home/user/yolo-web/tmp/t1a2/proxy-3202.log	0
tmp-records/t1a2/proxy-3203.log	/home/user/yolo-web/tmp/t1a2/proxy-3203.log	0
tmp-records/t1a2/proxy-3204.log	/home/user/yolo-web/tmp/t1a2/proxy-3204.log	0
tmp-records/t1a2/proxy-3205.log	/home/user/yolo-web/tmp/t1a2/proxy-3205.log	0
tmp-records/t1a2/proxy-3206.log	/home/user/yolo-web/tmp/t1a2/proxy-3206.log	0
tmp-records/t1a2/proxyHint.mjs	/home/user/yolo-web/tmp/t1a2/proxyHint.mjs	7315
tmp-records/t1a2/proxyS.mjs	/home/user/yolo-web/tmp/t1a2/proxyS.mjs	7079
tmp-records/t1a2/rects.jsonl	/home/user/yolo-web/tmp/t1a2/rects.jsonl	2780
tmp-records/t1a2/rects.mjs	/home/user/yolo-web/tmp/t1a2/rects.mjs	2490
tmp-records/t1a2/rects2.jsonl	/home/user/yolo-web/tmp/t1a2/rects2.jsonl	3069
tmp-records/t1a2/resunion.mjs	/home/user/yolo-web/tmp/t1a2/resunion.mjs	1005
tmp-records/t1a2/roles.json	/home/user/yolo-web/tmp/t1a2/roles.json	3299004
tmp-records/t1a2/size7.mjs	/home/user/yolo-web/tmp/t1a2/size7.mjs	879
tmp-records/t1a2/sizes-0.jsonl	/home/user/yolo-web/tmp/t1a2/sizes-0.jsonl	65919
tmp-records/t1a2/sizes-1.jsonl	/home/user/yolo-web/tmp/t1a2/sizes-1.jsonl	66039
tmp-records/t1a2/sizes-2.jsonl	/home/user/yolo-web/tmp/t1a2/sizes-2.jsonl	65883
tmp-records/t1a2/sizes-3.jsonl	/home/user/yolo-web/tmp/t1a2/sizes-3.jsonl	65907
tmp-records/t1a2/varS/manifest.json	/home/user/yolo-web/tmp/t1a2/varS/manifest.json	24674
tmp-records/t1a2/who.mjs	/home/user/yolo-web/tmp/t1a2/who.mjs	986
tmp-records/t1a3/site/src/app/fonts-generated.css	/home/user/yolo-web/tmp/t1a3/site/src/app/fonts-generated.css	2447
tmp-records/t1a3/site/src/components/FontPreload.tsx	/home/user/yolo-web/tmp/t1a3/site/src/components/FontPreload.tsx	811
tmp-records/t1a3/site/src/components/PageFonts.tsx	/home/user/yolo-web/tmp/t1a3/site/src/components/PageFonts.tsx	2850
tmp-records/t1a3/work/build-adopt.log	/home/user/yolo-web/tmp/t1a3/work/build-adopt.log	17504
tmp-records/t1a3/work/build-adopt2.log	/home/user/yolo-web/tmp/t1a3/work/build-adopt2.log	17585
tmp-records/t1a3/work/build-blockdiv.log	/home/user/yolo-web/tmp/t1a3/work/build-blockdiv.log	17510
tmp-records/t1a3/work/build-hdrswap.log	/home/user/yolo-web/tmp/t1a3/work/build-hdrswap.log	17508
tmp-records/t1a3/work/build-inlineswap.log	/home/user/yolo-web/tmp/t1a3/work/build-inlineswap.log	17593
tmp-records/t1a3/work/build-optdiv.log	/home/user/yolo-web/tmp/t1a3/work/build-optdiv.log	17585
tmp-records/t1a3/work/build-swap.log	/home/user/yolo-web/tmp/t1a3/work/build-swap.log	17160
tmp-records/t1a3/work/build-swapdiv.log	/home/user/yolo-web/tmp/t1a3/work/build-swapdiv.log	17241
tmp-records/t1a3/work/build-udswap.log	/home/user/yolo-web/tmp/t1a3/work/build-udswap.log	17585
tmp-records/t1a3/work/buildall.log	/home/user/yolo-web/tmp/t1a3/work/buildall.log	85
tmp-records/t1a3/work/buildall.sh	/home/user/yolo-web/tmp/t1a3/work/buildall.sh	329
tmp-records/t1a3/work/buildmode.sh	/home/user/yolo-web/tmp/t1a3/work/buildmode.sh	335
tmp-records/t1a3/work/chars-html.json	/home/user/yolo-web/tmp/t1a3/work/chars-html.json	22019
tmp-records/t1a3/work/chars.json	/home/user/yolo-web/tmp/t1a3/work/chars.json	23342
tmp-records/t1a3/work/chromeText.mjs	/home/user/yolo-web/tmp/t1a3/work/chromeText.mjs	869
tmp-records/t1a3/work/collect.mjs	/home/user/yolo-web/tmp/t1a3/work/collect.mjs	3033
tmp-records/t1a3/work/early.mjs	/home/user/yolo-web/tmp/t1a3/work/early.mjs	2050
tmp-records/t1a3/work/flow.jsonl	/home/user/yolo-web/tmp/t1a3/work/flow.jsonl	2024
tmp-records/t1a3/work/flowbytes.mjs	/home/user/yolo-web/tmp/t1a3/work/flowbytes.mjs	2319
tmp-records/t1a3/work/fstat.mjs	/home/user/yolo-web/tmp/t1a3/work/fstat.mjs	878
tmp-records/t1a3/work/html/1c153055.html	/home/user/yolo-web/tmp/t1a3/work/html/1c153055.html	60208
tmp-records/t1a3/work/html/2f37eeca.html	/home/user/yolo-web/tmp/t1a3/work/html/2f37eeca.html	59605
tmp-records/t1a3/work/html/3e928876.html	/home/user/yolo-web/tmp/t1a3/work/html/3e928876.html	59345
tmp-records/t1a3/work/html/5f8c0233.html	/home/user/yolo-web/tmp/t1a3/work/html/5f8c0233.html	92819
tmp-records/t1a3/work/html/6748f73d.html	/home/user/yolo-web/tmp/t1a3/work/html/6748f73d.html	123897
tmp-records/t1a3/work/html/676a4671.html	/home/user/yolo-web/tmp/t1a3/work/html/676a4671.html	66481
tmp-records/t1a3/work/html/6bb3a729.html	/home/user/yolo-web/tmp/t1a3/work/html/6bb3a729.html	53458
tmp-records/t1a3/work/html/75b216d0.html	/home/user/yolo-web/tmp/t1a3/work/html/75b216d0.html	66627
tmp-records/t1a3/work/html/7cfdcf4c.html	/home/user/yolo-web/tmp/t1a3/work/html/7cfdcf4c.html	130238
tmp-records/t1a3/work/html/9e4e0645.html	/home/user/yolo-web/tmp/t1a3/work/html/9e4e0645.html	52027
tmp-records/t1a3/work/html/baef7ea1.html	/home/user/yolo-web/tmp/t1a3/work/html/baef7ea1.html	59390
tmp-records/t1a3/work/html/cf8c27c9.html	/home/user/yolo-web/tmp/t1a3/work/html/cf8c27c9.html	174883
tmp-records/t1a3/work/html/db109bd2.html	/home/user/yolo-web/tmp/t1a3/work/html/db109bd2.html	67012
tmp-records/t1a3/work/html/dcc47f85.html	/home/user/yolo-web/tmp/t1a3/work/html/dcc47f85.html	185004
tmp-records/t1a3/work/html/f36f5bf7.html	/home/user/yolo-web/tmp/t1a3/work/html/f36f5bf7.html	50655
tmp-records/t1a3/work/html/fc852d19.html	/home/user/yolo-web/tmp/t1a3/work/html/fc852d19.html	49152
tmp-records/t1a3/work/html/index.txt	/home/user/yolo-web/tmp/t1a3/work/html/index.txt	614
tmp-records/t1a3/work/htmlcollect.mjs	/home/user/yolo-web/tmp/t1a3/work/htmlcollect.mjs	2240
tmp-records/t1a3/work/htmltime.mjs	/home/user/yolo-web/tmp/t1a3/work/htmltime.mjs	934
tmp-records/t1a3/work/lh.log	/home/user/yolo-web/tmp/t1a3/work/lh.log	0
tmp-records/t1a3/work/lh.sh	/home/user/yolo-web/tmp/t1a3/work/lh.sh	888
tmp-records/t1a3/work/lh/adopt/blog-1.json	/home/user/yolo-web/tmp/t1a3/work/lh/adopt/blog-1.json	923603
tmp-records/t1a3/work/lh/adopt/blog-2.json	/home/user/yolo-web/tmp/t1a3/work/lh/adopt/blog-2.json	924504
tmp-records/t1a3/work/lh/adopt/blog-3.json	/home/user/yolo-web/tmp/t1a3/work/lh/adopt/blog-3.json	920400
tmp-records/t1a3/work/lh/adopt/blog-4.json	/home/user/yolo-web/tmp/t1a3/work/lh/adopt/blog-4.json	920676
tmp-records/t1a3/work/lh/adopt/blog-5.json	/home/user/yolo-web/tmp/t1a3/work/lh/adopt/blog-5.json	923618
tmp-records/t1a3/work/lh/adopt/dict-1.json	/home/user/yolo-web/tmp/t1a3/work/lh/adopt/dict-1.json	462494
tmp-records/t1a3/work/lh/adopt/dict-2.json	/home/user/yolo-web/tmp/t1a3/work/lh/adopt/dict-2.json	466418
tmp-records/t1a3/work/lh/adopt/dict-3.json	/home/user/yolo-web/tmp/t1a3/work/lh/adopt/dict-3.json	462231
tmp-records/t1a3/work/lh/adopt/dict-4.json	/home/user/yolo-web/tmp/t1a3/work/lh/adopt/dict-4.json	466202
tmp-records/t1a3/work/lh/adopt/dict-5.json	/home/user/yolo-web/tmp/t1a3/work/lh/adopt/dict-5.json	462797
tmp-records/t1a3/work/lh/adopt/email-1.json	/home/user/yolo-web/tmp/t1a3/work/lh/adopt/email-1.json	512804
tmp-records/t1a3/work/lh/adopt/email-2.json	/home/user/yolo-web/tmp/t1a3/work/lh/adopt/email-2.json	516035
tmp-records/t1a3/work/lh/adopt/email-3.json	/home/user/yolo-web/tmp/t1a3/work/lh/adopt/email-3.json	513333
tmp-records/t1a3/work/lh/adopt/email-4.json	/home/user/yolo-web/tmp/t1a3/work/lh/adopt/email-4.json	513310
tmp-records/t1a3/work/lh/adopt/email-5.json	/home/user/yolo-web/tmp/t1a3/work/lh/adopt/email-5.json	516468
tmp-records/t1a3/work/lh/adopt/palette-1.json	/home/user/yolo-web/tmp/t1a3/work/lh/adopt/palette-1.json	511723
tmp-records/t1a3/work/lh/adopt/palette-2.json	/home/user/yolo-web/tmp/t1a3/work/lh/adopt/palette-2.json	512181
tmp-records/t1a3/work/lh/adopt/palette-3.json	/home/user/yolo-web/tmp/t1a3/work/lh/adopt/palette-3.json	512170
tmp-records/t1a3/work/lh/adopt/palette-4.json	/home/user/yolo-web/tmp/t1a3/work/lh/adopt/palette-4.json	509014
tmp-records/t1a3/work/lh/adopt/palette-5.json	/home/user/yolo-web/tmp/t1a3/work/lh/adopt/palette-5.json	509604
tmp-records/t1a3/work/lh/adopt/play-cp-1.json	/home/user/yolo-web/tmp/t1a3/work/lh/adopt/play-cp-1.json	545843
tmp-records/t1a3/work/lh/adopt/play-cp-2.json	/home/user/yolo-web/tmp/t1a3/work/lh/adopt/play-cp-2.json	546111
tmp-records/t1a3/work/lh/adopt/play-cp-3.json	/home/user/yolo-web/tmp/t1a3/work/lh/adopt/play-cp-3.json	547281
tmp-records/t1a3/work/lh/adopt/play-cp-4.json	/home/user/yolo-web/tmp/t1a3/work/lh/adopt/play-cp-4.json	546375
tmp-records/t1a3/work/lh/adopt/play-cp-5.json	/home/user/yolo-web/tmp/t1a3/work/lh/adopt/play-cp-5.json	547794
tmp-records/t1a3/work/lh/adopt/result-cp-1.json	/home/user/yolo-web/tmp/t1a3/work/lh/adopt/result-cp-1.json	651200
tmp-records/t1a3/work/lh/adopt/result-cp-2.json	/home/user/yolo-web/tmp/t1a3/work/lh/adopt/result-cp-2.json	651727
tmp-records/t1a3/work/lh/adopt/result-cp-3.json	/home/user/yolo-web/tmp/t1a3/work/lh/adopt/result-cp-3.json	651133
tmp-records/t1a3/work/lh/adopt/result-cp-4.json	/home/user/yolo-web/tmp/t1a3/work/lh/adopt/result-cp-4.json	648013
tmp-records/t1a3/work/lh/adopt/result-cp-5.json	/home/user/yolo-web/tmp/t1a3/work/lh/adopt/result-cp-5.json	651264
tmp-records/t1a3/work/lh/adopt/tool-1.json	/home/user/yolo-web/tmp/t1a3/work/lh/adopt/tool-1.json	412279
tmp-records/t1a3/work/lh/adopt/tool-2.json	/home/user/yolo-web/tmp/t1a3/work/lh/adopt/tool-2.json	412583
tmp-records/t1a3/work/lh/adopt/tool-3.json	/home/user/yolo-web/tmp/t1a3/work/lh/adopt/tool-3.json	415292
tmp-records/t1a3/work/lh/adopt/tool-4.json	/home/user/yolo-web/tmp/t1a3/work/lh/adopt/tool-4.json	415273
tmp-records/t1a3/work/lh/adopt/tool-5.json	/home/user/yolo-web/tmp/t1a3/work/lh/adopt/tool-5.json	412364
tmp-records/t1a3/work/lh/adopt2/blog-1.json	/home/user/yolo-web/tmp/t1a3/work/lh/adopt2/blog-1.json	921738
tmp-records/t1a3/work/lh/adopt2/blog-2.json	/home/user/yolo-web/tmp/t1a3/work/lh/adopt2/blog-2.json	922731
tmp-records/t1a3/work/lh/adopt2/blog-3.json	/home/user/yolo-web/tmp/t1a3/work/lh/adopt2/blog-3.json	918834
tmp-records/t1a3/work/lh/adopt2/blog-4.json	/home/user/yolo-web/tmp/t1a3/work/lh/adopt2/blog-4.json	922283
tmp-records/t1a3/work/lh/adopt2/blog-5.json	/home/user/yolo-web/tmp/t1a3/work/lh/adopt2/blog-5.json	918575
tmp-records/t1a3/work/lh/adopt2/dict-1.json	/home/user/yolo-web/tmp/t1a3/work/lh/adopt2/dict-1.json	467058
tmp-records/t1a3/work/lh/adopt2/dict-2.json	/home/user/yolo-web/tmp/t1a3/work/lh/adopt2/dict-2.json	459889
tmp-records/t1a3/work/lh/adopt2/dict-3.json	/home/user/yolo-web/tmp/t1a3/work/lh/adopt2/dict-3.json	463929
tmp-records/t1a3/work/lh/adopt2/dict-4.json	/home/user/yolo-web/tmp/t1a3/work/lh/adopt2/dict-4.json	460433
tmp-records/t1a3/work/lh/adopt2/dict-5.json	/home/user/yolo-web/tmp/t1a3/work/lh/adopt2/dict-5.json	460086
tmp-records/t1a3/work/lh/adopt2/email-1.json	/home/user/yolo-web/tmp/t1a3/work/lh/adopt2/email-1.json	513410
tmp-records/t1a3/work/lh/adopt2/email-2.json	/home/user/yolo-web/tmp/t1a3/work/lh/adopt2/email-2.json	513752
tmp-records/t1a3/work/lh/adopt2/email-3.json	/home/user/yolo-web/tmp/t1a3/work/lh/adopt2/email-3.json	510541
tmp-records/t1a3/work/lh/adopt2/email-4.json	/home/user/yolo-web/tmp/t1a3/work/lh/adopt2/email-4.json	513579
tmp-records/t1a3/work/lh/adopt2/email-5.json	/home/user/yolo-web/tmp/t1a3/work/lh/adopt2/email-5.json	510841
tmp-records/t1a3/work/lh/adopt2/palette-1.json	/home/user/yolo-web/tmp/t1a3/work/lh/adopt2/palette-1.json	510533
tmp-records/t1a3/work/lh/adopt2/palette-2.json	/home/user/yolo-web/tmp/t1a3/work/lh/adopt2/palette-2.json	510264
tmp-records/t1a3/work/lh/adopt2/palette-3.json	/home/user/yolo-web/tmp/t1a3/work/lh/adopt2/palette-3.json	507292
tmp-records/t1a3/work/lh/adopt2/palette-4.json	/home/user/yolo-web/tmp/t1a3/work/lh/adopt2/palette-4.json	511013
tmp-records/t1a3/work/lh/adopt2/palette-5.json	/home/user/yolo-web/tmp/t1a3/work/lh/adopt2/palette-5.json	507046
tmp-records/t1a3/work/lh/adopt2/play-cp-1.json	/home/user/yolo-web/tmp/t1a3/work/lh/adopt2/play-cp-1.json	544332
tmp-records/t1a3/work/lh/adopt2/play-cp-2.json	/home/user/yolo-web/tmp/t1a3/work/lh/adopt2/play-cp-2.json	543585
tmp-records/t1a3/work/lh/adopt2/play-cp-3.json	/home/user/yolo-web/tmp/t1a3/work/lh/adopt2/play-cp-3.json	543884
tmp-records/t1a3/work/lh/adopt2/play-cp-4.json	/home/user/yolo-web/tmp/t1a3/work/lh/adopt2/play-cp-4.json	544419
tmp-records/t1a3/work/lh/adopt2/play-cp-5.json	/home/user/yolo-web/tmp/t1a3/work/lh/adopt2/play-cp-5.json	543863
tmp-records/t1a3/work/lh/adopt2/result-cp-1.json	/home/user/yolo-web/tmp/t1a3/work/lh/adopt2/result-cp-1.json	646385
tmp-records/t1a3/work/lh/adopt2/result-cp-2.json	/home/user/yolo-web/tmp/t1a3/work/lh/adopt2/result-cp-2.json	645526
tmp-records/t1a3/work/lh/adopt2/result-cp-3.json	/home/user/yolo-web/tmp/t1a3/work/lh/adopt2/result-cp-3.json	645888
tmp-records/t1a3/work/lh/adopt2/result-cp-4.json	/home/user/yolo-web/tmp/t1a3/work/lh/adopt2/result-cp-4.json	649886
tmp-records/t1a3/work/lh/adopt2/result-cp-5.json	/home/user/yolo-web/tmp/t1a3/work/lh/adopt2/result-cp-5.json	646227
tmp-records/t1a3/work/lh/adopt2/tool-1.json	/home/user/yolo-web/tmp/t1a3/work/lh/adopt2/tool-1.json	413853
tmp-records/t1a3/work/lh/adopt2/tool-2.json	/home/user/yolo-web/tmp/t1a3/work/lh/adopt2/tool-2.json	412817
tmp-records/t1a3/work/lh/adopt2/tool-3.json	/home/user/yolo-web/tmp/t1a3/work/lh/adopt2/tool-3.json	409974
tmp-records/t1a3/work/lh/adopt2/tool-4.json	/home/user/yolo-web/tmp/t1a3/work/lh/adopt2/tool-4.json	413269
tmp-records/t1a3/work/lh/adopt2/tool-5.json	/home/user/yolo-web/tmp/t1a3/work/lh/adopt2/tool-5.json	409911
tmp-records/t1a3/work/lh/before/blog-1.json	/home/user/yolo-web/tmp/t1a3/work/lh/before/blog-1.json	925595
tmp-records/t1a3/work/lh/before/blog-2.json	/home/user/yolo-web/tmp/t1a3/work/lh/before/blog-2.json	921953
tmp-records/t1a3/work/lh/before/blog-3.json	/home/user/yolo-web/tmp/t1a3/work/lh/before/blog-3.json	921542
tmp-records/t1a3/work/lh/before/blog-4.json	/home/user/yolo-web/tmp/t1a3/work/lh/before/blog-4.json	925265
tmp-records/t1a3/work/lh/before/blog-5.json	/home/user/yolo-web/tmp/t1a3/work/lh/before/blog-5.json	927832
tmp-records/t1a3/work/lh/before/dict-1.json	/home/user/yolo-web/tmp/t1a3/work/lh/before/dict-1.json	526780
tmp-records/t1a3/work/lh/before/dict-2.json	/home/user/yolo-web/tmp/t1a3/work/lh/before/dict-2.json	529453
tmp-records/t1a3/work/lh/before/dict-3.json	/home/user/yolo-web/tmp/t1a3/work/lh/before/dict-3.json	527156
tmp-records/t1a3/work/lh/before/dict-4.json	/home/user/yolo-web/tmp/t1a3/work/lh/before/dict-4.json	526442
tmp-records/t1a3/work/lh/before/dict-5.json	/home/user/yolo-web/tmp/t1a3/work/lh/before/dict-5.json	526073
tmp-records/t1a3/work/lh/before/email-1.json	/home/user/yolo-web/tmp/t1a3/work/lh/before/email-1.json	505643
tmp-records/t1a3/work/lh/before/email-2.json	/home/user/yolo-web/tmp/t1a3/work/lh/before/email-2.json	509017
tmp-records/t1a3/work/lh/before/email-3.json	/home/user/yolo-web/tmp/t1a3/work/lh/before/email-3.json	509018
tmp-records/t1a3/work/lh/before/email-4.json	/home/user/yolo-web/tmp/t1a3/work/lh/before/email-4.json	505401
tmp-records/t1a3/work/lh/before/email-5.json	/home/user/yolo-web/tmp/t1a3/work/lh/before/email-5.json	506013
tmp-records/t1a3/work/lh/before/palette-1.json	/home/user/yolo-web/tmp/t1a3/work/lh/before/palette-1.json	520554
tmp-records/t1a3/work/lh/before/palette-2.json	/home/user/yolo-web/tmp/t1a3/work/lh/before/palette-2.json	516475
tmp-records/t1a3/work/lh/before/palette-3.json	/home/user/yolo-web/tmp/t1a3/work/lh/before/palette-3.json	517653
tmp-records/t1a3/work/lh/before/palette-4.json	/home/user/yolo-web/tmp/t1a3/work/lh/before/palette-4.json	516921
tmp-records/t1a3/work/lh/before/palette-5.json	/home/user/yolo-web/tmp/t1a3/work/lh/before/palette-5.json	516581
tmp-records/t1a3/work/lh/before/play-cp-1.json	/home/user/yolo-web/tmp/t1a3/work/lh/before/play-cp-1.json	550836
tmp-records/t1a3/work/lh/before/play-cp-2.json	/home/user/yolo-web/tmp/t1a3/work/lh/before/play-cp-2.json	554118
tmp-records/t1a3/work/lh/before/play-cp-3.json	/home/user/yolo-web/tmp/t1a3/work/lh/before/play-cp-3.json	553728
tmp-records/t1a3/work/lh/before/play-cp-4.json	/home/user/yolo-web/tmp/t1a3/work/lh/before/play-cp-4.json	554238
tmp-records/t1a3/work/lh/before/play-cp-5.json	/home/user/yolo-web/tmp/t1a3/work/lh/before/play-cp-5.json	550401
tmp-records/t1a3/work/lh/before/result-cp-1.json	/home/user/yolo-web/tmp/t1a3/work/lh/before/result-cp-1.json	658162
tmp-records/t1a3/work/lh/before/result-cp-2.json	/home/user/yolo-web/tmp/t1a3/work/lh/before/result-cp-2.json	654820
tmp-records/t1a3/work/lh/before/result-cp-3.json	/home/user/yolo-web/tmp/t1a3/work/lh/before/result-cp-3.json	654587
tmp-records/t1a3/work/lh/before/result-cp-4.json	/home/user/yolo-web/tmp/t1a3/work/lh/before/result-cp-4.json	658112
tmp-records/t1a3/work/lh/before/result-cp-5.json	/home/user/yolo-web/tmp/t1a3/work/lh/before/result-cp-5.json	654221
tmp-records/t1a3/work/lh/before/tool-1.json	/home/user/yolo-web/tmp/t1a3/work/lh/before/tool-1.json	426484
tmp-records/t1a3/work/lh/before/tool-2.json	/home/user/yolo-web/tmp/t1a3/work/lh/before/tool-2.json	429345
tmp-records/t1a3/work/lh/before/tool-3.json	/home/user/yolo-web/tmp/t1a3/work/lh/before/tool-3.json	425788
tmp-records/t1a3/work/lh/before/tool-4.json	/home/user/yolo-web/tmp/t1a3/work/lh/before/tool-4.json	426484
tmp-records/t1a3/work/lh/before/tool-5.json	/home/user/yolo-web/tmp/t1a3/work/lh/before/tool-5.json	430761
tmp-records/t1a3/work/lh2.log	/home/user/yolo-web/tmp/t1a3/work/lh2.log	0
tmp-records/t1a3/work/lh2.sh	/home/user/yolo-web/tmp/t1a3/work/lh2.sh	848
tmp-records/t1a3/work/links.mjs	/home/user/yolo-web/tmp/t1a3/work/links.mjs	546
tmp-records/t1a3/work/logo.svg	/home/user/yolo-web/tmp/t1a3/work/logo.svg	2593
tmp-records/t1a3/work/missing.mjs	/home/user/yolo-web/tmp/t1a3/work/missing.mjs	848
tmp-records/t1a3/work/missing2.mjs	/home/user/yolo-web/tmp/t1a3/work/missing2.mjs	801
tmp-records/t1a3/work/mixdbg.mjs	/home/user/yolo-web/tmp/t1a3/work/mixdbg.mjs	1639
tmp-records/t1a3/work/mkfonts.mjs	/home/user/yolo-web/tmp/t1a3/work/mkfonts.mjs	3267
tmp-records/t1a3/work/nav-old.jsonl	/home/user/yolo-web/tmp/t1a3/work/nav-old.jsonl	13231
tmp-records/t1a3/work/nav.jsonl	/home/user/yolo-web/tmp/t1a3/work/nav.jsonl	99824
tmp-records/t1a3/work/navall.sh	/home/user/yolo-web/tmp/t1a3/work/navall.sh	331
tmp-records/t1a3/work/navsum.py	/home/user/yolo-web/tmp/t1a3/work/navsum.py	564
tmp-records/t1a3/work/navtest.mjs	/home/user/yolo-web/tmp/t1a3/work/navtest.mjs	5860
tmp-records/t1a3/work/pages.txt	/home/user/yolo-web/tmp/t1a3/work/pages.txt	470
tmp-records/t1a3/work/pairs.txt	/home/user/yolo-web/tmp/t1a3/work/pairs.txt	601
tmp-records/t1a3/work/perchar.mjs	/home/user/yolo-web/tmp/t1a3/work/perchar.mjs	1416
tmp-records/t1a3/work/prefetch.mjs	/home/user/yolo-web/tmp/t1a3/work/prefetch.mjs	1421
tmp-records/t1a3/work/prep.mjs	/home/user/yolo-web/tmp/t1a3/work/prep.mjs	3734
tmp-records/t1a3/work/probe-hdr.jsonl	/home/user/yolo-web/tmp/t1a3/work/probe-hdr.jsonl	5626
tmp-records/t1a3/work/probe-partial.jsonl	/home/user/yolo-web/tmp/t1a3/work/probe-partial.jsonl	8132
tmp-records/t1a3/work/probe.jsonl	/home/user/yolo-web/tmp/t1a3/work/probe.jsonl	90618
tmp-records/t1a3/work/probe.mjs	/home/user/yolo-web/tmp/t1a3/work/probe.mjs	3496
tmp-records/t1a3/work/probe2.jsonl	/home/user/yolo-web/tmp/t1a3/work/probe2.jsonl	48940
tmp-records/t1a3/work/probe3.jsonl	/home/user/yolo-web/tmp/t1a3/work/probe3.jsonl	15341
tmp-records/t1a3/work/probeadopt.sh	/home/user/yolo-web/tmp/t1a3/work/probeadopt.sh	550
tmp-records/t1a3/work/probeall.sh	/home/user/yolo-web/tmp/t1a3/work/probeall.sh	783
tmp-records/t1a3/work/probesum.py	/home/user/yolo-web/tmp/t1a3/work/probesum.py	1232
tmp-records/t1a3/work/probesum.txt	/home/user/yolo-web/tmp/t1a3/work/probesum.txt	10320
tmp-records/t1a3/work/rcheck.mjs	/home/user/yolo-web/tmp/t1a3/work/rcheck.mjs	1231
tmp-records/t1a3/work/rects-adopt.jsonl	/home/user/yolo-web/tmp/t1a3/work/rects-adopt.jsonl	3579
tmp-records/t1a3/work/rects.jsonl	/home/user/yolo-web/tmp/t1a3/work/rects.jsonl	7179
tmp-records/t1a3/work/rects.mjs	/home/user/yolo-web/tmp/t1a3/work/rects.mjs	2493
tmp-records/t1a3/work/rscdump.mjs	/home/user/yolo-web/tmp/t1a3/work/rscdump.mjs	941
tmp-records/t1a3/work/rtime.mjs	/home/user/yolo-web/tmp/t1a3/work/rtime.mjs	1447
tmp-records/t1a3/work/runpairs.sh	/home/user/yolo-web/tmp/t1a3/work/runpairs.sh	149
tmp-records/t1a3/work/serve.sh	/home/user/yolo-web/tmp/t1a3/work/serve.sh	675
tmp-records/t1a3/work/shot-early-3000.png	/home/user/yolo-web/tmp/t1a3/work/shot-early-3000.png	132435
tmp-records/t1a3/work/shot-early-3311.png	/home/user/yolo-web/tmp/t1a3/work/shot-early-3311.png	95271
tmp-records/t1a3/work/shot-early-3313.png	/home/user/yolo-web/tmp/t1a3/work/shot-early-3313.png	95271
tmp-records/t1a3/work/shot-early-3315.png	/home/user/yolo-web/tmp/t1a3/work/shot-early-3315.png	93197
tmp-records/t1a3/work/shot-early-adopt-char-count.png	/home/user/yolo-web/tmp/t1a3/work/shot-early-adopt-char-count.png	62803
tmp-records/t1a3/work/shot-early-adopt-character-personality.png	/home/user/yolo-web/tmp/t1a3/work/shot-early-adopt-character-personality.png	181295
tmp-records/t1a3/work/shot-early-adopt-sql-cheatsheet.png	/home/user/yolo-web/tmp/t1a3/work/shot-early-adopt-sql-cheatsheet.png	93197
tmp-records/t1a3/work/shot-early-adopt2-char-count.png	/home/user/yolo-web/tmp/t1a3/work/shot-early-adopt2-char-count.png	62584
tmp-records/t1a3/work/shot-early-adopt2-character-personality.png	/home/user/yolo-web/tmp/t1a3/work/shot-early-adopt2-character-personality.png	181166
tmp-records/t1a3/work/shot-early-adopt2-sql-cheatsheet.png	/home/user/yolo-web/tmp/t1a3/work/shot-early-adopt2-sql-cheatsheet.png	92807
tmp-records/t1a3/work/shot-early-adopt2-哀.png	/home/user/yolo-web/tmp/t1a3/work/shot-early-adopt2-哀.png	84851
tmp-records/t1a3/work/start-3310.log	/home/user/yolo-web/tmp/t1a3/work/start-3310.log	772
tmp-records/t1a3/work/start-3311.log	/home/user/yolo-web/tmp/t1a3/work/start-3311.log	772
tmp-records/t1a3/work/start-3312.log	/home/user/yolo-web/tmp/t1a3/work/start-3312.log	772
tmp-records/t1a3/work/start-3313.log	/home/user/yolo-web/tmp/t1a3/work/start-3313.log	772
tmp-records/t1a3/work/start-3314.log	/home/user/yolo-web/tmp/t1a3/work/start-3314.log	772
tmp-records/t1a3/work/start-3315.log	/home/user/yolo-web/tmp/t1a3/work/start-3315.log	772
tmp-records/t1a3/work/start-3316.log	/home/user/yolo-web/tmp/t1a3/work/start-3316.log	772
tmp-records/t1a3/work/start-3317.log	/home/user/yolo-web/tmp/t1a3/work/start-3317.log	772
tmp-records/t1a3/work/start-3318.log	/home/user/yolo-web/tmp/t1a3/work/start-3318.log	772
tmp-records/t4-20/blog-1280-dark.png	/home/user/yolo-web/tmp/t4-20/blog-1280-dark.png	117084
tmp-records/t4-20/blog-1280-light.png	/home/user/yolo-web/tmp/t4-20/blog-1280-light.png	115868
tmp-records/t4-20/blog-375-dark.png	/home/user/yolo-web/tmp/t4-20/blog-375-dark.png	53775
tmp-records/t4-20/blog-375-light.png	/home/user/yolo-web/tmp/t4-20/blog-375-light.png	52324
tmp-records/t4-20/chk.js	/home/user/yolo-web/tmp/t4-20/chk.js	809
tmp-records/t4-20/cp-result-1280-dark.png	/home/user/yolo-web/tmp/t4-20/cp-result-1280-dark.png	642330
tmp-records/t4-20/cp-result-1280-light.png	/home/user/yolo-web/tmp/t4-20/cp-result-1280-light.png	622966
tmp-records/t4-20/cp-result-375-dark.png	/home/user/yolo-web/tmp/t4-20/cp-result-375-dark.png	575444
tmp-records/t4-20/cp-result-375-light.png	/home/user/yolo-web/tmp/t4-20/cp-result-375-light.png	555050
tmp-records/t4-20/cp-solved-1280-dark.png	/home/user/yolo-web/tmp/t4-20/cp-solved-1280-dark.png	131303
tmp-records/t4-20/cp-solved-1280-light.png	/home/user/yolo-web/tmp/t4-20/cp-solved-1280-light.png	128333
tmp-records/t4-20/cp-solved-375-dark.png	/home/user/yolo-web/tmp/t4-20/cp-solved-375-dark.png	77567
tmp-records/t4-20/cp-solved-375-light.png	/home/user/yolo-web/tmp/t4-20/cp-solved-375-light.png	74961
tmp-records/t4-20/data.ts	/home/user/yolo-web/tmp/t4-20/data.ts	226
tmp-records/t4-20/dump.js	/home/user/yolo-web/tmp/t4-20/dump.js	425
tmp-records/t4-20/err.txt	/home/user/yolo-web/tmp/t4-20/err.txt	0
tmp-records/t4-20/fortune-daily-1280-dark.png	/home/user/yolo-web/tmp/t4-20/fortune-daily-1280-dark.png	153061
tmp-records/t4-20/fortune-daily-1280-light.png	/home/user/yolo-web/tmp/t4-20/fortune-daily-1280-light.png	151019
tmp-records/t4-20/fortune-daily-375-dark.png	/home/user/yolo-web/tmp/t4-20/fortune-daily-375-dark.png	129457
tmp-records/t4-20/fortune-daily-375-light.png	/home/user/yolo-web/tmp/t4-20/fortune-daily-375-light.png	124428
tmp-records/t4-20/game-irodori-1280-dark.png	/home/user/yolo-web/tmp/t4-20/game-irodori-1280-dark.png	354337
tmp-records/t4-20/game-irodori-1280-light.png	/home/user/yolo-web/tmp/t4-20/game-irodori-1280-light.png	344510
tmp-records/t4-20/game-irodori-375-dark.png	/home/user/yolo-web/tmp/t4-20/game-irodori-375-dark.png	321699
tmp-records/t4-20/game-irodori-375-light.png	/home/user/yolo-web/tmp/t4-20/game-irodori-375-light.png	311412
tmp-records/t4-20/game-kanji-kanaru-1280-dark.png	/home/user/yolo-web/tmp/t4-20/game-kanji-kanaru-1280-dark.png	451099
tmp-records/t4-20/game-kanji-kanaru-1280-light.png	/home/user/yolo-web/tmp/t4-20/game-kanji-kanaru-1280-light.png	438389
tmp-records/t4-20/game-kanji-kanaru-375-dark.png	/home/user/yolo-web/tmp/t4-20/game-kanji-kanaru-375-dark.png	422242
tmp-records/t4-20/game-kanji-kanaru-375-light.png	/home/user/yolo-web/tmp/t4-20/game-kanji-kanaru-375-light.png	409175
tmp-records/t4-20/game-nakamawake-1280-dark.png	/home/user/yolo-web/tmp/t4-20/game-nakamawake-1280-dark.png	331228
tmp-records/t4-20/game-nakamawake-1280-light.png	/home/user/yolo-web/tmp/t4-20/game-nakamawake-1280-light.png	321915
tmp-records/t4-20/game-nakamawake-375-dark.png	/home/user/yolo-web/tmp/t4-20/game-nakamawake-375-dark.png	302226
tmp-records/t4-20/game-nakamawake-375-light.png	/home/user/yolo-web/tmp/t4-20/game-nakamawake-375-light.png	292436
tmp-records/t4-20/game-yoji-kimeru-1280-dark.png	/home/user/yolo-web/tmp/t4-20/game-yoji-kimeru-1280-dark.png	363935
tmp-records/t4-20/game-yoji-kimeru-1280-light.png	/home/user/yolo-web/tmp/t4-20/game-yoji-kimeru-1280-light.png	353805
tmp-records/t4-20/game-yoji-kimeru-375-dark.png	/home/user/yolo-web/tmp/t4-20/game-yoji-kimeru-375-dark.png	333909
tmp-records/t4-20/game-yoji-kimeru-375-light.png	/home/user/yolo-web/tmp/t4-20/game-yoji-kimeru-375-light.png	323511
tmp-records/t4-20/kanji-level-solved-1280-dark.png	/home/user/yolo-web/tmp/t4-20/kanji-level-solved-1280-dark.png	70069
tmp-records/t4-20/kanji-level-solved-1280-light.png	/home/user/yolo-web/tmp/t4-20/kanji-level-solved-1280-light.png	71619
tmp-records/t4-20/kanji-level-solved-375-dark.png	/home/user/yolo-web/tmp/t4-20/kanji-level-solved-375-dark.png	44161
tmp-records/t4-20/kanji-level-solved-375-light.png	/home/user/yolo-web/tmp/t4-20/kanji-level-solved-375-light.png	39331
tmp-records/t4-20/lib.js	/home/user/yolo-web/tmp/t4-20/lib.js	542
tmp-records/t4-20/measure.js	/home/user/yolo-web/tmp/t4-20/measure.js	2441
tmp-records/t4-20/measure.json	/home/user/yolo-web/tmp/t4-20/measure.json	35035
tmp-records/t4-20/rows.txt	/home/user/yolo-web/tmp/t4-20/rows.txt	4957
tmp-records/t4-20/rp.html	/home/user/yolo-web/tmp/t4-20/rp.html	55004
tmp-records/t4-20/shots.js	/home/user/yolo-web/tmp/t4-20/shots.js	2025
tmp-records/t4-20/solve.js	/home/user/yolo-web/tmp/t4-20/solve.js	872
tmp-records/t4-20/tool-bmi-1280-dark.png	/home/user/yolo-web/tmp/t4-20/tool-bmi-1280-dark.png	185456
tmp-records/t4-20/tool-bmi-1280-light.png	/home/user/yolo-web/tmp/t4-20/tool-bmi-1280-light.png	181255
tmp-records/t4-20/tool-bmi-375-dark.png	/home/user/yolo-web/tmp/t4-20/tool-bmi-375-dark.png	171533
tmp-records/t4-20/tool-bmi-375-light.png	/home/user/yolo-web/tmp/t4-20/tool-bmi-375-light.png	167370
tmp-records/t4-20/types.json	/home/user/yolo-web/tmp/t4-20/types.json	22174
tmp-records/t5-5b-r2/r2-impossible-advice-0-320-200-light.png	/home/user/yolo-web/tmp/t5-5b-r2/r2-impossible-advice-0-320-200-light.png	848424
tmp-records/t5-5b-r2/r2-impossible-advice-0-375-100-dark.png	/home/user/yolo-web/tmp/t5-5b-r2/r2-impossible-advice-0-375-100-dark.png	367286
tmp-records/t5-5b-r2/r2-impossible-advice-0-375-100-light.png	/home/user/yolo-web/tmp/t5-5b-r2/r2-impossible-advice-0-375-100-light.png	364086
tmp-records/t5-5b-r2/r2-kanji-level-0-320-200-light.png	/home/user/yolo-web/tmp/t5-5b-r2/r2-kanji-level-0-320-200-light.png	468643
tmp-records/t5-5b-r2/r2-kanji-level-0-375-100-dark.png	/home/user/yolo-web/tmp/t5-5b-r2/r2-kanji-level-0-375-100-dark.png	218211
tmp-records/t5-5b-r2/r2-kanji-level-0-375-100-light.png	/home/user/yolo-web/tmp/t5-5b-r2/r2-kanji-level-0-375-100-light.png	210744
tmp-records/t5-5b-r2/r2-kotowaza-level-0-320-200-light.png	/home/user/yolo-web/tmp/t5-5b-r2/r2-kotowaza-level-0-320-200-light.png	480968
tmp-records/t5-5b-r2/r2-kotowaza-level-0-375-100-dark.png	/home/user/yolo-web/tmp/t5-5b-r2/r2-kotowaza-level-0-375-100-dark.png	218245
tmp-records/t5-5b-r2/r2-kotowaza-level-0-375-100-light.png	/home/user/yolo-web/tmp/t5-5b-r2/r2-kotowaza-level-0-375-100-light.png	215043
tmp-records/t5-5b-r2/r2-recommendation.json	/home/user/yolo-web/tmp/t5-5b-r2/r2-recommendation.json	14475
tmp-records/t5-5b-r2/r2-traditional-color-0-320-200-light.png	/home/user/yolo-web/tmp/t5-5b-r2/r2-traditional-color-0-320-200-light.png	897234
tmp-records/t5-5b-r2/r2-traditional-color-0-375-100-dark.png	/home/user/yolo-web/tmp/t5-5b-r2/r2-traditional-color-0-375-100-dark.png	400014
tmp-records/t5-5b-r2/r2-traditional-color-0-375-100-light.png	/home/user/yolo-web/tmp/t5-5b-r2/r2-traditional-color-0-375-100-light.png	385308
tmp-records/t5-5b-r2/r2-traditional-color-0-375-100-light_375x900+0+1500.jpg	/home/user/yolo-web/tmp/t5-5b-r2/r2-traditional-color-0-375-100-light_375x900+0+1500.jpg	57873
tmp-records/t5-5b-r2/r2-traditional-color-1-320-200-light.png	/home/user/yolo-web/tmp/t5-5b-r2/r2-traditional-color-1-320-200-light.png	894163
tmp-records/t5-5b-r2/r2-traditional-color-1-375-100-dark.png	/home/user/yolo-web/tmp/t5-5b-r2/r2-traditional-color-1-375-100-dark.png	402519
tmp-records/t5-5b-r2/r2-traditional-color-1-375-100-light.png	/home/user/yolo-web/tmp/t5-5b-r2/r2-traditional-color-1-375-100-light.png	386571
tmp-records/t5-5b-r2/r2-traditional-color-1-375-100-light_375x700+0+1950.jpg	/home/user/yolo-web/tmp/t5-5b-r2/r2-traditional-color-1-375-100-light_375x700+0+1950.jpg	40139
tmp-records/t5-5b-r2/r2-word-sense-personality-0-320-200-light.png	/home/user/yolo-web/tmp/t5-5b-r2/r2-word-sense-personality-0-320-200-light.png	1200709
tmp-records/t5-5b-r2/r2-word-sense-personality-0-375-100-dark.png	/home/user/yolo-web/tmp/t5-5b-r2/r2-word-sense-personality-0-375-100-dark.png	545739
tmp-records/t5-5b-r2/r2-word-sense-personality-0-375-100-light.png	/home/user/yolo-web/tmp/t5-5b-r2/r2-word-sense-personality-0-375-100-light.png	530877
tmp-records/t5-5b-r2/r2-yoji-level-0-320-200-light.png	/home/user/yolo-web/tmp/t5-5b-r2/r2-yoji-level-0-320-200-light.png	472218
tmp-records/t5-5b-r2/r2-yoji-level-0-375-100-dark.png	/home/user/yolo-web/tmp/t5-5b-r2/r2-yoji-level-0-375-100-dark.png	218133
tmp-records/t5-5b-r2/r2-yoji-level-0-375-100-light.png	/home/user/yolo-web/tmp/t5-5b-r2/r2-yoji-level-0-375-100-light.png	212246
tmp-records/t5-5b-r2/r2-yoji-personality-0-320-200-light.png	/home/user/yolo-web/tmp/t5-5b-r2/r2-yoji-personality-0-320-200-light.png	876588
tmp-records/t5-5b-r2/r2-yoji-personality-0-375-100-dark.png	/home/user/yolo-web/tmp/t5-5b-r2/r2-yoji-personality-0-375-100-dark.png	394116
tmp-records/t5-5b-r2/r2-yoji-personality-0-375-100-light.png	/home/user/yolo-web/tmp/t5-5b-r2/r2-yoji-personality-0-375-100-light.png	379038
tmp-records/t5-5b-r2/r2-yoji-personality-0-375-100-light_375x900+0+1500.jpg	/home/user/yolo-web/tmp/t5-5b-r2/r2-yoji-personality-0-375-100-light_375x900+0+1500.jpg	51293
tmp-records/t5-5b-rv2/c-kl-375.jpg	/home/user/yolo-web/tmp/t5-5b-rv2/c-kl-375.jpg	60256
tmp-records/t5-5b-rv2/c-tc-1280.jpg	/home/user/yolo-web/tmp/t5-5b-rv2/c-tc-1280.jpg	63770
tmp-records/t5-5b-rv2/c-tc-320.jpg	/home/user/yolo-web/tmp/t5-5b-rv2/c-tc-320.jpg	48825
tmp-records/t5-5b-rv2/c-yp-dark.jpg	/home/user/yolo-web/tmp/t5-5b-rv2/c-yp-dark.jpg	40944
tmp-records/t5-5b-rv2/character-personality-0-320-200.png	/home/user/yolo-web/tmp/t5-5b-rv2/character-personality-0-320-200.png	1503579
tmp-records/t5-5b-rv2/character-personality-0-375-dark.png	/home/user/yolo-web/tmp/t5-5b-rv2/character-personality-0-375-dark.png	681293
tmp-records/t5-5b-rv2/character-personality-0-375.png	/home/user/yolo-web/tmp/t5-5b-rv2/character-personality-0-375.png	642874
tmp-records/t5-5b-rv2/impossible-advice-0-320-200.png	/home/user/yolo-web/tmp/t5-5b-rv2/impossible-advice-0-320-200.png	854407
tmp-records/t5-5b-rv2/impossible-advice-0-375-dark.png	/home/user/yolo-web/tmp/t5-5b-rv2/impossible-advice-0-375-dark.png	370382
tmp-records/t5-5b-rv2/impossible-advice-0-375.png	/home/user/yolo-web/tmp/t5-5b-rv2/impossible-advice-0-375.png	368555
tmp-records/t5-5b-rv2/kanji-level-0-1280.png	/home/user/yolo-web/tmp/t5-5b-rv2/kanji-level-0-1280.png	274745
tmp-records/t5-5b-rv2/kanji-level-0-320-200.png	/home/user/yolo-web/tmp/t5-5b-rv2/kanji-level-0-320-200.png	470916
tmp-records/t5-5b-rv2/kanji-level-0-375-dark.png	/home/user/yolo-web/tmp/t5-5b-rv2/kanji-level-0-375-dark.png	218971
tmp-records/t5-5b-rv2/kanji-level-0-375.png	/home/user/yolo-web/tmp/t5-5b-rv2/kanji-level-0-375.png	213147
tmp-records/t5-5b-rv2/results-1280.json	/home/user/yolo-web/tmp/t5-5b-rv2/results-1280.json	3906
tmp-records/t5-5b-rv2/results-320-200.json	/home/user/yolo-web/tmp/t5-5b-rv2/results-320-200.json	3931
tmp-records/t5-5b-rv2/results-375-dark.json	/home/user/yolo-web/tmp/t5-5b-rv2/results-375-dark.json	3919
tmp-records/t5-5b-rv2/results-375.json	/home/user/yolo-web/tmp/t5-5b-rv2/results-375.json	10320
tmp-records/t5-5b-rv2/storybook-375.png	/home/user/yolo-web/tmp/t5-5b-rv2/storybook-375.png	150719
tmp-records/t5-5b-rv2/traditional-color-0-1280.png	/home/user/yolo-web/tmp/t5-5b-rv2/traditional-color-0-1280.png	488928
tmp-records/t5-5b-rv2/traditional-color-0-320-200.png	/home/user/yolo-web/tmp/t5-5b-rv2/traditional-color-0-320-200.png	899345
tmp-records/t5-5b-rv2/traditional-color-0-375-dark.png	/home/user/yolo-web/tmp/t5-5b-rv2/traditional-color-0-375-dark.png	398766
tmp-records/t5-5b-rv2/traditional-color-0-375.png	/home/user/yolo-web/tmp/t5-5b-rv2/traditional-color-0-375.png	386943
tmp-records/t5-5b-rv2/traditional-color-1-320-200.png	/home/user/yolo-web/tmp/t5-5b-rv2/traditional-color-1-320-200.png	896381
tmp-records/t5-5b-rv2/traditional-color-1-375-dark.png	/home/user/yolo-web/tmp/t5-5b-rv2/traditional-color-1-375-dark.png	403722
tmp-records/t5-5b-rv2/traditional-color-1-375.png	/home/user/yolo-web/tmp/t5-5b-rv2/traditional-color-1-375.png	389163
tmp-records/t5-5b-rv2/traditional-color-2-320-200.png	/home/user/yolo-web/tmp/t5-5b-rv2/traditional-color-2-320-200.png	881188
tmp-records/t5-5b-rv2/traditional-color-2-375-dark.png	/home/user/yolo-web/tmp/t5-5b-rv2/traditional-color-2-375-dark.png	405537
tmp-records/t5-5b-rv2/traditional-color-2-375.png	/home/user/yolo-web/tmp/t5-5b-rv2/traditional-color-2-375.png	390408
tmp-records/t5-5b-rv2/traditional-color-3-320-200.png	/home/user/yolo-web/tmp/t5-5b-rv2/traditional-color-3-320-200.png	890589
tmp-records/t5-5b-rv2/traditional-color-3-375-dark.png	/home/user/yolo-web/tmp/t5-5b-rv2/traditional-color-3-375-dark.png	396849
tmp-records/t5-5b-rv2/traditional-color-3-375.png	/home/user/yolo-web/tmp/t5-5b-rv2/traditional-color-3-375.png	394113
tmp-records/t5-5b-rv2/word-sense-personality-0-320-200.png	/home/user/yolo-web/tmp/t5-5b-rv2/word-sense-personality-0-320-200.png	1203047
tmp-records/t5-5b-rv2/word-sense-personality-0-375-dark.png	/home/user/yolo-web/tmp/t5-5b-rv2/word-sense-personality-0-375-dark.png	568995
tmp-records/t5-5b-rv2/word-sense-personality-0-375.png	/home/user/yolo-web/tmp/t5-5b-rv2/word-sense-personality-0-375.png	543329
tmp-records/t5-5b-rv2/yoji-personality-0-1280.png	/home/user/yolo-web/tmp/t5-5b-rv2/yoji-personality-0-1280.png	477451
tmp-records/t5-5b-rv2/yoji-personality-0-320-200.png	/home/user/yolo-web/tmp/t5-5b-rv2/yoji-personality-0-320-200.png	871128
tmp-records/t5-5b-rv2/yoji-personality-0-375-dark.png	/home/user/yolo-web/tmp/t5-5b-rv2/yoji-personality-0-375-dark.png	397270
tmp-records/t5-5b-rv2/yoji-personality-0-375.png	/home/user/yolo-web/tmp/t5-5b-rv2/yoji-personality-0-375.png	388060
tmp-records/t5-5b-rv3/cf-ref-375-crop.png	/home/user/yolo-web/tmp/t5-5b-rv3/cf-ref-375-crop.png	252462
tmp-records/t5-5b-rv3/cf-ref-375.png	/home/user/yolo-web/tmp/t5-5b-rv3/cf-ref-375.png	509434
tmp-records/t5-5b-rv3/cp-1280.png	/home/user/yolo-web/tmp/t5-5b-rv3/cp-1280.png	749184
tmp-records/t5-5b-rv3/cp-375.png	/home/user/yolo-web/tmp/t5-5b-rv3/cp-375.png	655785
tmp-records/t5-5b-rv3/jc-375-crop.png	/home/user/yolo-web/tmp/t5-5b-rv3/jc-375-crop.png	64073
tmp-records/t5-5b-rv3/jc-375.png	/home/user/yolo-web/tmp/t5-5b-rv3/jc-375.png	327898
tmp-records/t5-5b-rv3/kanji-320-big.png	/home/user/yolo-web/tmp/t5-5b-rv3/kanji-320-big.png	475398
tmp-records/t5-5b-rv3/sci-1280-dark-crop.png	/home/user/yolo-web/tmp/t5-5b-rv3/sci-1280-dark-crop.png	345296
tmp-records/t5-5b-rv3/sci-1280-dark.png	/home/user/yolo-web/tmp/t5-5b-rv3/sci-1280-dark.png	722092
tmp-records/t5-5b-rv3/sci-320-big-crop.png	/home/user/yolo-web/tmp/t5-5b-rv3/sci-320-big-crop.png	109381
tmp-records/t5-5b-rv3/sci-320-big.png	/home/user/yolo-web/tmp/t5-5b-rv3/sci-320-big.png	1300856
tmp-records/t5-5b-rv3/sci-375.png	/home/user/yolo-web/tmp/t5-5b-rv3/sci-375.png	581954
tmp-records/t5-5b-rv3/tc-375.png	/home/user/yolo-web/tmp/t5-5b-rv3/tc-375.png	390530
tmp-records/t5-5b-rv4/cp-375-900.png	/home/user/yolo-web/tmp/t5-5b-rv4/cp-375-900.png	171069
tmp-records/t5-5b-rv4/cp-375.png	/home/user/yolo-web/tmp/t5-5b-rv4/cp-375.png	653922
tmp-records/t5-5b-rv4/sci-375-0.png	/home/user/yolo-web/tmp/t5-5b-rv4/sci-375-0.png	125506
tmp-records/t5-5b-rv4/sci-375-2950.png	/home/user/yolo-web/tmp/t5-5b-rv4/sci-375-2950.png	92883
tmp-records/t5-5b-rv4/sci-375.png	/home/user/yolo-web/tmp/t5-5b-rv4/sci-375.png	568891
tmp-records/t5-5b-rv5/character-fortune-375.png	/home/user/yolo-web/tmp/t5-5b-rv5/character-fortune-375.png	519364
tmp-records/t5-5b-rv5/character-personality-375.png	/home/user/yolo-web/tmp/t5-5b-rv5/character-personality-375.png	643009
tmp-records/t5-5b-rv5/kanji-level-375.png	/home/user/yolo-web/tmp/t5-5b-rv5/kanji-level-375.png	214764
tmp-records/t5-5b-rv5/science-thinking-375.png	/home/user/yolo-web/tmp/t5-5b-rv5/science-thinking-375.png	596556
tmp-records/t5-5b-rv5/science-thinking-extra-375.png	/home/user/yolo-web/tmp/t5-5b-rv5/science-thinking-extra-375.png	65060
tmp-records/t5-5b-rv5/science-thinking-top-375.png	/home/user/yolo-web/tmp/t5-5b-rv5/science-thinking-top-375.png	86953
tmp-records/t5-5b-rv5/traditional-color-375.png	/home/user/yolo-web/tmp/t5-5b-rv5/traditional-color-375.png	400116
tmp-records/t5-5b/summary.txt	/home/user/yolo-web/tmp/t5-5b/summary.txt	70700
tmp-records/t529.patch	/home/user/yolo-web/tmp/t529.patch	11556
